ID,genome1,genome2,species1,species2,taxonomic_group,timetree_div,raw,k2p,k3p,jc,intersection_km2
5374,GCA_031893025.1,GCA_044628515.1,Leptodactylus fuscus,Leptodactylus mystaceus,Amphibia,19.31873,1.24e-05,6.76e-06,6.23e-06,1.24e-05,3779087.67048698
5404,GCA_037367395.1,GCA_037952835.1,Lithobates pipiens,Lithobates septentrionalis,Amphibia,26.581265,5.32e-05,2.56e-05,2.3e-05,5.32e-05,
5412,GCA_046271125.1,GCA_046270745.1,Osteocephalus leprieurii,Osteocephalus oophagus,Amphibia,11.230585,4.13e-07,2.18e-07,2e-07,4.13e-07,1174353.10258661
5414,GCF_036172605.1,GCA_933207985.1,Pelobates fuscus,Pelobates cultripes,Amphibia,12.1,0.000381253,0.000179732,0.000161328,0.00038135,0.0
5426,GCA_044758445.1,GCA_047292515.1,Sclerophrys asmarae,Sclerophrys steindachneri,Amphibia,23.12399,2.26e-06,1.27e-06,1.17e-06,2.26e-06,0.0
5427,GCA_044758445.1,GCA_044758605.1,Sclerophrys asmarae,Sclerophrys regularis,Amphibia,23.12399,2.45e-06,1.2e-06,1.09e-06,2.45e-06,166241.264442653
5432,GCF_027358695.1,GCA_029215755.1,Spea bombifrons,Spea hammondii,Amphibia,8.49346,0.003085392,0.001558924,0.001422334,0.003091756,0.0
5433,GCF_027358695.1,GCA_009364415.1,Spea bombifrons,Spea multiplicata,Amphibia,18.95,0.000316639,0.000158032,0.000144004,0.000316706,998453.103378229
5445,GCA_027497715.1,GCA_025728005.1,Accipiter nisus,Accipiter virgatus,Aves,6.92082,0.018950051,0.011975541,0.011339893,0.019193565,511671.034118914
5446,GCA_037013685.1,GCA_002849675.1,Acridotheres tristis,Acridotheres javanicus,Aves,3.14735,0.00441833,0.002642467,0.002494688,0.004431396,0.0
5448,GCA_021534815.1,GCA_045783595.1,Acrocephalus arundinaceus,Acrocephalus melanopogon,Aves,10.61,0.019458573,0.012050451,0.011406571,0.01971545,1051528.40660501
5455,GCA_045783595.1,GCA_045787745.1,Acrocephalus melanopogon,Acrocephalus paludicola,Aves,3.59345,0.010656147,0.006718386,0.006373944,0.010732574,6.87922154910469
5457,GCA_025331215.1,GCA_024336885.1,Actenoides lindsayi,Actenoides hombroni,Aves,6.10007,0.010047138,0.006419675,0.006090238,0.010115042,0.0
5458,GCA_045788345.1,GCA_045783455.1,Actitis hypoleucos,Actitis macularius,Aves,10.3,0.01249988,0.007953848,0.007539818,0.012605217,0.0
5496,GCA_024635365.1,GCA_032270905.1,Aix galericulata,Aix sponsa,Aves,7.46,0.002951464,0.001822088,0.00172125,0.002957286,0.0
5497,GCA_045785045.1,GCA_033439885.1,Alcedo atthis,Alcedo semitorquata,Aves,4.0254,0.004938035,0.002902016,0.002723408,0.004954362,0.0
5498,GCA_045785045.1,GCA_033439865.1,Alcedo atthis,Alcedo quadribrachys,Aves,4.0254,0.004637819,0.002726959,0.002559457,0.004652218,0.0
5500,GCA_035666275.1,GCA_030625065.1,Alectoris chukar,Alectoris magna,Aves,4.42352,0.003504414,0.002217147,0.002120187,0.003512627,107551.054404024
5501,GCA_035666275.1,GCA_038994595.1,Alectoris chukar,Alectoris rufa,Aves,5.085555,0.007323834,0.004759395,0.004553156,0.007359828,0.0
5656,GCA_043789995.1,GCA_008711295.1,Anarhynchus nivosus,Anarhynchus alexandrinus,Aves,7.65054,0.011281871,0.007332851,0.006980635,0.011367586,
5711,GCA_032165215.1,GCA_038406475.1,Anas bernieri,Anas carolinensis,Aves,5.868165,0.009043501,0.005901342,0.005618988,0.009098467,0.0
5719,GCA_032357685.1,GCA_038406075.1,Anas capensis,Anas aucklandica,Aves,5.13895,0.001183465,0.000753356,0.000715016,0.0011844,0.0
5725,GCA_964211835.1,GCA_964034855.1,Anser anser,Anser brachyrhynchus,Aves,0.68438,0.004959304,0.003232637,0.003087499,0.004975773,12444.2138261665
5728,GCA_964034855.1,GCA_049942495.1,Anser brachyrhynchus,Anser albifrons,Aves,0.68438,0.004346426,0.002816793,0.002689604,0.004359069,0.0
5729,GCA_045784945.1,GCA_045783175.1,Anthus petrosus,Anthus godlewskii,Aves,12.69352,0.029884829,0.01786365,0.016763589,0.030496536,0.0
5730,GCA_045784945.1,GCA_045782245.1,Anthus petrosus,Anthus campestris,Aves,12.69352,0.02046955,0.012227165,0.011479977,0.020754074,6612.6638719793
5732,GCF_041296385.1,GCA_028536675.1,Aphelocoma coerulescens,Aphelocoma californica,Aves,4.15508,0.002801524,0.001735111,0.001643857,0.002806769,0.0
5733,GCF_041296385.1,GCA_048182245.1,Aphelocoma coerulescens,Aphelocoma insularis,Aves,4.15508,0.00442966,0.002745347,0.002601097,0.004442793,
5738,GCA_010087175.1,GCF_000699145.1,Aptenodytes patagonicus,Aptenodytes forsteri,Aves,13.5,0.003290971,0.002190997,0.002097377,0.003298213,0.0
5739,GCF_036417845.1,GCA_003342985.1,Apteryx mantelli,Apteryx haastii,Aves,13.43223,0.007933616,0.005707732,0.005517626,0.007975876,0.0
5740,GCF_036417845.1,GCA_003342965.1,Apteryx mantelli,Apteryx owenii,Aves,13.43223,0.008147428,0.005878644,0.005684168,0.008192004,0.0
5745,GCF_020740795.1,GCA_045787225.1,Apus apus,Apus caffer,Aves,3.03582,0.008195006,0.004998795,0.00471341,0.008240107,69047.3277974616
5746,GCF_020740795.1,GCA_045782545.1,Apus apus,Apus affinis,Aves,3.03582,0.01593549,0.009746717,0.009180686,0.01610722,1326310.39652468
5773,GCA_010014725.2,GCA_026284625.1,Ara chloropterus,Ara ambiguus,Aves,3.61441,1.69e-06,9.4e-07,8.73e-07,1.69e-06,46576.3600809627
5785,GCA_024363045.1,GCA_026284485.1,Aratinga maculata,Aratinga jandaya,Aves,1.29056,0.006703403,0.004421087,0.004210821,0.006733539,0.0
5787,GCA_024363045.1,GCA_026284685.1,Aratinga maculata,Aratinga auricapillus,Aves,1.29056,0.000183972,0.000119695,0.000114341,0.000183995,0.0
5791,GCA_035583995.1,GCA_035583215.1,Arremon aurantiirostris,Arremon brunneinucha,Aves,6.942525,0.020969519,0.01297962,0.012248035,0.021268247,54148.6687760886
5792,GCA_029042245.1,GCA_042478095.1,Aythya marila,Aythya ferina,Aves,3.18423,0.00802605,0.005250339,0.005011165,0.008069303,1209686.20007311
5793,GCA_029042245.1,GCF_009819795.1,Aythya marila,Aythya fuligula,Aves,2.37746,0.004564023,0.002902968,0.002773313,0.004577967,5546710.30444574
5798,GCA_041731235.1,GCA_034782575.1,Brotogeris cyanoptera,Brotogeris tirica,Aves,6.3826,0.000229483,0.000152534,0.000145804,0.000229519,0.0
5815,GCA_040967635.1,GCA_041108845.1,Brotogeris sanctithomae,Brotogeris chiriri,Aves,3.27362,1.16e-07,7.24e-08,6.84e-08,1.16e-07,32474.6710825944
5819,GCA_965212795.1,GCA_010303855.1,Bubo scandiacus,Bubo bubo,Aves,31.15372,0.00828048,0.005310179,0.005049894,0.00832653,84097.5988714956
5820,GCA_965212795.1,GCA_044758155.1,Bubo scandiacus,Bubo virginianus,Aves,31.15372,0.000343214,0.00021477,0.000203888,0.000343292,56891.7019847096
5821,GCA_009769605.1,GCA_042477495.1,Bucorvus abyssinicus,Bucorvus leadbeateri,Aves,12.91,0.004693026,0.002855749,0.00271918,0.00470777,23276.3814206257
5847,GCA_026930665.1,GCA_026937345.1,Buteo albigula,Buteo jamaicensis,Aves,3.1,0.002874821,0.001844534,0.001756351,0.002880345,0.0
5861,GCA_025435075.1,GCA_027564555.1,Buteo lineatus,Buteo swainsoni,Aves,4.88,0.000664212,0.000440873,0.000421511,0.000664506,59427.8368375444
5868,GCA_047291935.1,GCA_047291975.1,Bycanistes brevis,Bycanistes subcylindricus,Aves,5.16,0.000118734,8.36e-05,8.05e-05,0.000118743,2152.23579581895
5878,GCA_031762475.1,GCA_025448155.1,Cacatua sulphurea,Cacatua ducorpsii,Aves,9.37409,0.002802399,0.00189932,0.001819381,0.002807647,
5894,GCA_030265285.1,GCA_046039615.1,Cacatua sanguinea,Cacatua haematuropygia,Aves,5.51382,1.99e-05,1.26e-05,1.19e-05,1.99e-05,0.0
5897,GCA_039654755.1,GCA_013397715.1,Calcarius lapponicus,Calcarius ornatus,Aves,3.09697,0.017072169,0.010303,0.009705077,0.017269475,0.0
5923,GCA_033628465.1,GCA_045783535.1,Calidris alpina,Calidris maritima,Aves,17.08872,0.010577004,0.007007865,0.006691336,0.010652295,833926.477526275
5937,GCA_045787265.1,GCA_045783555.1,Calidris fuscicollis,Calidris subruficollis,Aves,20.1,0.01337602,0.00878554,0.008373759,0.013496737,490240.945544434
5943,GCF_009819885.2,GCA_013398975.1,Catharus ustulatus,Catharus fuscescens,Aves,4.73,0.013003089,0.008370662,0.007962135,0.013117129,48744.9220799322
5944,GCF_009819885.2,GCA_021437185.1,Catharus ustulatus,Catharus minimus,Aves,4.73,0.009954412,0.006463233,0.006159015,0.010021063,3220.51455018105
5949,GCA_005890655.1,GCF_019232065.1,Centrocercus minimus,Centrocercus urophasianus,Aves,1.44118,0.006070221,0.002006417,0.001890111,0.006094919,9676.39806092295
5950,GCA_013400355.1,GCA_013398575.1,Certhia brachydactyla,Certhia familiaris,Aves,3.00881,0.009316789,0.005523546,0.005184905,0.009375141,1381067.55838861
5952,GCA_027564115.1,GCA_027560035.1,Ceyx argentatus,Ceyx erithaca,Aves,4.37085,0.004717863,0.002803645,0.002634485,0.004732764,0.0
5959,GCA_027560035.1,GCA_013401355.1,Ceyx erithaca,Ceyx cyanopectus,Aves,4.37085,0.002296244,0.001369693,0.001288043,0.002299766,0.0
5961,GCF_000708025.1,GCA_033628625.1,Charadrius vociferus,Charadrius hiaticula,Aves,15.97054,0.016537059,0.01051139,0.009954571,0.0167221,0.0
5962,GCA_027560015.1,GCA_027560095.1,Chloroceryle amazona,Chloroceryle inda,Aves,8.09066,0.010561322,0.006291368,0.005899495,0.010636388,8482455.47415266
5963,GCA_027560015.1,GCA_013399075.1,Chloroceryle amazona,Chloroceryle aenea,Aves,8.09066,0.013359087,0.007887501,0.007383905,0.013479496,8973412.48715153
5965,GCA_035048045.1,GCA_035047885.1,Chlorospingus semifuscus,Chlorospingus flavigularis,Aves,6.17763,0.014344334,0.009138807,0.008665754,0.014483282,22223.7157480146
5966,GCF_963924245.1,GCA_013397655.1,Chroicocephalus ridibundus,Chroicocephalus maculipennis,Aves,1.2,0.003687679,0.002393543,0.002281406,0.003696774,
5967,GCF_963924245.1,GCA_045788085.1,Chroicocephalus ridibundus,Chroicocephalus genei,Aves,2.63539,0.006650124,0.004404852,0.004210059,0.006679782,
5969,GCA_037305975.1,GCA_036784685.1,Chrysolophus pictus,Chrysolophus amherstiae,Aves,2.052445,0.008547277,0.005846352,0.005622983,0.008596354,146657.135806387
5970,GCF_034638445.1,GCA_030584885.1,Ciconia boyciana,Ciconia ciconia,Aves,3.85335,0.002892796,0.001856668,0.00176843,0.002898389,0.0
5971,GCF_034638445.1,GCA_027574825.1,Ciconia boyciana,Ciconia nigra,Aves,8.37548,0.013885909,0.008956997,0.008504667,0.014016064,456990.00184188
5988,GCA_045785005.1,GCA_027580095.1,Circus cyaneus,Circus hudsonius,Aves,1.3,0.002190354,0.001301961,0.001227738,0.002193559,0.0
6002,GCA_027580095.1,GCA_032274325.1,Circus hudsonius,Circus macrosceles,Aves,6.6,6.34e-07,3.75e-07,3.53e-07,6.34e-07,0.0
6006,GCF_036013475.1,GCA_965250375.1,Columba livia,Columba palumbus,Aves,15.0,0.01564212,0.010170327,0.009669456,0.015807541,4879932.86583109
6007,GCA_965250375.1,GCA_032206185.1,Columba palumbus,Columba guinea,Aves,15.0,0.014337373,0.00927845,0.00881665,0.014476186,0.0
6018,GCF_017639235.1,GCA_014363025.1,Corvus kubaryi,Corvus macrorhynchos,Aves,2.13,0.002011732,0.001318633,0.001260597,0.002014434,0.0
6020,GCF_017639235.1,GCA_045782155.1,Corvus kubaryi,Corvus corax,Aves,7.51917,0.002055013,0.001367913,0.001308288,0.002057833,0.0
6024,GCA_024611155.1,GCA_027564255.1,Corythornis cristatus,Corythornis leucogaster,Aves,4.6742,0.002525952,0.001480515,0.001390052,0.002530215,2707358.74155993
6025,GCA_027576695.1,GCA_027576295.1,Cossypha archeri,Cossypha polioptera,Aves,4.11,0.000327075,0.000197978,0.00018629,0.000327146,
6026,GCA_027576695.1,GCA_027575645.1,Cossypha archeri,Cossypha caffra,Aves,2.71,0.000219866,0.000134211,0.000126435,0.000219898,
6029,GCA_019593555.1,GCA_036346035.1,Crossoptilon mantchuricum,Crossoptilon crossoptilon,Aves,3.20842,0.006254048,0.004253861,0.004086602,0.006280269,0.0
6030,GCA_045784985.1,GCA_045787085.1,Curruca cantillans,Curruca ruppeli,Aves,4.395455,0.008559621,0.005401863,0.005129993,0.00860884,107035.333882954
6031,GCA_045784985.1,GCA_045784925.1,Curruca cantillans,Curruca communis,Aves,4.37495,0.00761167,0.004800948,0.004554564,0.007650558,816366.02961856
6033,GCA_046129655.1,GCA_026167965.1,Cyanocitta cristata,Cyanocitta stelleri,Aves,8.130745,0.008098426,0.005119099,0.004860339,0.008142466,67902.6011740848
6034,GCA_025629965.1,GCA_040967585.1,Cyanoramphus novaezelandiae,Cyanoramphus saisseti,Aves,1.73618,0.000358228,0.000237212,0.000226878,0.000358313,
6036,GCF_009769625.2,GCA_014362685.1,Cygnus olor,Cygnus cygnus,Aves,14.72,0.007932571,0.005286899,0.00505946,0.00797482,1512458.03626057
6038,GCF_013377495.2,GCA_014362685.1,Cygnus atratus,Cygnus cygnus,Aves,14.72,0.007971007,0.005349248,0.005118265,0.008013667,0.0
6039,GCA_045783995.1,GCA_037837765.1,Delichon urbicum,Delichon dasypus,Aves,6.15845,0.006664775,0.004145033,0.003929847,0.006694564,233707.669753507
6040,GCA_013399195.1,GCA_041107855.1,Dicrurus megarhynchus,Dicrurus atripennis,Aves,11.25758,0.0146151,0.009336323,0.008850991,0.014759378,0.0
6041,GCA_019023105.1,GCA_035048125.1,Diglossa brunneiventris,Diglossa cyanea,Aves,7.82537,0.014872458,0.009140027,0.008639897,0.015021897,84189.8202630811
6042,GCA_024865655.1,GCA_013398835.1,Emberiza elegans,Emberiza fucata,Aves,9.911125,0.018476537,0.010978944,0.010305177,0.018707934,1835315.20906332
6043,GCA_024865655.1,GCA_045783115.1,Emberiza elegans,Emberiza calandra,Aves,9.911125,0.027721056,0.016410259,0.015385896,0.028246345,0.0
6048,GCF_003031625.1,GCA_023644505.1,Empidonax traillii,Empidonax alnorum,Aves,1.702575,0.009052658,0.005953672,0.00568327,0.009107736,1298207.92642494
6050,GCA_024363085.1,GCA_046245015.1,Eos semilarvata,Eos cyanogenia,Aves,1.46102,7.02e-07,4.77e-07,4.57e-07,7.02e-07,0.0
6052,GCA_010084205.1,GCA_010085365.1,Eudyptes chrysolophus,Eudyptes filholi,Aves,1.8,0.00416135,0.002841031,0.00273051,0.004172938,
6053,GCA_010084205.1,GCA_010080425.1,Eudyptes chrysolophus,Eudyptes schlegeli,Aves,1.4,0.001914866,0.001295074,0.001244839,0.001917315,0.0
6060,GCA_011317185.2,GCA_026284725.1,Eupsittula pertinax,Eupsittula canicularis,Aves,6.70383,0.000255583,0.000174625,0.00016752,0.000255627,0.0
6067,GCA_026284725.1,GCA_026283745.1,Eupsittula canicularis,Eupsittula aurea,Aves,5.93849,0.000132307,9.2e-05,8.84e-05,0.000132319,0.0
6226,GCA_024430995.1,GCA_035590425.1,Falco tinnunculus,Falco rupicolus,Aves,1.66,0.002006742,0.001252477,0.001188135,0.002009432,
6411,GCA_045787805.1,GCA_032274425.1,Falco eleonorae,Falco moluccensis,Aves,6.28968,0.00161221,0.001017824,0.0009659,0.001613945,0.0
6420,GCF_000247815.1,GCA_045784345.1,Ficedula albicollis,Ficedula hypoleuca,Aves,1.85,0.003981581,0.002391835,0.00225451,0.003992187,1675844.53494845
6421,GCF_000247815.1,GCA_040366035.1,Ficedula albicollis,Ficedula hyperythra,Aves,27.61082571,0.007752942,0.004732863,0.004463419,0.007793292,0.0
6435,GCA_032466535.1,GCA_034782915.1,Forpus xanthops,Forpus coelestis,Aves,1.51908,5.87e-08,3.59e-08,3.45e-08,5.87e-08,0.0
6451,GCA_032353375.1,GCA_032466695.1,Forpus cyanopygius,Forpus crassirostris,Aves,4.907215,3.41e-07,2.1e-07,1.99e-07,3.41e-07,
6454,GCA_947846985.1,GCA_014363165.1,Fratercula arctica,Fratercula cirrhata,Aves,5.75,0.003454358,0.002371896,0.002278959,0.003462338,0.0
6455,GCA_013397465.1,GCA_041053205.1,Furnarius figulus,Furnarius rufus,Aves,6.260255,0.019108946,0.012142403,0.011494975,0.019356596,997466.344118725
6456,GCA_027564015.1,GCA_025630025.2,Gallinago gallinago,Gallinago media,Aves,17.97304,0.000485061,0.000299044,0.000282559,0.000485218,7610470.85920576
6457,GCA_027564015.1,GCA_027564225.1,Gallinago gallinago,Gallinago stenura,Aves,17.97304,0.005701682,0.003563962,0.003373742,0.005723465,8244611.21331224
6459,GCF_030936135.1,GCA_045787185.1,Gavia stellata,Gavia adamsii,Aves,21.2636,0.020540911,0.012823548,0.01209518,0.02082744,3664835.08438549
6460,GCF_030936135.1,GCA_045838375.1,Gavia stellata,Gavia immer,Aves,21.2636,0.006716255,0.004293477,0.004072923,0.006746508,2973815.41588273
6473,GCA_027560215.1,GCA_024499975.1,Halcyon smyrnensis,Halcyon malimbica,Aves,7.49973,0.011068031,0.006787691,0.006396976,0.011150511,0.0
6480,GCA_024499975.1,GCA_013397595.1,Halcyon malimbica,Halcyon senegalensis,Aves,2.81103,0.007274532,0.004481085,0.004231439,0.007310041,4774437.81187319
6482,GCF_947461875.1,GCF_000737465.1,Haliaeetus albicilla,Haliaeetus leucocephalus,Aves,5.9922,0.001868556,0.001175621,0.001120252,0.001870887,0.0
6483,GCA_027925045.1,GCA_046605145.1,Hypotaenidia okinawae,Hypotaenidia owstoni,Aves,4.93682,0.01082797,0.006604075,0.006235555,0.010906894,
6484,GCA_027559835.1,GCA_033439845.1,Ispidina lecontei,Ispidina picta,Aves,4.5141,0.003157462,0.001875581,0.001762253,0.003164127,2195900.77521008
6486,GCA_020086605.1,GCA_013397235.1,Lanius collurio,Lanius ludovicianus,Aves,24.116452,0.01467653,0.008945879,0.008429486,0.014822032,0.0
6487,GCA_020086605.1,GCA_045782365.1,Lanius collurio,Lanius minor,Aves,9.59,0.012131278,0.007401294,0.006977858,0.012230461,5645168.20636126
6489,GCA_964417175.1,GCA_964199755.1,Larus argentatus,Larus michahellis,Aves,0.01664,0.002087682,0.001356703,0.001295129,0.002090593,14050.9248114539
6490,GCA_029890015.1,GCA_026212995.1,Leucopternis lacernulatus,Leucopternis kuhli,Aves,11.5,2.44e-06,1.56e-06,1.48e-06,2.44e-06,
6493,GCA_030408155.1,GCA_021292215.1,Lophura swinhoii,Lophura nycthemera,Aves,6.49326,0.017303556,0.011055399,0.010594174,0.017506289,0.0
6495,GCA_046563285.1,GCA_043110175.1,Loriculus galgulus,Loriculus vernalis,Aves,1.98684,1.03e-05,6.22e-06,5.85e-06,1.03e-05,4760.10345535872
6504,GCA_025629885.1,GCA_025629905.1,Lorius chlorocercus,Lorius lory,Aves,2.63516,0.000507656,0.000354079,0.000340617,0.000507828,0.0
6505,GCA_025629885.1,GCA_010014925.2,Lorius chlorocercus,Lorius garrulus,Aves,2.83178,0.000366722,0.00025632,0.000246764,0.000366812,0.0
6510,GCA_013398455.1,GCA_035046945.1,Loxia curvirostra,Loxia leucoptera,Aves,1.922505,0.006113833,0.003563148,0.003345318,0.006138889,11116163.3649336
6513,GCA_034336685.1,GCA_034336665.1,Luscinia luscinia,Luscinia megarhynchos,Aves,3.24814,0.011672186,0.00666225,0.00628465,0.011763966,330037.565404495
6514,GCA_034336685.1,GCA_045788495.1,Luscinia luscinia,Luscinia svecica,Aves,11.914015,0.010555252,0.006277436,0.005903031,0.010630232,5918068.5659421
6517,GCF_030028575.1,GCA_013397995.1,Malurus melanocephalus,Malurus elegans,Aves,6.3697,0.020017463,0.012239162,0.011544577,0.020289446,0.0
6524,GCA_013397995.1,GCA_037014315.1,Malurus elegans,Malurus leucopterus,Aves,6.3697,0.019258478,0.011784387,0.0111179,0.019510054,19345.8707277821
6526,GCF_001715985.3,GCF_025592945.1,Manacus vitellinus,Manacus candei,Aves,1.15196,0.006528157,0.00437194,0.004194051,0.006556734,294.524065597921
6528,GCA_035583915.1,GCA_036026335.1,Mareca strepera,Mareca penelope,Aves,5.45,0.008596307,0.005632836,0.005369643,0.008645951,6005132.18318928
6535,GCA_036026335.1,GCA_038382085.1,Mareca penelope,Mareca falcata,Aves,5.45,0.00563535,0.003643729,0.003468361,0.005656628,5881049.58370803
6537,GCA_024611175.1,GCA_024605025.1,Megaceryle torquata,Megaceryle maxima,Aves,5.09401,0.006320231,0.00387355,0.003654437,0.006347012,0.0
6538,GCA_024611175.1,GCA_028565255.1,Megaceryle torquata,Megaceryle alcyon,Aves,1.75618,0.002817106,0.001696257,0.001599012,0.00282241,0.0
6540,GCA_040967475.1,GCA_044758255.1,Megascops asio,Megascops albogularis,Aves,11.42803,0.006504716,0.004299362,0.004107199,0.006533087,0.0
6557,GCA_040967695.1,GCA_041108435.1,Megascops choliba,Megascops watsonii,Aves,11.42803,3.5e-06,2.25e-06,2.15e-06,3.5e-06,5637446.47309716
6561,GCF_026170545.1,GCA_011125475.1,Melanerpes formicivorus,Melanerpes aurifrons,Aves,10.77928,0.016799703,0.010541518,0.009973783,0.016990714,515473.950678161
6562,GCA_029620185.1,GCA_045783435.1,Melanitta fusca,Melanitta perspicillata,Aves,20.72546,0.003713827,0.002447731,0.002339847,0.003723053,0.0
6563,GCA_029620185.1,GCA_048321235.1,Melanitta fusca,Melanitta nigra,Aves,20.72546,0.009358872,0.006181281,0.005899152,0.009417755,2446338.59045211
6565,GCA_045782145.1,GCA_049176355.1,Mergus serrator,Mergus merganser,Aves,2.39763,0.005430507,0.003505646,0.003339174,0.005450262,15196920.7622587
6566,GCA_045783135.1,GCA_045787825.1,Merops apiaster,Merops persicus,Aves,8.29749,0.005865019,0.00363465,0.003439897,0.005888072,1866929.30333611
6567,GCA_034782655.1,GCA_034780635.1,Micrastur ruficollis,Micrastur mirandollei,Aves,7.85,2.56e-05,1.51e-05,1.42e-05,2.56e-05,5192566.52994614
6568,GCA_035590455.1,GCA_035590215.1,Microhierax latifrons,Microhierax caerulescens,Aves,2.86,0.004585002,0.002830867,0.002682912,0.004599074,0.0
6569,GCA_034783455.1,GCA_034782935.1,Micropsitta finschii,Micropsitta keiensis,Aves,3.56624,3.61e-07,1.63e-07,1.46e-07,3.61e-07,0.0
6575,GCA_035041425.1,GCA_013397495.1,Mionectes olivaceus,Mionectes macconnelli,Aves,9.03846639,0.017932639,0.012179699,0.011654343,0.018150505,0.0
6576,GCF_037042795.1,GCF_012460135.2,Molothrus aeneus,Molothrus ater,Aves,0.8782,0.006071718,0.003416463,0.003204242,0.006096428,1224505.81811323
6577,GCA_031468815.1,GCA_041108295.1,Morus bassanus,Morus capensis,Aves,2.5,0.00127985,0.000803057,0.000762298,0.001280943,0.0
6580,GCA_035222195.1,GCA_035040975.1,Myioborus miniatus,Myioborus melanocephalus,Aves,2.66452,0.007633656,0.004672588,0.004413728,0.00767277,132492.01724303
6581,GCA_035041385.1,GCA_035041235.1,Myiothlypis coronata,Myiothlypis chrysogaster,Aves,2.65817,0.008356874,0.00525376,0.004979868,0.008403781,22748.4640381793
6582,GCA_012487455.1,GCA_026109245.1,Nisaetus nipalensis,Nisaetus alboniger,Aves,3.605925,0.005929997,0.003838709,0.003649362,0.005953564,2579.0375361607
6583,GCA_964106895.1,GCA_030770645.1,Numenius arquata,Numenius phaeopus,Aves,21.69296,0.011147239,0.007449439,0.00711852,0.01123091,2361788.70861956
6584,GCF_013368605.1,GCA_013396595.1,Nyctibius grandis,Nyctibius bracteatus,Aves,32.1373,0.020418258,0.013285243,0.012627877,0.020701344,
6585,GCA_013399995.1,GCA_045787145.1,Oenanthe oenanthe,Oenanthe leucopyga,Aves,9.043045,0.015524289,0.009213256,0.008655568,0.015687211,4100.63975200743
6586,GCA_013399995.1,GCA_045783255.1,Oenanthe oenanthe,Oenanthe deserti,Aves,7.35077,0.012782059,0.007574094,0.007116749,0.012892233,1984115.1039571
6588,GCA_013397895.1,GCA_040366195.1,Origma solitaria,Origma robusta,Aves,6.46795,0.018147349,0.011694068,0.011099452,0.018370507,0.0
6589,GCA_010365825.1,GCA_039877175.1,Otus sunia,Otus scops,Aves,12.10615,0.008220323,0.005310467,0.005054658,0.008265705,0.0
6606,GCA_041108355.1,GCA_040967655.1,Otus mirus,Otus lettia,Aves,10.08976,0.005177346,0.003321078,0.003155663,0.005195299,0.0
6610,GCA_013397055.1,GCA_040366215.1,Pachycephala philippinensis,Pachycephala schlegelii,Aves,4.89043,0.011272708,0.007230094,0.00686165,0.011358283,0.0
6611,GCA_044007635.1,GCA_003713215.1,Paradisaea raggiana,Paradisaea rubra,Aves,3.1558,0.004726034,0.003167847,0.003033623,0.004740987,0.0
6612,GCF_036417665.1,GCF_014805655.1,Passer domesticus,Passer montanus,Aves,5.55848,0.014948067,0.008823111,0.008282983,0.01509904,23467367.0093912
6613,GCA_045791835.1,GCA_016647715.1,Pavo cristatus,Pavo muticus,Aves,2.6441,0.005399938,0.003409825,0.003240035,0.005419471,0.0
6614,GCF_034315485.1,GCF_028554395.1,Pezoporus occidentalis,Pezoporus wallicus,Aves,7.10237,0.013597447,0.008801672,0.008374696,0.013722218,0.0
6615,GCA_045783415.1,GCA_013398405.1,Pheucticus ludovicianus,Pheucticus melanocephalus,Aves,2.68911,0.006474266,0.004131206,0.003928873,0.006502372,208614.462174975
6625,GCA_027886175.1,GCA_045786995.1,Phylloscopus collybita,Phylloscopus ibericus,Aves,3.04995,0.004893844,0.002951361,0.002788228,0.004909881,24689.2530195444
6627,GCA_027886175.1,GCA_045788025.1,Phylloscopus collybita,Phylloscopus schwarzi,Aves,10.96369,0.018196709,0.011501652,0.010901841,0.018421093,0.0
6631,GCA_025448055.1,GCA_029814565.1,Pionites leucogaster,Pionites melanocephalus,Aves,2.56685,0.000105127,7.08e-05,6.77e-05,0.000105134,0.0
6642,GCA_965183815.1,GCA_037975005.1,Platalea leucorodia,Platalea minor,Aves,3.29866,0.002237342,0.001423941,0.001358725,0.002240685,14730.7680567165
6643,GCA_017639485.1,GCA_033628385.1,Pluvialis apricaria,Pluvialis squatarola,Aves,10.24949,0.011328915,0.00748097,0.007138095,0.01141535,702534.866790119
6644,GCA_017639485.1,GCA_049000135.1,Pluvialis apricaria,Pluvialis fulva,Aves,10.24949,0.002427802,0.001576823,0.001502543,0.00243174,182681.005609545
6649,GCA_000699545.1,GCA_045784015.1,Podiceps cristatus,Podiceps auritus,Aves,3.966505,0.002716076,0.001711707,0.001622357,0.002721006,5391078.1877473
6650,GCA_000699545.1,GCA_045788365.1,Podiceps cristatus,Podiceps grisegena,Aves,3.57492,0.002248887,0.001422087,0.001348865,0.002252265,6736163.61187294
6652,GCF_030490865.1,GCA_038429875.2,Poecile atricapillus,Poecile montanus,Aves,2.62069,0.010810107,0.006763543,0.006401753,0.01088877,0.0
6662,GCA_031762375.1,GCA_026283825.1,Poicephalus rueppellii,Poicephalus rufiventris,Aves,4.74384,0.00024462,0.000173087,0.000166647,0.000244659,0.0
6668,GCA_020800305.1,GCA_035610475.1,Porphyrio hochstetteri,Porphyrio melanotus,Aves,15.11153,0.003285703,0.00208294,0.001977612,0.003292921,
6669,GCA_024331605.1,GCA_026283845.1,Primolius couloni,Primolius maracana,Aves,3.19315,6.43e-05,4.23e-05,4.04e-05,6.43e-05,0.0
6670,GCA_024331605.1,GCA_026284745.2,Primolius couloni,Primolius auricollis,Aves,3.19315,0.000541591,0.000363973,0.000348621,0.000541787,5373.7649602609
6672,GCA_036583965.1,GCA_013398875.1,Prunella strophiata,Prunella himalayana,Aves,9.39255,0.019813298,0.011606751,0.010907114,0.020079712,15117.2567307944
6673,GCA_036583965.1,GCA_013400715.1,Prunella strophiata,Prunella fulvescens,Aves,3.05056,0.006438422,0.003546389,0.003332608,0.006466216,438083.259830608
6678,GCA_024733675.1,GCA_025447955.1,Psilopsiagon aymara,Psilopsiagon aurifrons,Aves,7.33457,0.002431537,0.001527953,0.001446923,0.002435487,257898.563094513
6688,GCA_032466625.1,GCA_026283705.1,Psittacara rubritorquis,Psittacara chloropterus,Aves,2.14309,1.62e-06,1.03e-06,9.84e-07,1.62e-06,0.0
6707,GCA_963264785.1,GCA_029814625.1,Psittacula echo,Psittacula derbiana,Aves,7.39002,0.004952093,0.003237306,0.003083707,0.004968514,
6728,GCA_030674165.1,GCF_000699105.1,Pygoscelis papua,Pygoscelis adeliae,Aves,13.1,0.008269493,0.005533885,0.005293696,0.008315421,6317.85724272734
6729,GCA_030674165.1,GCA_010078415.1,Pygoscelis papua,Pygoscelis antarcticus,Aves,14.1,0.007919079,0.005320201,0.00509611,0.007961184,8966.46652083138
6786,GCA_026284525.1,GCA_026284565.1,Pyrrhura melanura,Pyrrhura orcesi,Aves,2.36,0.000274851,0.000183545,0.000175741,0.000274901,0.0
6859,GCA_047301405.1,GCA_013399035.1,Quiscalus major,Quiscalus mexicanus,Aves,0.32383,0.00249143,0.00146795,0.001382057,0.002495578,18085.037192456
6862,GCA_965250365.1,GCA_022605955.1,Rallus aquaticus,Rallus limicola,Aves,11.68555,0.007029394,0.004224803,0.003976682,0.007062543,0.0
6868,GCA_013399055.1,GCA_040966975.1,Ramphastos sulfuratus,Ramphastos dicolorus,Aves,3.37,0.003528962,0.002299063,0.002192775,0.003537291,0.0
6894,GCA_040966935.1,GCA_040967755.1,Ramphastos cuvieri,Ramphastos tucanus,Aves,0.28,0.001618811,0.001032552,0.000983782,0.001620561,36301.9673683257
6918,GCF_028389875.1,GCA_003343005.1,Rhea pennata,Rhea americana,Aves,10.66263,0.012766091,0.008643179,0.008284682,0.012875989,41676.0052371069
6919,GCA_013399225.1,GCA_040366135.1,Rhipidura dahli,Rhipidura albolimbata,Aves,11.46767,0.012045785,0.007349378,0.006919033,0.012143567,0.0
6921,GCF_022539315.1,GCA_045787355.1,Serinus canaria,Serinus serinus,Aves,3.2,0.005099568,0.002906188,0.002715994,0.005116984,3572.10233133339
6930,GCA_024362935.1,GCA_045784235.1,Setophaga petechia,Setophaga striata,Aves,1.978,0.000220765,0.000132114,0.000124057,0.000220797,5859210.29919956
6931,GCA_024362935.1,GCA_025769955.1,Setophaga petechia,Setophaga kirtlandii,Aves,3.48611,0.012888413,0.008234257,0.007820594,0.013000439,37706.0109638518
6933,GCA_032173965.1,GCA_013400255.1,Sitta carolinensis,Sitta europaea,Aves,17.76,0.028017516,0.016808695,0.015793677,0.028554247,0.0
6934,GCA_013396465.1,GCA_041221805.1,Smithornis capensis,Smithornis rufolateralis,Aves,4.362415,0.009159349,0.005832898,0.005531146,0.009215737,432882.474576513
6944,GCA_038382005.1,GCA_035221675.1,Spatula versicolor,Spatula smithii,Aves,5.967145,0.011329841,0.007354197,0.006996997,0.01141629,0.0
6946,GCA_038382005.1,GCA_032191525.1,Spatula versicolor,Spatula querquedula,Aves,5.967145,0.004813797,0.003023347,0.002865082,0.004829312,0.0
6950,GCA_027474245.1,GCA_010077935.1,Spheniscus humboldti,Spheniscus demersus,Aves,6.1,0.003011874,0.001973756,0.00188722,0.003017938,0.0
6951,GCA_027474245.1,GCA_010076225.1,Spheniscus humboldti,Spheniscus magellanicus,Aves,6.1,0.003212898,0.002124699,0.002033395,0.003219799,8070.48955115395
6981,GCA_036026295.1,GCA_036873005.1,Spinus olivaceus,Spinus tristis,Aves,5.75,0.012199595,0.006996705,0.006529049,0.012299905,0.0
6995,GCA_034780675.1,GCA_034640395.1,Spinus atriceps,Spinus spinescens,Aves,5.75,1.99e-07,1.19e-07,1.13e-07,1.99e-07,0.0
7001,GCA_964273445.1,GCA_901699155.2,Streptopelia decaocto,Streptopelia turtur,Aves,24.46783,0.017810217,0.011399257,0.010827644,0.018025094,9963659.03193278
7002,GCA_047716275.1,GCA_031877785.1,Strix uralensis,Strix aluco,Aves,11.28881,0.006387106,0.004214273,0.004027325,0.006414458,1962059.40494448
7004,GCA_013389905.1,GCA_045787245.1,Sula dactylatra,Sula leucogaster,Aves,3.6,0.003902406,0.002573047,0.002456487,0.003912594,24789952.1551338
7013,GCA_014839755.1,GCF_009819655.1,Sylvia borin,Sylvia atricapilla,Aves,11.55764,0.031962115,0.019457579,0.018323697,0.032663156,6897095.18012924
7014,GCA_014839755.1,GCA_045783275.1,Sylvia borin,Sylvia nana,Aves,13.30948,0.029119849,0.01809019,0.017075066,0.029700232,
7017,GCA_034780855.1,GCA_038381655.1,Tachyeres leucocephalus,Tachyeres patachonicus,Aves,0.72,0.000869238,0.000433296,0.0003976,0.000869742,21192.3587087417
7018,GCA_034780855.1,GCA_032357605.1,Tachyeres leucocephalus,Tachyeres brachypterus,Aves,2.01,0.000911989,0.00044321,0.000404409,0.000912544,0.0
7020,GCA_045784645.1,GCA_049180555.1,Tadorna tadorna,Tadorna tadornoides,Aves,8.08271,0.006573947,0.004381721,0.00419113,0.006602928,0.0
7021,GCF_000709365.1,GCA_035221315.1,Tauraco erythrolophus,Tauraco hartlaubi,Aves,7.269765,0.004670465,0.003114802,0.00297649,0.004685068,0.0
7024,GCA_047292275.1,GCA_047292255.1,Tockus jacksoni,Tockus leucomelas,Aves,9.96,0.005239666,0.003589462,0.003446881,0.005258055,0.0
7025,GCA_047292275.1,GCA_046766075.1,Tockus jacksoni,Tockus deckeni,Aves,2.03,0.002611812,0.00179507,0.00172572,0.00261637,1583.60012543908
7030,GCA_033439825.1,GCA_030710405.1,Todiramphus cinnamominus,Todiramphus albicilla,Aves,0.57,0.00390782,0.002405835,0.002275175,0.003918037,
7031,GCA_033439825.1,GCA_024582635.1,Todiramphus cinnamominus,Todiramphus saurophagus,Aves,0.57,0.009454106,0.005830471,0.00550028,0.009514198,
7044,GCA_045782655.1,GCA_026413425.1,Tringa flavipes,Tringa solitaria,Aves,16.485215,0.017713296,0.011420063,0.010842512,0.017925823,3648792.49598708
7051,GCA_026413425.1,GCA_045783195.1,Tringa solitaria,Tringa melanoleuca,Aves,16.485215,0.007544834,0.004911081,0.00467253,0.00758304,3247575.00459298
7053,GCA_020746105.1,GCA_013399275.1,Trogon surrucura,Trogon melanurus,Aves,15.41,0.022161171,0.0148852,0.014216972,0.022495178,0.0
7054,GCA_046127255.1,GCA_013186435.1,Turdus merula,Turdus rufiventris,Aves,4.45665,0.012856658,0.007583988,0.007188597,0.012968129,0.0
7055,GCA_046127255.1,GCA_045782875.1,Turdus merula,Turdus viscivorus,Aves,9.22825,0.024531242,0.014461882,0.013613537,0.024941398,8057673.5122074
7114,GCA_026770345.1,GCA_032353195.1,Tyrannus tyrannus,Tyrannus melancholicus,Aves,3.61814,1.45e-05,9.2e-06,8.73e-06,1.45e-05,34.1733167317247
7126,GCA_002289315.1,GCA_013401055.1,Uria lomvia,Uria aalge,Aves,12.81199,0.005053604,0.003511112,0.003375762,0.005070707,723575.963730591
7183,GCA_041221845.1,GCA_041107575.1,Vireo gilvus,Vireo carmioli,Aves,13.01433,0.00108118,0.000675418,0.000638796,0.00108196,0.0
7299,GCA_013401175.1,GCA_035584715.1,Xiphorhynchus elegans,Xiphorhynchus erythropygius,Aves,6.41697,0.014517062,0.009258946,0.008778653,0.014659398,0.0
7300,GCA_045269165.1,GCF_000385455.1,Zonotrichia capensis,Zonotrichia albicollis,Aves,4.09593,0.01576044,0.009365614,0.008793177,0.015928392,0.0
7301,GCA_965231245.1,GCA_017612475.1,Zosterops lateralis,Zosterops japonicus,Aves,1.855,0.010975142,0.006947139,0.006595768,0.011056237,0.0
7311,GCF_903995435.1,GCA_964271855.1,Acomys russatus,Acomys minous,Mammalia,4.95539,0.027341114,0.017638994,0.01676265,0.027851924,0.0
7313,GCF_903995435.1,GCA_907169655.1,Acomys russatus,Acomys percivali,Mammalia,4.95539,0.022578965,0.01458793,0.013869206,0.022925817,0.0
7317,GCF_014885135.2,GCA_963919705.1,Alexandromys fortis,Alexandromys oeconomus,Mammalia,5.25982,0.014653874,0.009258077,0.008795579,0.014798924,21478.7953321946
7318,GCA_963574325.1,GCA_963574925.1,Allochrocebus lhoesti,Allochrocebus preussi,Mammalia,1.4034,0.000676268,0.00043765,0.000417256,0.000676574,0.0
7319,GCA_963574325.1,GCA_963575195.1,Allochrocebus lhoesti,Allochrocebus solatus,Mammalia,2.641,0.000598629,0.000388989,0.000370995,0.000598868,0.0
7330,GCA_963574145.1,GCA_963575205.1,Alouatta belzebul,Alouatta discolor,Mammalia,0.75895,0.000397275,0.00025554,0.000244038,0.000397381,2499.13754012142
7332,GCA_963574145.1,GCA_963573945.1,Alouatta belzebul,Alouatta macconnelli,Mammalia,4.1,0.000807765,0.000542477,0.000519718,0.000808201,0.0
7336,GCF_016432865.1,GCA_016696395.1,Antechinus flavipes,Antechinus stuartii,Mammalia,8.01,0.010711007,0.006933539,0.006633372,0.010788226,88598.7372794131
7358,GCF_030222135.1,GCA_963574505.1,Aotus nancymaae,Aotus griseimembra,Mammalia,4.1405,0.002763356,0.001868292,0.001791309,0.002768459,0.0
7365,GCA_963574505.1,GCA_963573775.1,Aotus griseimembra,Aotus vociferans,Mammalia,4.04,0.001128386,0.000767771,0.000736691,0.001129236,0.0
7367,GCF_947179515.1,GCA_964023405.1,Apodemus sylvaticus,Apodemus agrarius,Mammalia,8.66392,0.01007022,0.006107857,0.005753501,0.010138438,1947862.04463405
7368,GCF_947179515.1,GCA_045298715.1,Apodemus sylvaticus,Apodemus speciosus,Mammalia,8.66392,0.011866739,0.00724312,0.006832268,0.011961621,0.0
7370,GCA_028646355.1,GCA_040869175.1,Arctocephalus townsendi,Arctocephalus gazella,Mammalia,3.374995,0.002656051,0.00166697,0.001593989,0.002660765,0.0
7371,GCA_038363175.3,GCA_038363225.1,Artibeus lituratus,Artibeus intermedius,Mammalia,0.63136,0.009300204,0.006184157,0.005926961,0.009358348,
7372,GCA_038363175.3,GCF_021234435.1,Artibeus lituratus,Artibeus jamaicensis,Mammalia,2.749655,0.012085424,0.007996097,0.007656541,0.012183855,1249234.60145895
7374,GCA_004024785.1,GCA_036589455.2,Ateles geoffroyi,Ateles fusciceps,Mammalia,2.4636,0.004220593,0.002253136,0.002155039,0.004232513,8323.64158324612
7391,GCA_916098195.1,GCA_963574935.1,Ateles hybridus,Ateles chamek,Mammalia,5.07,0.004285308,0.002322656,0.00221647,0.004297597,0.0
7395,GCA_963575035.1,GCA_963573525.1,Avahi laniger,Avahi peyrierasi,Mammalia,2.710805,0.000408899,0.000298123,0.000288919,0.00040901,0.0
7397,GCF_949987535.1,GCA_965194825.1,Balaenoptera acutorostrata,Balaenoptera physalus,Mammalia,13.745,0.0054244,0.003480125,0.003306931,0.005444111,193274312.945622
7404,GCA_965194825.1,GCA_000978805.1,Balaenoptera physalus,Balaenoptera bonaerensis,Mammalia,13.745,0.001515379,0.00097977,0.000932426,0.001516912,133233744.147136
7418,GCA_005887515.3,GCA_043643345.1,Bos grunniens,Bos frontalis,Mammalia,3.75073,0.008526823,0.00542576,0.005187892,0.008575665,
7420,GCA_005887515.3,GCA_014182915.2,Bos grunniens,Bos gaurus,Mammalia,3.75073,0.007997221,0.005016354,0.00479524,0.008040164,
7424,GCA_047496155.1,GCA_049997475.1,Brachyteles arachnoides,Brachyteles hypoxanthus,Mammalia,3.0669,0.00170421,0.001100214,0.001048809,0.001706149,0.0
7425,GCA_963992745.1,GCA_004027775.1,Bradypus torquatus,Bradypus variegatus,Mammalia,16.75,0.000374896,0.000262186,0.000252581,0.00037499,55123.4495576794
7426,GCF_019923935.1,GCF_029407905.1,Bubalus bubalis,Bubalus kerabau,Mammalia,1.2659,0.004741712,0.003074813,0.002932187,0.004756764,
7427,GCF_019923935.1,GCA_025584935.1,Bubalus bubalis,Bubalus depressicornis,Mammalia,1.34968,0.001857783,0.001221202,0.001166919,0.001860087,
7429,GCA_963573425.1,GCA_963573795.1,Cacajao ayresi,Cacajao hosomi,Mammalia,0.2283,0.000484439,0.000260612,0.00024289,0.000484595,0.0
7430,GCA_963573425.1,GCA_963573385.1,Cacajao ayresi,Cacajao melanocephalus,Mammalia,1.1078,0.000920759,0.000554482,0.000525579,0.000921324,0.0
7435,GCF_011100555.1,GCA_046862485.1,Callithrix jacchus,Callithrix penicillata,Mammalia,0.756,0.001912881,0.001140888,0.001081893,0.001915324,391.07950710734
7436,GCF_011100555.1,GCA_963573495.1,Callithrix jacchus,Callithrix kuhlii,Mammalia,1.11905,0.000107895,6.68e-05,6.34e-05,0.000107902,0.0
7441,GCF_036321535.1,GCF_009834535.1,Camelus dromedarius,Camelus ferus,Mammalia,4.3517,0.003623186,0.00228209,0.002179778,0.003631966,
7442,GCF_036321535.1,GCF_000767855.1,Camelus dromedarius,Camelus bactrianus,Mammalia,4.3517,0.00433732,0.002783077,0.002655435,0.00434991,
7444,GCF_011100685.1,GCA_034620425.1,Canis lupus,Canis latrans,Mammalia,2.38594,0.003459431,0.001906281,0.001808159,0.003467435,4735057.96506563
7446,GCF_001704415.2,GCA_003182615.2,Capra hircus,Capra sibirica,Mammalia,3.96087,0.006200133,0.004099131,0.003917236,0.006225903,
7453,GCA_003182615.2,GCA_038502695.1,Capra sibirica,Capra falconeri,Mammalia,3.96087,0.000131191,9.02e-05,8.67e-05,0.000131203,1904.58954643049
7455,GCA_000751575.1,GCA_012922965.1,Capreolus capreolus,Capreolus pygargus,Mammalia,2.5,0.000280893,0.00019,0.000182457,0.000280946,32307.4506330291
7456,GCF_034190915.1,GCA_000688575.1,Cavia porcellus,Cavia aperea,Mammalia,4.333585,8.36e-05,5.28e-05,5e-05,8.36e-05,
7457,GCF_034190915.1,GCA_004027695.1,Cavia porcellus,Cavia tschudii,Mammalia,0.8724,0.000252294,0.000151443,0.000144062,0.000252336,
7459,GCA_963575105.1,GCA_963575025.1,Cebuella pygmaea,Cebuella niveiventris,Mammalia,2.40659,0.000859293,0.000538443,0.000511299,0.000859786,4152.24791881381
7460,GCA_004027755.1,GCA_963574255.1,Cebus albifrons,Cebus unicolor,Mammalia,2.292075,0.000349903,0.000214263,0.000203125,0.000349985,0.0
7461,GCA_004027755.1,GCA_963574745.1,Cebus albifrons,Cebus olivaceus,Mammalia,2.292075,0.000444173,0.000275118,0.000261044,0.000444305,91111.4614719116
7466,GCF_000955945.1,GCA_963574065.1,Cercocebus atys,Cercocebus chrysogaster,Mammalia,3.33,0.001862682,0.001151917,0.001094347,0.001864998,0.0
7467,GCF_000955945.1,GCA_963574135.1,Cercocebus atys,Cercocebus torquatus,Mammalia,2.64425,0.001207585,0.000708279,0.000669385,0.001208558,0.0
7478,GCA_014849445.1,GCA_963575045.1,Cercopithecus mona,Cercopithecus nictitans,Mammalia,5.86525,0.002662404,0.001788407,0.00171217,0.002667141,348038.19307083
7494,GCA_963575065.1,GCA_963574765.1,Cercopithecus petaurista,Cercopithecus diana,Mammalia,5.3233,0.000671584,0.000445695,0.000425909,0.000671885,205615.343304936
7497,GCA_040085125.1,GCF_910594005.1,Cervus nippon,Cervus elaphus,Mammalia,3.657415,0.005201099,0.003436829,0.003286467,0.005219217,0.0
7498,GCA_040085125.1,GCF_019320065.1,Cervus nippon,Cervus canadensis,Mammalia,2.4,0.006142954,0.004043968,0.003868695,0.006168249,5787.20629800734
7503,GCA_008086735.1,GCA_963574435.1,Cheirogaleus medius,Cheirogaleus major,Mammalia,12.76191,0.004730298,0.003172954,0.003036489,0.004745278,0.0
7504,GCA_963574535.1,GCA_963574635.1,Cheracebus lugens,Cheracebus regulus,Mammalia,3.3298,0.001707901,0.001098127,0.001047224,0.001709848,0.0
7505,GCA_963574535.1,GCA_963574645.1,Cheracebus lugens,Cheracebus torquatus,Mammalia,3.3298,0.001546076,0.000994281,0.00094823,0.001547671,0.0
7510,GCF_047675955.1,GCA_030247385.1,Chlorocebus sabaeus,Chlorocebus aethiops,Mammalia,3.04895,0.000269305,0.000160953,0.000151011,0.000269353,0.0
7511,GCF_047675955.1,GCA_963575115.1,Chlorocebus sabaeus,Chlorocebus pygerythrus,Mammalia,3.04895,0.001177188,0.000762108,0.00072733,0.001178113,0.0
7513,GCF_015220235.1,GCA_000164785.2,Choloepus didactylus,Choloepus hoffmanni,Mammalia,7.83886,0.005792272,0.00390742,0.003747467,0.005814755,373455.322334155
7514,GCA_030247045.1,GCA_963574725.1,Colobus guereza,Colobus polykomos,Mammalia,1.7594,0.001005099,0.000642928,0.000614113,0.001005773,0.0
7515,GCA_004027575.1,GCA_026225945.1,Cricetomys gambianus,Cricetomys ansorgei,Mammalia,0.03068,0.000914379,0.000582899,0.000560894,0.000914937,1596.10377526131
7516,GCA_965212715.1,GCA_004027635.1,Crocidura zimmermanni,Crocidura indochinensis,Mammalia,6.883865,0.000144396,8.45e-05,7.94e-05,0.00014441,0.0
7517,GCA_030015415.1,GCA_009793145.1,Cynopterus sphinx,Cynopterus brachyotis,Mammalia,4.15,0.004673729,0.003044838,0.002908749,0.004688352,2062061.7233961
7530,GCF_024711535.1,GCF_019054845.1,Dipodomys merriami,Dipodomys spectabilis,Mammalia,9.27055,0.009111723,0.005469242,0.005157401,0.009167524,367017.146335334
7531,GCF_024711535.1,GCA_004024685.1,Dipodomys merriami,Dipodomys stephensi,Mammalia,6.67326,0.003167933,0.00189974,0.001791686,0.003174643,4715.2849980618
7539,GCF_041296265.1,GCF_041296235.1,Equus caballus,Equus asinus,Mammalia,11.1,0.009264925,0.006012383,0.005723708,0.009322627,
7540,GCF_041296265.1,GCF_037783145.1,Equus caballus,Equus przewalskii,Mammalia,2.59,0.00144059,0.000893235,0.000847914,0.001441976,
7547,GCA_963574965.1,GCA_001262655.1,Eulemur coronatus,Eulemur macaco,Mammalia,6.02955,0.00508907,0.003483611,0.003345067,0.005106415,0.0
7549,GCA_001262665.1,GCA_001262655.1,Eulemur flavifrons,Eulemur macaco,Mammalia,1.31,0.003188642,0.002266109,0.002177231,0.00319544,302.645986320224
7550,GCF_018350175.1,GCA_019924945.1,Felis catus,Felis chaus,Mammalia,5.12737,0.010458818,0.00666218,0.006345684,0.010532428,
7551,GCF_018350175.1,GCA_032458615.1,Felis catus,Felis nigripes,Mammalia,4.6,0.00951662,0.006086426,0.005802642,0.009577513,
7553,GCA_023783435.1,GCA_963575145.1,Galago moholi,Galago senegalensis,Mammalia,2.237,0.001275395,0.000800602,0.000764682,0.00127648,406.70613793349
7554,GCF_004785775.1,GCA_019843835.1,Grammomys surdaster,Grammomys dolichurus,Mammalia,1.46033,7.64e-06,4.63e-06,4.38e-06,7.64e-06,
7555,GCA_963575175.1,GCA_963574485.1,Hapalemur meridionalis,Hapalemur griseus,Mammalia,1.285275,0.001234578,0.000809966,0.000774141,0.001235595,0.0
7556,GCA_963575175.1,GCA_963575155.1,Hapalemur meridionalis,Hapalemur occidentalis,Mammalia,1.285275,0.000835697,0.000550765,0.000526665,0.000836163,0.0
7558,GCA_031876335.1,GCF_001890085.2,Hipposideros larvatus,Hipposideros armiger,Mammalia,9.46304,0.009089382,0.005630199,0.00533387,0.009144909,2296271.71077532
7559,GCA_031876335.1,GCA_004027415.1,Hipposideros larvatus,Hipposideros galeritus,Mammalia,20.25,0.007588386,0.004638358,0.00437679,0.007627036,1479815.87301644
7562,GCA_021498465.1,GCA_963574335.1,Hylobates pileatus,Hylobates klossii,Mammalia,4.059,0.001813918,0.001184276,0.001130386,0.001816116,0.0
7569,GCA_963574335.1,GCA_963573745.1,Hylobates klossii,Hylobates muelleri,Mammalia,3.1289325,0.000399019,0.000253018,0.000240638,0.000399125,0.0
7571,GCA_016801275.1,GCA_004026905.1,Hystrix brachyura,Hystrix cristata,Mammalia,2.78611,0.005404584,0.003740498,0.003598384,0.005424151,0.0
7574,GCA_011751065.5,GCA_004026805.1,Lasiurus cinereus,Lasiurus borealis,Mammalia,14.14,0.006137915,0.003810972,0.003611403,0.006163168,4802541.51116704
7575,GCA_028533165.1,GCA_963574395.1,Leontopithecus rosalia,Leontopithecus chrysomelas,Mammalia,0.9355,0.000533598,0.000324683,0.000308095,0.000533788,0.0
7576,GCA_963574885.1,GCA_963574875.1,Lepilemur ruficaudatus,Lepilemur dorsalis,Mammalia,8.61523,0.002737435,0.001872464,0.001796632,0.002742443,0.0
7577,GCA_963574885.1,GCA_963573785.1,Lepilemur ruficaudatus,Lepilemur ankaranensis,Mammalia,8.61523,0.002028637,0.001384855,0.001328517,0.002031386,0.0
7582,GCA_047496845.1,GCA_040893245.2,Lepus yarkandensis,Lepus timidus,Mammalia,2.933975,0.01091835,0.00705052,0.006727308,0.010998603,0.0
7599,GCA_036325905.1,GCA_029532125.1,Lepus oiostolus,Lepus townsendii,Mammalia,2.92,0.007778681,0.005054331,0.004825728,0.0078193,0.0
7603,GCF_007474595.2,GCF_022079265.1,Lynx canadensis,Lynx rufus,Mammalia,6.4543,0.007366423,0.004498343,0.004286974,0.007402838,1010356.16985834
7604,GCF_007474595.2,GCA_900661375.1,Lynx canadensis,Lynx pardinus,Mammalia,3.47629,0.003144452,0.001774478,0.001687888,0.003151062,0.0
7606,GCF_037993035.1,GCF_003339765.1,Macaca fascicularis,Macaca mulatta,Mammalia,2.91591,0.003338944,0.002087449,0.001985315,0.003346398,3133.04844913923
7639,GCA_026956025.1,GCA_963573825.1,Macaca cyclopis,Macaca leonina,Mammalia,4.49722,0.001334272,0.000839759,0.000797874,0.00133546,0.0
7684,GCA_028627215.1,GCA_028583105.1,Macropus giganteus,Macropus fuliginosus,Mammalia,2.11,0.00206393,0.001346026,0.001285951,0.002066775,660273.68170151
7685,GCF_000951045.1,GCA_004802615.1,Mandrillus leucophaeus,Mandrillus sphinx,Mammalia,2.876,0.002621641,0.001738917,0.001662976,0.002626234,0.0
7686,GCF_040802235.1,GCF_030020395.1,Manis javanica,Manis pentadactyla,Mammalia,16.4,0.027138763,0.017588826,0.016727352,0.027641947,188876.390593435
7687,GCF_047511675.1,GCF_021218885.2,Marmota flaviventris,Marmota monax,Mammalia,5.15553,0.008261031,0.004794745,0.004505388,0.008306865,38961.7354276194
7688,GCF_047511675.1,GCA_005458795.1,Marmota flaviventris,Marmota vancouverensis,Mammalia,2.65,0.00300573,0.00172577,0.001620896,0.003011769,0.0
7693,GCA_040938815.1,GCA_029410595.1,Martes zibellina,Martes flavigula,Mammalia,6.56,0.019907537,0.012967433,0.012357894,0.020176514,398483.820811841
7694,GCA_040938815.1,GCA_963455335.1,Martes zibellina,Martes martes,Mammalia,0.927385,0.005682165,0.003594549,0.003428528,0.005703799,692809.655746434
7699,GCF_008632895.1,GCA_019843795.1,Mastomys coucha,Mastomys natalensis,Mammalia,3.19869,0.000613681,0.000399934,0.000381895,0.000613932,660029.781758682
7701,GCA_964148845.1,GCA_964341445.1,Mesoplodon bidens,Mesoplodon mirus,Mammalia,13.74145,0.004568613,0.002923448,0.002779128,0.004582584,9540107.66698521
7703,GCA_963573565.1,GCA_963574605.1,Mico argentatus,Mico humeralifer,Mammalia,2.17,0.000297244,0.000184251,0.00017502,0.000297303,0.0
7704,GCA_963573565.1,GCA_963574545.1,Mico argentatus,Mico humilis,Mammalia,4.36954,0.000390886,0.000250504,0.00023865,0.000390988,
7707,GCF_000165445.2,GCA_008750975.1,Microcebus murinus,Microcebus ravelobensis,Mammalia,9.7,0.002813379,0.001796089,0.001710954,0.002818669,2496.21106746357
7714,GCA_008750975.1,GCA_008750955.1,Microcebus ravelobensis,Microcebus mittermeieri,Mammalia,7.9,0.000211349,0.000135664,0.000129247,0.000211379,
7730,GCA_037038515.1,GCA_020392405.1,Microtus pennsylvanicus,Microtus montanus,Mammalia,2.96438,0.005648202,0.003572466,0.003394149,0.005669578,616667.495754464
7743,GCF_018167655.1,GCA_019206885.2,Microtus oregoni,Microtus richardsoni,Mammalia,8.21827,0.006036833,0.003816506,0.003622622,0.00606126,90218.0225302816
7752,GCA_028551445.1,GCA_963573445.1,Miopithecus talapoin,Miopithecus ogouensis,Mammalia,3.90595,0.000402306,0.000237861,0.000224738,0.000402414,0.0
7753,GCF_029215605.1,GCF_011800145.1,Mirounga angustirostris,Mirounga leonina,Mammalia,2.27708,0.003675097,0.002333743,0.00223268,0.003684131,0.0
7754,GCA_004024645.1,GCA_008750895.1,Mirza coquereli,Mirza zaza,Mammalia,0.949,0.000571889,0.000359928,0.000343176,0.000572107,0.0
7755,GCF_022376915.1,GCA_004024705.2,Moschus berezovskii,Moschus moschiferus,Mammalia,4.0718,0.004635806,0.002965183,0.002818745,0.004650192,0.0
7756,GCF_022376915.1,GCA_006461725.1,Moschus berezovskii,Moschus chrysogaster,Mammalia,3.3852,3.03e-05,1.99e-05,1.9e-05,3.03e-05,288670.190328359
7759,GCF_963930625.1,GCA_020276665.1,Muntiacus reevesi,Muntiacus crinifrons,Mammalia,4.07796,0.013656486,0.009004916,0.008595127,0.013782349,113889.631001262
7783,GCF_900095145.1,GCF_900094665.2,Mus pahari,Mus caroli,Mammalia,6.42339,0.005740682,0.00351933,0.003320578,0.005762765,692533.154011465
7785,GCF_900095145.1,GCA_003336285.2,Mus pahari,Mus spicilegus,Mammalia,6.42339,0.005958179,0.003667232,0.003462348,0.005981972,0.0
7789,GCF_030435805.1,GCF_009829155.1,Mustela lutreola,Mustela erminea,Mammalia,3.97,0.01724456,0.010624319,0.010050747,0.017445902,67017.8693336033
7816,GCA_049190835.1,GCA_049190895.1,Myospalax aspalax,Myospalax psilurus,Mammalia,7.56747,0.012759547,0.007985911,0.007573897,0.012869331,583131.15595439
7871,GCF_000327345.1,GCA_035771395.1,Myotis davidii,Myotis vivesi,Mammalia,12.25,0.004391184,0.00273014,0.002586734,0.00440409,0.0
7876,GCA_917880005.1,GCA_006408635.1,Nanger dama,Nanger granti,Mammalia,2.01,0.001202697,0.000658068,0.000632828,0.001203662,0.0
7877,GCF_028018385.1,GCA_027422475.1,Neofelis nebulosa,Neofelis diardi,Mammalia,2.14598,0.00440597,0.002779535,0.002650397,0.004418962,0.0
7878,GCA_050000055.1,GCA_001675575.1,Neotoma floridana,Neotoma lepida,Mammalia,3.7971,0.001640428,0.001067742,0.001018727,0.001642225,0.0
7879,GCA_006410615.1,GCA_006410875.1,Neotragus moschatus,Neotragus pygmaeus,Mammalia,13.64932,0.002261089,0.001472365,0.001402573,0.002264505,
7883,GCF_006542625.1,GCA_023783065.1,Nomascus leucogenys,Nomascus siki,Mammalia,0.48,0.003570557,0.002085548,0.001975187,0.003579083,0.0
7884,GCF_006542625.1,GCA_963574555.1,Nomascus leucogenys,Nomascus gabriellae,Mammalia,1.3470265,0.000991578,0.000630602,0.000600335,0.000992235,0.0
7893,GCA_036971965.2,GCA_964264875.2,Nyctalus aviator,Nyctalus leisleri,Mammalia,10.72353,0.016580029,0.01036006,0.009834364,0.01676604,0.0
7894,GCF_027406575.1,GCA_023898255.1,Nycticebus coucang,Nycticebus bengalensis,Mammalia,1.03992,0.003071913,0.001588928,0.001490723,0.003078222,0.0
7895,GCF_030435755.1,GCF_017591425.1,Ochotona princeps,Ochotona curzoniae,Mammalia,11.80072,0.016729935,0.010600705,0.010050791,0.01691935,0.0
7896,GCF_023699985.2,GCA_020976825.1,Odocoileus virginianus,Odocoileus hemionus,Mammalia,1.81871,0.01028391,0.006717001,0.006418823,0.010355067,4291649.09568535
7897,GCF_903995425.1,GCA_949786405.1,Onychomys torridus,Onychomys arenicola,Mammalia,5.04252,0.013350824,0.008312472,0.007876719,0.013471083,11748.4196207972
7898,GCF_903995425.1,GCA_949786385.1,Onychomys torridus,Onychomys leucogaster,Mammalia,5.04252,0.010908715,0.006734032,0.006374194,0.010988826,201568.974204104
7900,GCA_041429955.1,GCA_004027895.1,Orientallactaga sibirica,Orientallactaga bullata,Mammalia,4.66976,0.004145066,0.002507737,0.002365688,0.004156562,
7901,GCF_014754425.2,GCA_003945745.1,Oryx dammah,Oryx gazella,Mammalia,1.794295,0.002475609,0.001587079,0.001511696,0.002479703,0.0
7905,GCF_000181295.1,GCA_963574585.1,Otolemur garnettii,Otolemur crassicaudatus,Mammalia,5.17545,0.00280513,0.0018626,0.00178162,0.002810389,435086.531424098
7906,GCF_016772045.2,GCF_042477335.2,Ovis aries,Ovis canadensis,Mammalia,3.27085,0.00736951,0.004863107,0.004649197,0.007405955,
7907,GCF_042477335.2,GCA_014523465.1,Ovis canadensis,Ovis orientalis,Mammalia,3.27085,0.008637542,0.005737492,0.005486036,0.008687666,
7910,GCF_018350195.1,GCF_028533385.1,Panthera tigris,Panthera onca,Mammalia,6.767,0.006343433,0.004097188,0.003911758,0.006370412,0.0
7917,GCF_028533385.1,GCF_024362965.1,Panthera onca,Panthera pardus,Mammalia,4.0643,0.005339726,0.003427431,0.003272181,0.005358825,0.0
7928,GCA_963574715.1,GCA_028645565.1,Papio cynocephalus,Papio papio,Mammalia,1.849675,0.000619061,0.000391209,0.000372235,0.000619317,0.0
7930,GCA_963574715.1,GCA_963573405.1,Papio cynocephalus,Papio kindae,Mammalia,1.849675,0.000244781,0.000153486,0.000145854,0.000244821,76712.0505426528
7938,GCF_004664715.2,GCA_902168415.1,Peromyscus leucopus,Peromyscus melanophrys,Mammalia,11.7,0.002866171,0.001817071,0.00172573,0.002871661,118425.646754362
7945,GCA_902168415.1,GCA_902168405.1,Peromyscus melanophrys,Peromyscus aztecus,Mammalia,11.7,0.000412716,0.000267538,0.000255058,0.00041283,84972.3772021255
7987,GCA_029783875.1,GCA_032200785.1,Phataginus tricuspis,Phataginus tetradactyla,Mammalia,16.4,0.002715877,0.001785703,0.001705878,0.002720806,2915753.49235918
7988,GCF_963924675.1,GCF_008692025.1,Phocoena phocoena,Phocoena sinus,Mammalia,7.325,0.004974448,0.00315486,0.003011456,0.004991018,0.0
7989,GCA_023856395.1,GCF_943737965.1,Phodopus sungorus,Phodopus roborovskii,Mammalia,10.04144,0.018020805,0.011054183,0.010434033,0.018240836,8255.19725369293
7990,GCF_004126475.2,GCF_019186645.2,Phyllostomus discolor,Phyllostomus hastatus,Mammalia,11.2,0.034602419,0.02357853,0.022591022,0.035426071,12212116.0958549
7991,GCF_002776525.5,GCA_963574805.1,Piliocolobus tephrosceles,Piliocolobus kirkii,Mammalia,2.02075,0.000618389,0.000369076,0.000349137,0.000618645,0.0
7992,GCF_002776525.5,GCA_963574285.1,Piliocolobus tephrosceles,Piliocolobus gordonorum,Mammalia,2.02075,0.000601527,0.000356993,0.000337471,0.000601769,0.0
8006,GCA_949987585.2,GCA_964339955.1,Pipistrellus pygmaeus,Pipistrellus hanaki,Mammalia,5.10613,0.011647226,0.007019152,0.006631327,0.011738612,0.0
8008,GCA_949987585.2,GCF_014108245.1,Pipistrellus pygmaeus,Pipistrellus kuhlii,Mammalia,16.0,0.021968885,0.013497421,0.012765115,0.022297064,640080.542638972
8021,GCA_963573645.1,GCA_963575305.1,Pithecia hirsuta,Pithecia pissinatti,Mammalia,0.28045,0.000506428,0.000310936,0.000294963,0.000506599,
8023,GCA_963573645.1,GCA_963574905.1,Pithecia hirsuta,Pithecia chrysocephala,Mammalia,1.77479,0.001155885,0.000760956,0.00072705,0.001156776,0.0
8039,GCA_040437455.1,GCA_963575255.1,Plecturocebus cupreus,Plecturocebus caligatus,Mammalia,4.12,0.001459247,0.00093726,0.000895505,0.001460668,71.0381620536176
8065,GCA_963574625.1,GCA_963574705.1,Plecturocebus grovesi,Plecturocebus bernhardi,Mammalia,1.39885,0.001119534,0.000716234,0.00068289,0.00112037,0.0
8091,GCA_963575215.1,GCA_963573905.1,Presbytis melalophos,Presbytis comata,Mammalia,1.877,0.000186137,0.00011584,0.000110041,0.00018616,0.0
8092,GCA_963575215.1,GCA_047496705.1,Presbytis melalophos,Presbytis potenziani,Mammalia,2.62262,7.29e-05,4.85e-05,4.64e-05,7.29e-05,0.0
8094,GCF_016509475.1,GCF_022837055.1,Prionailurus bengalensis,Prionailurus viverrinus,Mammalia,2.829,0.006599555,0.004055644,0.003850709,0.006628762,38172.0027822114
8095,GCF_016509475.1,GCA_018403415.1,Prionailurus bengalensis,Prionailurus iriomotensis,Mammalia,3.5,0.002033647,0.001214746,0.001155001,0.00203641,
8106,GCA_963574315.1,GCA_963575125.1,Propithecus tattersalli,Propithecus verreauxi,Mammalia,5.422075,0.001204713,0.000852837,0.000822554,0.001205682,0.0
8108,GCA_963574315.1,GCA_963574695.1,Propithecus tattersalli,Propithecus perrieri,Mammalia,7.416615,0.002721797,0.001912471,0.00184182,0.002726747,0.0
8122,GCA_028627135.1,GCA_028646515.1,Pseudochirops cupreus,Pseudochirops corinnae,Mammalia,6.505,0.006407052,0.004405276,0.004229623,0.006434576,165127.537716008
8134,GCF_021234165.1,GCA_036768555.1,Pteronotus mesoamericanus,Pteronotus parnellii,Mammalia,0.69557,0.000826988,0.000538241,0.000514843,0.000827444,0.0
8135,GCA_028533765.1,GCF_000325575.1,Pteropus rufus,Pteropus alecto,Mammalia,12.7,0.011471874,0.007669879,0.007339023,0.011560515,0.0
8136,GCA_028533765.1,GCF_902729225.1,Pteropus rufus,Pteropus vampyrus,Mammalia,12.7,0.004213888,0.00274427,0.002627036,0.004225771,0.0
8138,GCF_003327715.1,GCF_014898765.1,Puma concolor,Puma yagouaroundi,Mammalia,4.635,0.003378032,0.002050582,0.001941589,0.003385662,
8139,GCA_028975605.1,GCA_048197345.1,Pusa sibirica,Pusa caspica,Mammalia,2.03416,0.001268056,0.00084113,0.000808266,0.001269129,0.0
8140,GCA_047655245.1,GCA_004024825.1,Pygathrix nigripes,Pygathrix nemaeus,Mammalia,2.41,0.00207216,0.001256889,0.001201627,0.002075028,3376.50657858393
8141,GCA_047655245.1,GCA_963574085.1,Pygathrix nigripes,Pygathrix cinerea,Mammalia,2.41,0.000779454,0.000468925,0.000447381,0.000779859,13226.8150047043
8143,GCA_030674055.1,GCA_019844195.1,Rhabdomys pumilio,Rhabdomys dilectus,Mammalia,5.0,0.013208372,0.008611168,0.008213524,0.013326064,4328.05479217258
8153,GCF_001888835.1,GCA_041825415.1,Rhinolophus sinicus,Rhinolophus rex,Mammalia,17.735535,0.024874183,0.015105502,0.014222842,0.025296019,1286142.18425413
8155,GCF_001888835.1,GCA_964194215.2,Rhinolophus sinicus,Rhinolophus hipposideros,Mammalia,35.1,0.033128383,0.019978667,0.018767525,0.033882329,0.0
8159,GCF_007565055.1,GCF_001698545.2,Rhinopithecus roxellana,Rhinopithecus bieti,Mammalia,2.19,0.003600329,0.00188838,0.001790842,0.003608998,0.0
8160,GCF_007565055.1,GCA_023764705.1,Rhinopithecus roxellana,Rhinopithecus strykeri,Mammalia,2.19,0.004008504,0.002404576,0.002280259,0.004019254,0.0
8162,GCA_028533395.1,GCF_014176215.1,Rousettus madagascariensis,Rousettus aegyptiacus,Mammalia,8.31757,0.00543054,0.003711955,0.003572526,0.005450296,0.0
8163,GCA_028533395.1,GCA_015472975.1,Rousettus madagascariensis,Rousettus leschenaultii,Mammalia,5.62677,0.008097995,0.005451607,0.005229615,0.008142031,0.0
8165,GCF_036850765.1,GCF_036850995.1,Saccopteryx bilineata,Saccopteryx leptura,Mammalia,9.8,0.014614067,0.009674378,0.009256869,0.014758324,11543886.0330299
8175,GCA_021498475.1,GCA_963574345.1,Saguinus midas,Saguinus mystax,Mammalia,7.00084,0.003237359,0.002036505,0.001934261,0.003244366,0.0
8191,GCA_963574215.1,GCA_963574455.1,Saguinus geoffroyi,Saguinus bicolor,Mammalia,5.383655,0.000931563,0.000594087,0.000565103,0.000932142,
8195,GCF_016699345.2,GCA_963574195.1,Saimiri boliviensis,Saimiri oerstedii,Mammalia,2.09,0.001113226,0.000692271,0.00065764,0.001114053,0.0
8202,GCA_963574195.1,GCA_963574015.1,Saimiri oerstedii,Saimiri ustus,Mammalia,1.548,0.000288447,0.000174806,0.000165513,0.000288503,0.0
8204,GCF_902686445.1,GCA_902686455.2,Sciurus carolinensis,Sciurus vulgaris,Mammalia,11.47688,0.02709037,0.017007385,0.016152216,0.027591739,0.0
8205,GCF_902686445.1,GCA_020740815.1,Sciurus carolinensis,Sciurus niger,Mammalia,7.018315,0.006656438,0.004193838,0.003995734,0.006686152,3266039.31156126
8207,GCA_963573915.1,GCA_963574295.1,Semnopithecus entellus,Semnopithecus priam,Mammalia,2.789775,0.000202809,0.000124914,0.000118509,0.000202837,0.0
8329,GCF_027595985.1,GCF_029834395.1,Sorex araneus,Sorex fumeus,Mammalia,9.9,0.000182592,0.00011106,0.000104884,0.000182614,0.0
8336,GCF_029834395.1,GCA_028565675.1,Sorex fumeus,Sorex palustris,Mammalia,9.9,0.000990489,0.000642935,0.000613362,0.000991144,839977.042200936
8338,GCA_964194105.1,GCA_002406435.1,Spermophilus citellus,Spermophilus dauricus,Mammalia,6.463825,0.006655613,0.003849873,0.003615453,0.00668532,0.0
8341,GCF_000003025.6,GCA_905335845.1,Sus scrofa,Sus cebifrons,Mammalia,2.65869,0.010967955,0.007054204,0.006743185,0.011048943,0.0
8342,GCA_949820135.1,GCA_015711505.1,Sylvilagus floridanus,Sylvilagus bachmani,Mammalia,18.5,0.014860879,0.009424306,0.008953887,0.015010083,11300.1906325933
8343,GCA_964194135.1,GCF_014898055.3,Talpa europaea,Talpa occidentalis,Mammalia,2.605,0.011184748,0.006741476,0.006371632,0.011268985,0.0
8344,GCA_031878705.1,GCA_028533255.1,Tapirus indicus,Tapirus terrestris,Mammalia,23.3400575,0.012463092,0.008135516,0.007749627,0.012567806,0.0
8345,GCA_963574405.1,GCA_963574415.1,Tarsius lariang,Tarsius wallacei,Mammalia,5.361,0.000226294,0.000155918,0.000150139,0.000226328,0.60021180114025
8347,GCA_047150545.1,GCA_027943515.1,Tokudaia muenninki,Tokudaia osimensis,Mammalia,7.92808,0.019364215,0.012322005,0.01169516,0.019618585,0.0
8348,GCF_009764315.1,GCA_963573455.1,Trachypithecus francoisi,Trachypithecus germaini,Mammalia,3.3,0.000636715,0.000400934,0.000381931,0.000636986,0.0
8381,GCA_963573475.1,GCA_963574125.1,Trachypithecus poliocephalus,Trachypithecus phayrei,Mammalia,2.544215,0.000138603,8.92e-05,8.5e-05,0.000138616,0.0
8435,GCA_006410775.1,GCA_006411685.1,Tragelaphus imberbis,Tragelaphus buxtoni,Mammalia,9.79225,3.23e-06,2.24e-06,2.15e-06,3.23e-06,0.0
8437,GCA_006410775.1,GCA_006411015.1,Tragelaphus imberbis,Tragelaphus spekii,Mammalia,9.79225,0.000450724,0.000304988,0.000292192,0.000450859,2367.06406995404
8442,GCA_000181375.1,GCA_026018925.1,Tupaia belangeri,Tupaia tana,Mammalia,14.03,5.35e-06,2.78e-06,2.54e-06,5.35e-06,0.0
8444,GCF_023065955.2,GCF_017311325.1,Ursus arctos,Ursus maritimus,Mammalia,0.82,0.003722403,0.002295133,0.002186641,0.003731671,2171539.99371889
8445,GCF_023065955.2,GCF_020975775.1,Ursus arctos,Ursus americanus,Mammalia,4.8794,0.00484186,0.003077158,0.002937708,0.004857557,3021592.80556432
8450,GCA_028533085.1,GCA_963573675.1,Varecia variegata,Varecia rubra,Mammalia,2.449745,0.000672861,0.000437711,0.000418514,0.000673163,0.0075232900518477
8451,GCF_048418805.1,GCF_018345385.1,Vulpes vulpes,Vulpes lagopus,Mammalia,3.51667,0.008042763,0.004861414,0.004606997,0.008086198,3081783.25155257
8452,GCF_048418805.1,GCA_024500485.1,Vulpes vulpes,Vulpes ferrilata,Mammalia,2.43,0.007435409,0.004512314,0.004278508,0.007472511,2231673.228993
8457,GCA_028644305.1,GCA_004024805.1,Xerus rutilus,Xerus inauris,Mammalia,8.76,0.008560388,0.005671387,0.005420494,0.008609617,0.0
8458,GCA_964198595.1,GCA_965212315.1,Lampetra fluviatilis,Lampetra planeri,Petromyzontida,0.403405,0.003481225,0.00168664,0.001541801,0.003489329,
8461,GCF_015708825.1,GCA_018977245.1,Lethenteron reissneri,Lethenteron camtschaticum,Petromyzontida,1.99658,0.00751894,0.002648513,0.002417446,0.007556884,
8462,GCA_043090985.1,GCA_046270865.1,Acanthocercus cyanogaster,Acanthocercus annectans,Reptilia,27.58396,0.001273003,0.00077949,0.000738179,0.001274084,31744.0137677558
8463,GCA_043090985.1,GCA_046270945.1,Acanthocercus cyanogaster,Acanthocercus atricollis,Reptilia,27.58396,0.000864422,0.000530183,0.000500362,0.000864921,0.0
8466,GCF_028640845.1,GCA_046270345.1,Ahaetulla prasina,Ahaetulla nasuta,Reptilia,16.281485,0.00043755,0.000277482,0.000264096,0.000437678,846726.58321513
8467,GCF_028640845.1,GCA_046270325.1,Ahaetulla prasina,Ahaetulla pulverulenta,Reptilia,16.281485,0.000563097,0.000356867,0.000339575,0.000563308,0.0
8494,GCA_046270785.1,GCA_043090225.1,Anolis planiceps,Anolis rodriguezii,Reptilia,41.505465,6.24e-06,3.57e-06,3.33e-06,6.24e-06,0.0
8497,GCA_046269905.1,GCA_032468035.1,Aparallactus lunulatus,Aparallactus werneri,Reptilia,20.67379,3.79e-06,2.28e-06,2.15e-06,3.79e-06,5828.65412271755
8498,GCA_014337955.1,GCA_043090785.1,Aspidoscelis marmoratus,Aspidoscelis angusticeps,Reptilia,22.42969333,0.000217595,0.000130487,0.000122596,0.000217626,
8499,GCA_046766435.1,GCA_046270205.1,Boiga barnesii,Boiga trigonata,Reptilia,21.7125,0.0001511,9.34e-05,8.85e-05,0.000151116,11049.0947477808
8500,GCA_046766435.1,GCA_047748195.1,Boiga barnesii,Boiga beddomei,Reptilia,21.7125,0.000172465,0.000107804,0.000102336,0.000172485,11049.0947477808
8514,GCA_043380785.1,GCA_034064705.1,Bothrops fonsecai,Bothrops alternatus,Reptilia,8.694124,0.005901582,0.003678675,0.003498067,0.005924924,78633.651867655
8516,GCA_043380785.1,GCA_043090695.1,Bothrops fonsecai,Bothrops asper,Reptilia,12.069571,0.000353826,0.000214181,0.000202969,0.00035391,0.0
8521,GCA_023653725.1,GCA_046270145.1,Bungarus multicinctus,Bungarus ceylonicus,Reptilia,14.528346,0.001651203,0.001106178,0.001062011,0.001653024,0.0
8522,GCA_023653725.1,GCA_046270085.1,Bungarus multicinctus,Bungarus caeruleus,Reptilia,14.528346,0.001188587,0.000790409,0.000758136,0.00118953,0.0
8524,GCA_043643385.1,GCA_043090425.1,Chamaeleo calyptratus,Chamaeleo dilepis,Reptilia,21.1551245,0.000369896,0.000217034,0.00020419,0.000369987,0.0
8525,GCA_043643385.1,GCA_044335405.1,Chamaeleo calyptratus,Chamaeleo laevigatus,Reptilia,21.1551245,0.000262419,0.000152608,0.000143394,0.000262465,0.0
8543,GCA_001625485.2,GCA_047748115.1,Crotalus horridus,Crotalus aquilus,Reptilia,12.537385,0.000682395,0.000434804,0.000414547,0.000682705,0.0
8565,GCA_047748115.1,GCA_000737285.1,Crotalus aquilus,Crotalus pyrrhus,Reptilia,12.537385,4.93e-06,3.17e-06,3.03e-06,4.93e-06,
8566,GCA_046269885.1,GCA_024449315.1,Daboia russelii,Daboia siamensis,Reptilia,15.826,0.000263521,0.000163091,0.000154888,0.000263567,0.0
8568,GCA_032766585.1,GCA_034641385.1,Darevskia unisexualis,Darevskia mixta,Reptilia,10.762354,0.005824744,0.003435483,0.003223788,0.00584748,0.0
8575,GCA_034641385.1,GCA_034642065.1,Darevskia mixta,Darevskia nairensis,Reptilia,10.0683,0.004395816,0.00259444,0.002435804,0.004408749,
8576,GCA_046270985.1,GCA_046270305.1,Dendrelaphis caudolineolatus,Dendrelaphis schokari,Reptilia,19.19985,2.12e-05,1.25e-05,1.17e-05,2.12e-05,5128.60180594434
8577,GCA_046270985.1,GCA_046270525.1,Dendrelaphis caudolineolatus,Dendrelaphis bifrenalis,Reptilia,19.36156,4.64e-05,2.72e-05,2.56e-05,4.64e-05,5380.71965289249
8582,GCA_046270445.1,GCA_046270465.1,Fowlea piscator,Fowlea asperrima,Reptilia,14.3827095,0.000267802,0.000163079,0.000154155,0.00026785,0.0
8583,GCA_029375565.1,GCF_001447785.1,Gekko gecko,Gekko japonicus,Reptilia,55.68091,0.000144884,9.06e-05,8.57e-05,0.000144898,193212.735601418
8584,GCA_046271145.1,GCA_046118495.1,Hemidactylus flaviviridis,Hemidactylus macropholis,Reptilia,53.1152615,1.26e-05,7.05e-06,6.56e-06,1.26e-05,0.0
8585,GCA_046271145.1,GCA_042902835.1,Hemidactylus flaviviridis,Hemidactylus brookii,Reptilia,44.633299,1.18e-05,6.65e-06,6.2e-06,1.18e-05,2474522.9629045
8596,GCA_033807585.1,GCA_033807725.1,Hydrophis major,Hydrophis elegans,Reptilia,5.8885915,0.005331263,0.003594218,0.003449078,0.005350302,950345.753416346
8612,GCA_037055225.1,GCA_046269805.1,Hydrophis ornatus,Hydrophis schistosus,Reptilia,3.895375,0.00029913,0.000190168,0.000181253,0.00029919,5012531.61040805
8615,GCA_027560375.1,GCA_044335585.1,Imantodes cenchoa,Imantodes gemmistratus,Reptilia,11.29374,2.75e-05,1.7e-05,1.61e-05,2.75e-05,169837.075576392
8616,GCF_009819535.1,GCA_900245905.1,Lacerta agilis,Lacerta viridis,Reptilia,21.17458,0.007616393,0.00443139,0.004158584,0.00765533,822193.28395971
8619,GCA_015471245.1,GCA_004320025.1,Laticauda colubrina,Laticauda laticaudata,Reptilia,15.173807,0.003685217,0.002055968,0.001935409,0.0036943,5867172.63634408
8620,GCA_046270265.1,GCA_047748155.1,Lycodon aulicus,Lycodon carinatus,Reptilia,20.340765,4.13e-05,2.55e-05,2.42e-05,4.13e-05,3389.5165684463
8621,GCA_046269865.1,GCA_042902875.1,Micrurus fulvius,Micrurus diastema,Reptilia,3.024088,0.000367179,0.000225355,0.000214008,0.000367269,0.0
8622,GCA_047032895.1,GCA_027559625.1,Morelia carinata,Morelia viridis,Reptilia,14.39921,0.001726423,0.001104303,0.001049779,0.001728413,0.0
8623,GCA_009733165.1,GCA_043658275.1,Naja naja,Naja melanoleuca,Reptilia,18.91191,0.000840167,0.000524125,0.000498314,0.000840638,0.0
8624,GCA_009733165.1,GCA_042902795.1,Naja naja,Naja nigricollis,Reptilia,18.91191,0.000817053,0.000514235,0.000489523,0.000817498,0.0
8629,GCA_046270245.1,GCA_046270565.1,Oligodon sublineatus,Oligodon taeniolatus,Reptilia,15.819711,9.54e-05,5.69e-05,5.37e-05,9.54e-05,31785.8214596482
8631,GCF_029531705.1,GCA_037215915.1,Pantherophis guttatus,Pantherophis vulpinus,Reptilia,10.6652005,0.010140682,0.006602496,0.006303779,0.010209862,0.0
8638,GCA_037215915.1,GCA_012654085.1,Pantherophis vulpinus,Pantherophis obsoletus,Reptilia,11.595444,0.005949339,0.003857769,0.003681716,0.005973061,14025.7554217392
8640,GCA_037367305.1,GCA_023846285.1,Phrynocephalus vlangalii,Phrynocephalus versicolor,Reptilia,22.507275,0.002105536,0.001195444,0.001114024,0.002108497,36033.8638497837
8641,GCA_037367305.1,GCA_029282475.1,Phrynocephalus vlangalii,Phrynocephalus forsythii,Reptilia,11.42668,0.008438441,0.004862144,0.004553733,0.008486272,491.432004538605
8669,GCF_004329235.1,GCA_965153305.1,Podarcis muralis,Podarcis tiliguerta,Reptilia,14.959189,0.004974406,0.002973118,0.002793736,0.004990976,0.0
8687,GCA_951804945.1,GCA_965112155.1,Podarcis cretensis,Podarcis liolepis,Reptilia,15.946785,0.004199857,0.002545315,0.002395894,0.004211661,0.0
8738,GCF_001527695.2,GCA_003402635.1,Protobothrops mucrosquamatus,Protobothrops flavoviridis,Reptilia,11.9401825,0.004158094,0.002606716,0.002477717,0.004169663,0.0
8739,GCA_044335465.1,GCA_043091005.1,Psammophis sibilans,Psammophis punctulatus,Reptilia,17.08518,0.000103972,6.5e-05,6.16e-05,0.000103979,1658024.87076457
8740,GCA_016801065.1,GCF_019175285.1,Sceloporus tristichus,Sceloporus undulatus,Reptilia,25.295,0.007864687,0.004688329,0.004432417,0.007906213,
8741,GCA_016801065.1,GCA_023333645.1,Sceloporus tristichus,Sceloporus occidentalis,Reptilia,25.295,0.011608452,0.007302116,0.006914324,0.011699227,
8746,GCA_036250565.1,GCA_047032955.1,Sibynophis collaris,Sibynophis subpunctatus,Reptilia,35.5302245,2.99e-06,1.74e-06,1.63e-06,2.99e-06,0.0
8747,GCA_031001705.1,GCA_026541955.2,Simalia tracyae,Simalia boeleni,Reptilia,11.74897,1.38e-07,6.85e-08,6.2e-08,1.38e-07,0.0
8748,GCF_021028975.2,GCA_044758865.1,Sphaerodactylus townsendi,Sphaerodactylus glaucus,Reptilia,34.82176,9.38e-06,5.22e-06,4.84e-06,9.38e-06,0.0
8749,GCF_009769535.1,GCF_001077635.1,Thamnophis elegans,Thamnophis sirtalis,Reptilia,8.35203,0.001252781,0.000731999,0.000691375,0.001253828,1222339.73698092
8750,GCF_009769535.1,GCA_046269945.1,Thamnophis elegans,Thamnophis saurita,Reptilia,8.35203,0.000580421,0.00034043,0.000321536,0.000580646,0.0
8753,GCA_044473165.1,GCA_043090965.1,Trachylepis maculilabris,Trachylepis brevicollis,Reptilia,37.658765,6.71e-05,4.02e-05,3.79e-05,6.71e-05,1004338.94562864
8754,GCA_044473165.1,GCA_043656535.1,Trachylepis maculilabris,Trachylepis striata,Reptilia,34.26049,7.33e-05,4.33e-05,4.06e-05,7.33e-05,4039308.80304091
8756,GCA_032467975.1,GCA_047748215.1,Trimeresurus albolabris,Trimeresurus trigonocephalus,Reptilia,23.4423,2.36e-05,1.51e-05,1.44e-05,2.36e-05,0.0
8757,GCA_043110945.1,GCA_042902895.1,Trioceros harennae,Trioceros balebicornutus,Reptilia,3.47348,2.88e-06,1.53e-06,1.42e-06,2.88e-06,1237.90137186737
8761,GCA_050042745.1,GCA_044628595.1,Varanus acanthurus,Varanus niloticus,Reptilia,39.9497,0.001978452,0.001202153,0.001131721,0.001981067,0.0
8770,GCA_964194415.1,GCA_024294585.1,Vipera berus,Vipera latastei,Reptilia,12.777317,0.005531918,0.003258217,0.003068672,0.00555242,0.0
8771,GCA_964194415.1,GCA_047301725.1,Vipera berus,Vipera ammodytes,Reptilia,15.15465,0.005901655,0.003473943,0.003271227,0.005924997,171013.5009561
8773,GCA_023634205.1,GCA_022086475.1,Actinemys pallida,Actinemys marmorata,Reptilia,4.74618,0.003837643,0.002255948,0.00212349,0.003847495,
8774,GCF_030867095.1,GCF_000455745.1,Alligator mississippiensis,Alligator sinensis,Reptilia,47.2545,0.014716219,0.009725826,0.009271079,0.014862514,0.0
8775,GCF_003597395.1,GCA_046118415.1,Chelonoidis abingdonii,Chelonoidis denticulatus,Reptilia,25.63838,0.000350452,0.000230502,0.000220181,0.000350534,
8776,GCF_001723895.1,GCA_038503035.1,Crocodylus porosus,Crocodylus rhombifer,Reptilia,14.08141,0.00412385,0.002775835,0.00265899,0.004135229,0.0
8777,GCA_003846335.1,GCA_004028625.2,Cuora mccordi,Cuora amboinensis,Reptilia,24.56,0.005643489,0.003428163,0.003234675,0.005664829,
8779,GCA_026212835.1,GCA_034782615.1,Geranoaetus albicaudatus,Geranoaetus melanoleucus,Mammalia,4.47,0.000826281,0.00055666,0.000533114,0.000826737,
8780,GCF_025201925.1,GCA_002896415.1,Gopherus flavomarginatus,Gopherus agassizii,Reptilia,17.31146,0.011039493,0.007170508,0.006825052,0.011121546,0.0
8781,GCA_965140295.1,GCF_965140265.1,Lepidochelys olivacea,Lepidochelys kempii,Reptilia,5.2,0.002926153,0.001787831,0.001693555,0.002931876,71810.574932227
8782,GCF_016161935.1,GCF_020497125.1,Mauremys reevesii,Mauremys mutica,Reptilia,25.285,0.012782471,0.007698717,0.007249398,0.012892652,
8804,GCF_000147115.1,GCF_000327345.1,Myotis lucifugus,Myotis davidii,Mammalia,12.25,0.005267334,0.003209343,0.003032254,0.005285918,0.0
5188,GCA_047404635.1,GCA_046118515.1,Anomaloglossus kaiei,Anomaloglossus beebei,Amphibia,9.04625,,,,,1373.56024863921
5189,GCF_027579735.1,GCA_964205295.1,Bombina bombina,Bombina variegata,Amphibia,25.66295,,,,,204991.800536922
5231,GCA_031753695.1,GCA_031753675.1,Desmognathus marmoratus,Desmognathus monticola,Amphibia,16.008235,,,,,7803.45584077991
5232,GCA_031753695.1,GCA_030264995.1,Desmognathus marmoratus,Desmognathus ocoee,Amphibia,16.008235,,,,,0.0
5236,GCA_031753695.1,GCA_030264455.1,Desmognathus marmoratus,Desmognathus abditus,Amphibia,16.008235,,,,,0.0
5238,GCA_031753695.1,GCA_030264935.1,Desmognathus marmoratus,Desmognathus ochrophaeus,Amphibia,16.008235,,,,,2491.25639740301
5246,GCA_030264635.1,GCA_031753675.1,Desmognathus aeneus,Desmognathus monticola,Amphibia,16.84376,,,,,32840.8036900284
5251,GCA_030264635.1,GCA_030264455.1,Desmognathus aeneus,Desmognathus abditus,Amphibia,16.84376,,,,,0.0
5253,GCA_030264635.1,GCA_030264935.1,Desmognathus aeneus,Desmognathus ochrophaeus,Amphibia,16.84376,,,,,0.0
5297,GCA_031753675.1,GCA_030264995.1,Desmognathus monticola,Desmognathus ocoee,Amphibia,13.04713,,,,,35686.6159100823
5301,GCA_031753675.1,GCA_030264455.1,Desmognathus monticola,Desmognathus abditus,Amphibia,16.55,,,,,2594.12796289917
5303,GCA_031753675.1,GCA_030264935.1,Desmognathus monticola,Desmognathus ochrophaeus,Amphibia,13.04713,,,,,101905.828538713
5311,GCA_030264995.1,GCA_030264455.1,Desmognathus ocoee,Desmognathus abditus,Amphibia,16.55,,,,,8.43054064919996
5313,GCA_030264995.1,GCA_030264935.1,Desmognathus ocoee,Desmognathus ochrophaeus,Amphibia,10.01777,,,,,0.0
5343,GCA_030264455.1,GCA_030264935.1,Desmognathus abditus,Desmognathus ochrophaeus,Amphibia,16.55,,,,,0.0
5376,GCA_031893025.1,GCA_044758665.1,Leptodactylus fuscus,Leptodactylus melanonotus,Amphibia,28.49805,1.11e-05,5.94e-06,5.45e-06,1.11e-05,16621.1878142896
5378,GCA_031893025.1,GCA_046270125.1,Leptodactylus fuscus,Leptodactylus longirostris,Amphibia,11.74726,9.45e-06,5.1e-06,4.7e-06,9.46e-06,1933918.8375977
5379,GCA_031893025.1,GCA_046270925.1,Leptodactylus fuscus,Leptodactylus knudseni,Amphibia,27.9,2.78e-06,1.51e-06,1.39e-06,2.78e-06,4975712.57979209
5381,GCA_044628515.1,GCA_044758665.1,Leptodactylus mystaceus,Leptodactylus melanonotus,Amphibia,28.49805,0.000159017,7.44e-05,6.76e-05,0.000159034,0.0
5383,GCA_044628515.1,GCA_046270125.1,Leptodactylus mystaceus,Leptodactylus longirostris,Amphibia,19.31873,,,,,1732075.52757721
5384,GCA_044628515.1,GCA_046270925.1,Leptodactylus mystaceus,Leptodactylus knudseni,Amphibia,27.9,2.78e-06,1.63e-06,1.52e-06,2.78e-06,4043553.16547068
5390,GCA_044758665.1,GCA_046270125.1,Leptodactylus melanonotus,Leptodactylus longirostris,Amphibia,28.49805,2.18e-05,1.18e-05,1.09e-05,2.18e-05,0.0
5394,GCA_046270125.1,GCA_046270925.1,Leptodactylus longirostris,Leptodactylus knudseni,Amphibia,27.9,,,,,1945961.68175934
5395,GCA_028564925.1,GCA_037952925.1,Lithobates sylvaticus,Lithobates clamitans,Amphibia,34.1975,1.08e-05,5.49e-06,5e-06,1.08e-05,
5396,GCA_028564925.1,GCA_037367395.1,Lithobates sylvaticus,Lithobates pipiens,Amphibia,26.581265,2.23e-06,1.16e-06,1.06e-06,2.23e-06,3445918.27806445
5398,GCA_028564925.1,GCA_047292555.1,Lithobates sylvaticus,Lithobates vaillanti,Amphibia,26.581265,,,,,0.0
5399,GCA_028564925.1,GCA_046245055.1,Lithobates sylvaticus,Lithobates berlandieri,Amphibia,26.581265,,,,,0.0
5400,GCA_037952925.1,GCA_037367395.1,Lithobates clamitans,Lithobates pipiens,Amphibia,26.581265,8.45e-05,4.18e-05,3.78e-05,8.45e-05,
5402,GCA_037952925.1,GCA_047292555.1,Lithobates clamitans,Lithobates vaillanti,Amphibia,26.581265,,,,,
5403,GCA_037952925.1,GCA_046245055.1,Lithobates clamitans,Lithobates berlandieri,Amphibia,26.581265,,,,,
5405,GCA_037367395.1,GCA_047292555.1,Lithobates pipiens,Lithobates vaillanti,Amphibia,28.9115,,,,,0.0
5409,GCA_047292555.1,GCA_046245055.1,Lithobates vaillanti,Lithobates berlandieri,Amphibia,28.9115,,,,,0.0
5410,GCA_009801035.1,GCA_033576555.1,Oophaga pumilio,Oophaga sylvatica,Amphibia,2.65,,,,,0.0
5413,GCA_044758425.1,GCA_046270745.1,Osteocephalus taurinus,Osteocephalus oophagus,Amphibia,4.77,2.08e-06,9.85e-07,8.9e-07,2.08e-06,1269569.54525131
5420,GCF_905171775.1,GCA_029574335.1,Rana temporaria,Rana kukunoris,Amphibia,19.23698,,,,,0.0
5421,GCF_905171775.1,GCA_029206835.1,Rana temporaria,Rana muscosa,Amphibia,26.09,,,,,0.0
5422,GCA_029574335.1,GCA_029206835.1,Rana kukunoris,Rana muscosa,Amphibia,26.09,,,,,0.0
5429,GCA_047292515.1,GCA_044758605.1,Sclerophrys steindachneri,Sclerophrys regularis,Amphibia,10.58468,,,,,1409378.48662951
5430,GCA_047292515.1,GCA_046269545.1,Sclerophrys steindachneri,Sclerophrys maculata,Amphibia,10.58468,,,,,156164.844958841
5431,GCA_044758605.1,GCA_046269545.1,Sclerophrys regularis,Sclerophrys maculata,Amphibia,12.23806,5.77e-07,3.03e-07,2.79e-07,5.77e-07,2319280.21935738
5434,GCA_029215755.1,GCA_009364415.1,Spea hammondii,Spea multiplicata,Amphibia,18.95,0.000279199,0.000138439,0.000125913,0.000279251,0.0
5439,GCF_000004195.4,GCA_024363595.1,Xenopus tropicalis,Xenopus borealis,Amphibia,58.2199,,,,,0.0
5440,GCF_000004195.4,GCA_038501925.1,Xenopus tropicalis,Xenopus petersii,Amphibia,58.2199,,,,,0.0
5441,GCF_000004195.4,GCA_046118455.1,Xenopus tropicalis,Xenopus clivii,Amphibia,58.2199,,,,,0.0
5442,GCA_024363595.1,GCA_038501925.1,Xenopus borealis,Xenopus petersii,Amphibia,39.408755,,,,,0.0
5444,GCA_038501925.1,GCA_046118455.1,Xenopus petersii,Xenopus clivii,Amphibia,31.657585,,,,,0.0
5450,GCA_021534815.1,GCA_045787745.1,Acrocephalus arundinaceus,Acrocephalus paludicola,Aves,10.61,0.019795509,0.012250372,0.01159361,0.02006144,182576.043105762
5467,GCA_035041115.1,GCA_035222285.1,Agapornis nigrigenis,Agapornis lilianae,Aves,0.86226,,,,,0.0
5470,GCA_035041115.1,GCA_036873685.1,Agapornis nigrigenis,Agapornis canus,Aves,13.435895,,,,,0.0
5471,GCA_035041115.1,GCA_034782895.1,Agapornis nigrigenis,Agapornis fischeri,Aves,1.0968,,,,,0.0
5476,GCA_035222285.1,GCA_036873685.1,Agapornis lilianae,Agapornis canus,Aves,13.435895,0.001765732,0.001153935,0.001099086,0.001767814,0.0
5477,GCA_035222285.1,GCA_034782895.1,Agapornis lilianae,Agapornis fischeri,Aves,1.0968,3.49e-05,2.2e-05,2.09e-05,3.49e-05,0.0
5489,GCA_036873685.1,GCA_034782895.1,Agapornis canus,Agapornis fischeri,Aves,13.435895,0.000316504,0.000206951,0.000197148,0.000316571,0.0
5499,GCA_033439885.1,GCA_033439865.1,Alcedo semitorquata,Alcedo quadribrachys,Aves,1.96166,0.001651647,0.000963047,0.000904192,0.001653469,139031.009360339
5502,GCA_030625065.1,GCA_038994595.1,Alectoris magna,Alectoris rufa,Aves,4.42352,0.007181235,0.00473632,0.004531974,0.007215836,0.0
5557,GCA_000332375.2,GCA_026283615.1,Amazona vittata,Amazona vinacea,Aves,7.058935,0.001499087,0.001040724,0.000999657,0.001500588,0.0
5563,GCA_000332375.2,GCA_034782995.1,Amazona vittata,Amazona versicolor,Aves,7.058935,,,,,0.0
5633,GCA_026283615.1,GCA_034782995.1,Amazona vinacea,Amazona versicolor,Aves,5.96881,,,,,0.0
5709,GCA_032165215.1,GCA_032357685.1,Anas bernieri,Anas capensis,Aves,5.13895,0.005328487,0.003414413,0.003244588,0.005347506,0.0
5710,GCA_032165215.1,GCA_038381715.1,Anas bernieri,Anas bahamensis,Aves,5.13895,0.006727729,0.004469537,0.004268505,0.006758085,0.0
5712,GCA_032165215.1,GCA_038406075.1,Anas bernieri,Anas aucklandica,Aves,2.85,0.002165232,0.001396247,0.001328047,0.002168364,0.0
5717,GCA_032357685.1,GCA_038381715.1,Anas capensis,Anas bahamensis,Aves,5.156875,0.003013913,0.001948965,0.001854099,0.003019985,0.0
5721,GCA_038381715.1,GCA_038406075.1,Anas bahamensis,Anas aucklandica,Aves,5.13895,0.001130167,0.000739136,0.000704253,0.00113102,0.0
5731,GCA_045783175.1,GCA_045782245.1,Anthus godlewskii,Anthus campestris,Aves,4.71,0.00663987,0.004036162,0.003808607,0.006669437,790946.001164072
5734,GCF_041296385.1,GCA_048174545.1,Aphelocoma coerulescens,Aphelocoma woodhouseii,Aves,4.15508,0.003365288,0.002089364,0.001980341,0.003372861,
5735,GCA_028536675.1,GCA_048182245.1,Aphelocoma californica,Aphelocoma insularis,Aves,1.67218,0.002928823,0.001800614,0.001705275,0.002934557,
5736,GCA_028536675.1,GCA_048174545.1,Aphelocoma californica,Aphelocoma woodhouseii,Aves,0.33,0.002249304,0.001384059,0.001310989,0.002252684,
5737,GCA_048182245.1,GCA_048174545.1,Aphelocoma insularis,Aphelocoma woodhouseii,Aves,0.33,0.002554051,0.001580526,0.001498328,0.00255841,
5747,GCA_045787225.1,GCA_045782545.1,Apus caffer,Apus affinis,Aves,2.93219,0.015961295,0.009738795,0.009168979,0.016133586,11904783.9725784
5749,GCA_028858755.1,GCA_013433245.1,Ara ararauna,Ara glaucogularis,Aves,5.08191,0.005572412,0.003673077,0.003505707,0.005593217,30260.1510253051
5751,GCA_028858755.1,GCA_010015965.3,Ara ararauna,Ara militaris,Aves,7.1524,1.86e-05,1.26e-05,1.2e-05,1.86e-05,142442.29923407
5752,GCA_028858755.1,GCA_010014725.2,Ara ararauna,Ara chloropterus,Aves,7.1524,4.9e-06,3.08e-06,2.91e-06,4.9e-06,6152931.80136386
5753,GCA_028858755.1,GCA_026284625.1,Ara ararauna,Ara ambiguus,Aves,7.1524,0.001270657,0.000862758,0.000826749,0.001271735,42183.7413720818
5762,GCA_013433245.1,GCA_010015965.3,Ara glaucogularis,Ara militaris,Aves,7.1524,1.83e-05,1.22e-05,1.16e-05,1.83e-05,0.0
5763,GCA_013433245.1,GCA_010014725.2,Ara glaucogularis,Ara chloropterus,Aves,7.1524,4.12e-06,2.54e-06,2.4e-06,4.12e-06,30260.1510253051
5764,GCA_013433245.1,GCA_026284625.1,Ara glaucogularis,Ara ambiguus,Aves,7.1524,0.001298651,0.000876054,0.000838747,0.001299777,0.0
5770,GCA_010015965.3,GCA_010014725.2,Ara militaris,Ara chloropterus,Aves,3.61441,1.06e-07,6.57e-08,6.22e-08,1.06e-07,91938.6089713281
5771,GCA_010015965.3,GCA_026284625.1,Ara militaris,Ara ambiguus,Aves,1.36064,3.11e-06,1.89e-06,1.78e-06,3.11e-06,2157.37657288589
5776,GCA_902168055.1,GCA_026284665.2,Aratinga solstitialis,Aratinga nenday,Aves,3.68591,0.000370142,0.000245355,0.000234759,0.000370234,0.0
5777,GCA_902168055.1,GCA_024363045.1,Aratinga solstitialis,Aratinga maculata,Aves,0.35693,0.00024871,0.00015801,0.000150768,0.000248752,0.0
5779,GCA_902168055.1,GCA_009867205.2,Aratinga solstitialis,Aratinga weddellii,Aves,8.75087,0.001533126,0.001034777,0.000991178,0.001534695,0.0
5781,GCA_026284665.2,GCA_024363045.1,Aratinga nenday,Aratinga maculata,Aves,3.68591,0.000284369,0.000189645,0.00018154,0.000284423,0.0
5783,GCA_026284665.2,GCA_009867205.2,Aratinga nenday,Aratinga weddellii,Aves,8.75087,0.000648759,0.000442638,0.000424509,0.000649039,0.0
5786,GCA_024363045.1,GCA_009867205.2,Aratinga maculata,Aratinga weddellii,Aves,8.75087,0.001227301,0.000830644,0.000795856,0.001228307,0.0
5795,GCA_042478095.1,GCF_009819795.1,Aythya ferina,Aythya fuligula,Aves,3.18423,0.008153168,0.00530459,0.00506501,0.008197808,13313630.016648
5796,GCA_042478095.1,GCA_049176275.1,Aythya ferina,Aythya americana,Aves,3.08,0.003804231,0.002458411,0.002347198,0.003813912,0.0
5797,GCF_009819795.1,GCA_049176275.1,Aythya fuligula,Aythya americana,Aves,3.18423,0.006791844,0.004414554,0.004213922,0.006822784,0.0
5799,GCA_041731235.1,GCA_030323915.1,Brotogeris cyanoptera,Brotogeris chrysoptera,Aves,1.15997,0.000139907,9.21e-05,8.8e-05,0.00013992,23531.9263924041
5800,GCA_041731235.1,GCA_040967635.1,Brotogeris cyanoptera,Brotogeris sanctithomae,Aves,6.3826,0.000129212,8.69e-05,8.32e-05,0.000129223,468811.412848974
5801,GCA_041731235.1,GCA_041108195.1,Brotogeris cyanoptera,Brotogeris versicolurus,Aves,6.3826,6.52e-07,4.59e-07,4.42e-07,6.52e-07,199849.266292612
5802,GCA_041731235.1,GCA_041108055.1,Brotogeris cyanoptera,Brotogeris pyrrhoptera,Aves,4.083285,,,,,0.0
5803,GCA_041731235.1,GCA_041108845.1,Brotogeris cyanoptera,Brotogeris chiriri,Aves,6.3826,,,,,157871.88854515
5804,GCA_034782575.1,GCA_030323915.1,Brotogeris tirica,Brotogeris chrysoptera,Aves,6.3826,0.001969675,0.001298772,0.00124028,0.001972266,0.0
5805,GCA_034782575.1,GCA_040967635.1,Brotogeris tirica,Brotogeris sanctithomae,Aves,3.790665,0.000273805,0.00018293,0.000174981,0.000273855,0.0
5806,GCA_034782575.1,GCA_041108195.1,Brotogeris tirica,Brotogeris versicolurus,Aves,3.790665,1.28e-07,7.96e-08,7.51e-08,1.28e-07,0.0
5807,GCA_034782575.1,GCA_041108055.1,Brotogeris tirica,Brotogeris pyrrhoptera,Aves,6.3826,1.18e-06,7.07e-07,6.66e-07,1.18e-06,0.0
5808,GCA_034782575.1,GCA_041108845.1,Brotogeris tirica,Brotogeris chiriri,Aves,3.790665,,,,,40859.6760464221
5809,GCA_030323915.1,GCA_040967635.1,Brotogeris chrysoptera,Brotogeris sanctithomae,Aves,6.3826,0.000396988,0.000266958,0.00025557,0.000397094,215205.356246976
5810,GCA_030323915.1,GCA_041108195.1,Brotogeris chrysoptera,Brotogeris versicolurus,Aves,6.3826,3.12e-07,1.87e-07,1.76e-07,3.12e-07,354666.865995008
5811,GCA_030323915.1,GCA_041108055.1,Brotogeris chrysoptera,Brotogeris pyrrhoptera,Aves,4.083285,3.73e-07,2.24e-07,2.11e-07,3.73e-07,0.0
5812,GCA_030323915.1,GCA_041108845.1,Brotogeris chrysoptera,Brotogeris chiriri,Aves,6.3826,,,,,75182.9380177003
5813,GCA_040967635.1,GCA_041108195.1,Brotogeris sanctithomae,Brotogeris versicolurus,Aves,3.27362,4.41e-08,2.67e-08,2.52e-08,4.41e-08,258480.445112862
5814,GCA_040967635.1,GCA_041108055.1,Brotogeris sanctithomae,Brotogeris pyrrhoptera,Aves,6.3826,7.95e-07,4.65e-07,4.36e-07,7.95e-07,0.0
5816,GCA_041108195.1,GCA_041108055.1,Brotogeris versicolurus,Brotogeris pyrrhoptera,Aves,6.3826,,,,,0.0
5817,GCA_041108195.1,GCA_041108845.1,Brotogeris versicolurus,Brotogeris chiriri,Aves,0.69465,,,,,0.0
5818,GCA_041108055.1,GCA_041108845.1,Brotogeris pyrrhoptera,Brotogeris chiriri,Aves,6.3826,9.02e-07,5.6e-07,5.3e-07,9.02e-07,0.0
5823,GCA_964188355.1,GCA_045784765.1,Buteo buteo,Buteo rufinus,Aves,0.38401,0.02632563,0.017160033,0.01630718,0.026798761,1974269.38928447
5825,GCA_964188355.1,GCA_025727815.1,Buteo buteo,Buteo lagopus,Aves,1.639375,0.001917684,0.001212589,0.001153725,0.00192014,477164.574029457
5826,GCA_964188355.1,GCA_025435075.1,Buteo buteo,Buteo lineatus,Aves,4.88,0.004305807,0.002784434,0.002653546,0.004318214,0.0
5828,GCA_964188355.1,GCA_034782635.1,Buteo buteo,Buteo brachyurus,Aves,3.1,0.003080429,0.001990518,0.001897371,0.003086772,0.0
5829,GCA_964188355.1,GCA_027564555.1,Buteo buteo,Buteo swainsoni,Aves,3.1,0.000551166,0.000364981,0.000348994,0.000551368,0.0
5838,GCA_045784765.1,GCA_025727815.1,Buteo rufinus,Buteo lagopus,Aves,1.639375,0.021138125,0.013768786,0.013087101,0.021441723,0.0
5839,GCA_045784765.1,GCA_025435075.1,Buteo rufinus,Buteo lineatus,Aves,4.88,0.023772997,0.015499781,0.014732284,0.024157923,0.0
5841,GCA_045784765.1,GCA_034782635.1,Buteo rufinus,Buteo brachyurus,Aves,3.1,0.020511884,0.013412271,0.012756205,0.020797597,0.0
5842,GCA_045784765.1,GCA_027564555.1,Buteo rufinus,Buteo swainsoni,Aves,3.1,0.003347841,0.002223199,0.002121106,0.003355336,0.0
5850,GCA_025727815.1,GCA_025435075.1,Buteo lagopus,Buteo lineatus,Aves,4.88,0.003632493,0.002336452,0.002224466,0.003641319,0.0
5852,GCA_025727815.1,GCA_034782635.1,Buteo lagopus,Buteo brachyurus,Aves,3.1,0.002720328,0.001747607,0.001664162,0.002725273,0.0
5853,GCA_025727815.1,GCA_027564555.1,Buteo lagopus,Buteo swainsoni,Aves,3.1,0.000495804,0.000326475,0.000311862,0.000495968,0.0
5854,GCA_025310515.1,GCA_025435075.1,Buteo albonotatus,Buteo lineatus,Aves,4.88,0.003766264,0.00243952,0.002324639,0.003775753,37930.4098313841
5856,GCA_025310515.1,GCA_034782635.1,Buteo albonotatus,Buteo brachyurus,Aves,3.1,0.002807734,0.001815763,0.001730287,0.002813003,5764196.59589991
5857,GCA_025310515.1,GCA_027564555.1,Buteo albonotatus,Buteo swainsoni,Aves,3.1,0.000515596,0.000342127,0.000327088,0.000515773,754484.509144227
5859,GCA_025435075.1,GCA_026937345.1,Buteo lineatus,Buteo jamaicensis,Aves,4.88,0.003766091,0.00242658,0.002311198,0.003775578,3541079.50024819
5860,GCA_025435075.1,GCA_034782635.1,Buteo lineatus,Buteo brachyurus,Aves,4.88,0.003609193,0.002339331,0.002229578,0.003617905,55524.8350934263
5865,GCA_026937345.1,GCA_034782635.1,Buteo jamaicensis,Buteo brachyurus,Aves,3.1,0.002732745,0.001758775,0.00167551,0.002737736,747333.095930092
5866,GCA_026937345.1,GCA_027564555.1,Buteo jamaicensis,Buteo swainsoni,Aves,3.1,0.000507733,0.000334808,0.000319949,0.000507905,4303054.90001245
5867,GCA_034782635.1,GCA_027564555.1,Buteo brachyurus,Buteo swainsoni,Aves,0.9,0.000348245,0.000227403,0.000217108,0.000348326,15293.1672156143
5898,GCF_001431845.1,GCA_045788245.1,Calidris pugnax,Calidris canutus,Aves,18.76462,0.023545143,0.015220663,0.014452485,0.023922647,349217.60427609
5899,GCF_001431845.1,GCA_045783155.1,Calidris pugnax,Calidris melanotos,Aves,20.1,0.021069602,0.013492869,0.012796156,0.021371216,943177.740262731
5900,GCF_001431845.1,GCA_033628465.1,Calidris pugnax,Calidris alpina,Aves,38.27201,0.019505866,0.012575387,0.011938547,0.019764004,2900755.38857647
5901,GCF_001431845.1,GCA_045788275.1,Calidris pugnax,Calidris himantopus,Aves,17.71389,0.024481146,0.015786964,0.014983861,0.02488961,0.0
5902,GCF_001431845.1,GCA_045783535.1,Calidris pugnax,Calidris maritima,Aves,38.27201,0.024794772,0.016046109,0.015237382,0.025213889,515087.044856527
5903,GCF_001431845.1,GCA_045787265.1,Calidris pugnax,Calidris fuscicollis,Aves,20.1,0.022696651,0.014615817,0.013871537,0.023047166,0.0
5904,GCF_001431845.1,GCA_045783555.1,Calidris pugnax,Calidris subruficollis,Aves,17.71389,0.021958025,0.014147483,0.013427773,0.022285876,51532.6646673213
5905,GCF_001431845.1,GCA_033628365.1,Calidris pugnax,Calidris temminckii,Aves,38.27201,0.021503912,0.013753372,0.013039706,0.021818213,3124389.43395479
5906,GCF_001431845.1,GCA_045781965.1,Calidris pugnax,Calidris minuta,Aves,38.27201,0.015698398,0.010053266,0.009536064,0.015865021,1435268.26292267
5907,GCA_045788245.1,GCA_045783155.1,Calidris canutus,Calidris melanotos,Aves,20.1,0.022388994,0.014597637,0.013878855,0.022729975,397873.604277569
5908,GCA_045788245.1,GCA_033628465.1,Calidris canutus,Calidris alpina,Aves,38.27201,0.020542422,0.013496914,0.012847431,0.020828994,419749.46411772
5909,GCA_045788245.1,GCA_045788275.1,Calidris canutus,Calidris himantopus,Aves,18.76462,0.026063776,0.01714268,0.016315186,0.02652743,87356.5471917756
5910,GCA_045788245.1,GCA_045783535.1,Calidris canutus,Calidris maritima,Aves,38.27201,0.02624413,0.017322274,0.016494286,0.0267143,322680.73939806
5911,GCA_045788245.1,GCA_045787265.1,Calidris canutus,Calidris fuscicollis,Aves,20.1,0.023956246,0.015730102,0.01496999,0.024347195,337819.35255286
5912,GCA_045788245.1,GCA_045783555.1,Calidris canutus,Calidris subruficollis,Aves,18.76462,0.0237367,0.015586679,0.014832806,0.024120438,233838.384561775
5913,GCA_045788245.1,GCA_033628365.1,Calidris canutus,Calidris temminckii,Aves,38.27201,0.022641487,0.014746354,0.014017172,0.022990283,461978.266379214
5914,GCA_045788245.1,GCA_045781965.1,Calidris canutus,Calidris minuta,Aves,38.27201,0.016641786,0.010846581,0.010314199,0.016829196,148119.830764971
5915,GCA_045783155.1,GCA_033628465.1,Calidris melanotos,Calidris alpina,Aves,38.27201,0.013905897,0.009059358,0.008622267,0.014036429,1436651.48467735
5916,GCA_045783155.1,GCA_045788275.1,Calidris melanotos,Calidris himantopus,Aves,20.1,0.017149981,0.011154103,0.010610537,0.017349104,282256.559474366
5917,GCA_045783155.1,GCA_045783535.1,Calidris melanotos,Calidris maritima,Aves,38.27201,0.017204624,0.011265707,0.010727483,0.017405027,339599.940659717
5918,GCA_045783155.1,GCA_045787265.1,Calidris melanotos,Calidris fuscicollis,Aves,10.3,0.013050172,0.008467312,0.008057081,0.013165045,723101.624508421
5919,GCA_045783155.1,GCA_045783555.1,Calidris melanotos,Calidris subruficollis,Aves,20.1,0.013561814,0.008813048,0.008387295,0.013685928,486548.582884521
5920,GCA_045783155.1,GCA_033628365.1,Calidris melanotos,Calidris temminckii,Aves,38.27201,0.018747027,0.012075564,0.011466695,0.018985307,1007770.04399095
5921,GCA_045783155.1,GCA_045781965.1,Calidris melanotos,Calidris minuta,Aves,38.27201,0.010188235,0.006557473,0.006232079,0.010258068,706005.517545863
5922,GCA_033628465.1,GCA_045788275.1,Calidris alpina,Calidris himantopus,Aves,38.27201,0.015544316,0.010217101,0.009734362,0.015707661,146163.654592375
5924,GCA_033628465.1,GCA_045787265.1,Calidris alpina,Calidris fuscicollis,Aves,38.27201,0.01463563,0.009622314,0.009169567,0.014780316,343102.228047418
5925,GCA_033628465.1,GCA_045783555.1,Calidris alpina,Calidris subruficollis,Aves,38.27201,0.01448401,0.00952875,0.009081024,0.014625695,201062.323880481
5926,GCA_033628465.1,GCA_033628365.1,Calidris alpina,Calidris temminckii,Aves,17.08872,0.017452749,0.011338728,0.010780862,0.017659021,2670713.5138003
5927,GCA_033628465.1,GCA_045781965.1,Calidris alpina,Calidris minuta,Aves,13.50519,0.010510476,0.006852498,0.006522902,0.010584818,1648153.10540949
5928,GCA_045788275.1,GCA_045783535.1,Calidris himantopus,Calidris maritima,Aves,38.27201,0.01811617,0.011971776,0.011412952,0.018338555,0.0
5929,GCA_045788275.1,GCA_045787265.1,Calidris himantopus,Calidris fuscicollis,Aves,20.1,0.016716368,0.010970979,0.01045061,0.016905474,203757.584224304
5930,GCA_045788275.1,GCA_045783555.1,Calidris himantopus,Calidris subruficollis,Aves,14.86469,0.016686417,0.010957314,0.010437511,0.016874842,227045.179307195
5931,GCA_045788275.1,GCA_033628365.1,Calidris himantopus,Calidris temminckii,Aves,38.27201,0.019100699,0.012389465,0.011775791,0.019348133,0.0
5932,GCA_045788275.1,GCA_045781965.1,Calidris himantopus,Calidris minuta,Aves,38.27201,0.011700552,0.007608074,0.007238074,0.011792782,0.0
5933,GCA_045783535.1,GCA_045787265.1,Calidris maritima,Calidris fuscicollis,Aves,38.27201,0.017010123,0.011242245,0.01071975,0.017205987,505828.405222188
5934,GCA_045783535.1,GCA_045783555.1,Calidris maritima,Calidris subruficollis,Aves,38.27201,0.017162923,0.011343636,0.010815535,0.017362348,77836.7742096504
5935,GCA_045783535.1,GCA_033628365.1,Calidris maritima,Calidris temminckii,Aves,12.95259,0.019943637,0.013008892,0.012373959,0.020213599,518902.507309836
5936,GCA_045783535.1,GCA_045781965.1,Calidris maritima,Calidris minuta,Aves,17.08872,0.011999468,0.007856015,0.00748156,0.012096496,474562.479394191
5938,GCA_045787265.1,GCA_033628365.1,Calidris fuscicollis,Calidris temminckii,Aves,38.27201,0.018786827,0.012184096,0.01158122,0.019026128,0.0
5939,GCA_045787265.1,GCA_045781965.1,Calidris fuscicollis,Calidris minuta,Aves,38.27201,0.009565869,0.006210051,0.005909563,0.009627397,0.0
5940,GCA_045783555.1,GCA_033628365.1,Calidris subruficollis,Calidris temminckii,Aves,38.27201,0.018620913,0.012086771,0.011490027,0.018855971,43646.9965512912
5941,GCA_045783555.1,GCA_045781965.1,Calidris subruficollis,Calidris minuta,Aves,38.27201,0.010226834,0.006654545,0.006334073,0.0102972,0.0
5942,GCA_033628365.1,GCA_045781965.1,Calidris temminckii,Calidris minuta,Aves,17.08872,0.014108723,0.009092424,0.008635881,0.014243115,1539658.05200855
5945,GCF_009819885.2,GCA_021437205.1,Catharus ustulatus,Catharus bicknelli,Aves,4.73,0.007282804,0.004767802,0.004548512,0.007318394,0.0
5946,GCA_013398975.1,GCA_021437185.1,Catharus fuscescens,Catharus minimus,Aves,0.81,0.006022642,0.003812825,0.003621264,0.006046954,27614.7784039981
5947,GCA_013398975.1,GCA_021437205.1,Catharus fuscescens,Catharus bicknelli,Aves,0.81,0.003952106,0.00252105,0.002397047,0.003962555,35735.6221974542
5948,GCA_021437185.1,GCA_021437205.1,Catharus minimus,Catharus bicknelli,Aves,0.455,0.002380435,0.001512157,0.001439012,0.002384221,3336.66503452622
5951,GCA_027564115.1,GCA_024611195.1,Ceyx argentatus,Ceyx melanurus,Aves,3.46338,0.003974474,0.002414849,0.002278632,0.003985042,0.0
5953,GCA_027564115.1,GCA_040366095.1,Ceyx argentatus,Ceyx lepidus,Aves,2.67854,0.003183286,0.001944278,0.001837435,0.003190061,0.0
5954,GCA_027564115.1,GCA_013401355.1,Ceyx argentatus,Ceyx cyanopectus,Aves,1.44821,0.000778814,0.0004739,0.00044814,0.000779219,0.0
5955,GCA_024611195.1,GCA_027560035.1,Ceyx melanurus,Ceyx erithaca,Aves,4.37085,0.005273731,0.003131266,0.002941715,0.00529236,0.0
5956,GCA_024611195.1,GCA_040366095.1,Ceyx melanurus,Ceyx lepidus,Aves,3.46338,0.005511336,0.003323626,0.003132292,0.005531685,0.0
5957,GCA_024611195.1,GCA_013401355.1,Ceyx melanurus,Ceyx cyanopectus,Aves,3.46338,0.001920155,0.001172375,0.001107158,0.001922618,59876.2007881016
5958,GCA_027560035.1,GCA_040366095.1,Ceyx erithaca,Ceyx lepidus,Aves,4.37085,0.006294309,0.003719824,0.003491835,0.00632087,0.0
5960,GCA_040366095.1,GCA_013401355.1,Ceyx lepidus,Ceyx cyanopectus,Aves,2.67854,0.001917094,0.001165896,0.001101068,0.001919549,0.0
5964,GCA_027560095.1,GCA_013399075.1,Chloroceryle inda,Chloroceryle aenea,Aves,3.57685,0.005558444,0.003258164,0.003052768,0.005579144,7734833.22119403
5968,GCA_013397655.1,GCA_045788085.1,Chroicocephalus maculipennis,Chroicocephalus genei,Aves,1.2,0.004649072,0.003060543,0.002921283,0.004663541,
5972,GCA_030584885.1,GCA_027574825.1,Ciconia ciconia,Ciconia nigra,Aves,8.37548,0.013877849,0.008950609,0.008498348,0.014007852,2309867.47006999
5984,GCA_045784585.1,GCA_026770195.1,Circus aeruginosus,Circus approximans,Aves,1.2,0.001609501,0.000946414,0.000891607,0.001611231,0.0
6010,GCF_020740725.1,GCF_017639235.1,Corvus hawaiiensis,Corvus kubaryi,Aves,28.932735,0.007443071,0.004957293,0.00474001,0.00748025,
6011,GCF_020740725.1,GCA_014363025.1,Corvus hawaiiensis,Corvus macrorhynchos,Aves,28.932735,0.005700134,0.003788976,0.00362254,0.005721905,
6012,GCF_020740725.1,GCF_000691975.1,Corvus hawaiiensis,Corvus brachyrhynchos,Aves,28.932735,0.006265321,0.0040591,0.003865449,0.006291638,
6013,GCF_020740725.1,GCA_045782155.1,Corvus hawaiiensis,Corvus corax,Aves,28.932735,0.001713011,0.001140667,0.00109118,0.001714971,
6019,GCF_017639235.1,GCF_000691975.1,Corvus kubaryi,Corvus brachyrhynchos,Aves,6.32384,0.00610656,0.003962459,0.003774585,0.006131556,0.0
6021,GCA_014363025.1,GCF_000691975.1,Corvus macrorhynchos,Corvus brachyrhynchos,Aves,6.32384,0.004375261,0.002835825,0.002701456,0.004388073,0.0
6022,GCA_014363025.1,GCA_045782155.1,Corvus macrorhynchos,Corvus corax,Aves,7.51917,0.00150222,0.000997273,0.000953563,0.001503726,3081553.2014217
6023,GCF_000691975.1,GCA_045782155.1,Corvus brachyrhynchos,Corvus corax,Aves,7.51917,0.002036146,0.001325326,0.00126341,0.002038915,6545487.35883045
6027,GCA_027576295.1,GCA_027575645.1,Cossypha polioptera,Cossypha caffra,Aves,4.11,0.015116192,0.009469265,0.008959077,0.015270603,
6032,GCA_045787085.1,GCA_045784925.1,Curruca ruppeli,Curruca communis,Aves,4.37495,0.007050938,0.004464735,0.004238089,0.007084291,221593.842094102
6059,GCA_011317185.2,GCA_026284785.1,Eupsittula pertinax,Eupsittula nana,Aves,6.70383,0.000506713,0.000347508,0.00033355,0.000506885,0.0
6061,GCA_011317185.2,GCA_024320935.1,Eupsittula pertinax,Eupsittula cactorum,Aves,4.85983,0.00020625,0.000141931,0.000136266,0.000206278,0.0
6062,GCA_011317185.2,GCA_026283745.1,Eupsittula pertinax,Eupsittula aurea,Aves,6.70383,0.000149332,0.000104086,0.000100074,0.000149347,1215.87384852106
6063,GCA_026284785.1,GCA_026284725.1,Eupsittula nana,Eupsittula canicularis,Aves,5.93849,0.000307058,0.000209746,0.000201303,0.00030712,0.0
6064,GCA_026284785.1,GCA_024320935.1,Eupsittula nana,Eupsittula cactorum,Aves,6.70383,0.00039919,0.000276409,0.000265594,0.000399296,0.0
6065,GCA_026284785.1,GCA_026283745.1,Eupsittula nana,Eupsittula aurea,Aves,5.19913,0.000226222,0.00015871,0.000152718,0.000226257,0.0
6066,GCA_026284725.1,GCA_024320935.1,Eupsittula canicularis,Eupsittula cactorum,Aves,6.70383,0.000208012,0.000143394,0.000137681,0.000208041,0.0
6068,GCA_024320935.1,GCA_026283745.1,Eupsittula cactorum,Eupsittula aurea,Aves,6.70383,0.0001365,9.52e-05,9.15e-05,0.000136512,1195222.79098876
6069,GCF_023634155.1,GCF_023634085.1,Falco peregrinus,Falco cherrug,Aves,2.1394,0.003321522,0.002093273,0.001994036,0.003328899,1965493.70613421
6070,GCF_023634155.1,GCF_015220075.1,Falco peregrinus,Falco rusticolus,Aves,2.1394,0.004406927,0.002731368,0.002601302,0.004419925,7126843.14878666
6071,GCF_023634155.1,GCF_023638135.1,Falco peregrinus,Falco biarmicus,Aves,2.1394,0.003254275,0.002049356,0.001952311,0.003261356,1017081.50912075
6072,GCF_023634155.1,GCF_017639655.2,Falco peregrinus,Falco naumanni,Aves,6.82,0.014746201,0.009565626,0.009109905,0.014893096,3561926.47498223
6073,GCF_023634155.1,GCA_963210335.1,Falco peregrinus,Falco punctatus,Aves,6.82,0.013670346,0.008830198,0.008404072,0.013796466,0.0
6074,GCF_023634155.1,GCA_024430995.1,Falco peregrinus,Falco tinnunculus,Aves,6.82,0.014622987,0.009447325,0.008990178,0.014767422,15409812.6227671
6075,GCF_023634155.1,GCA_034782035.1,Falco peregrinus,Falco sparverius,Aves,9.72,0.000126969,8.07e-05,7.66e-05,0.000126979,7004787.78632635
6077,GCF_023634155.1,GCA_034782775.1,Falco peregrinus,Falco subbuteo,Aves,6.28968,0.008233236,0.00523031,0.004969978,0.00827876,14469806.0299576
6078,GCF_023634155.1,GCA_027122955.1,Falco peregrinus,Falco deiroleucus,Aves,6.28968,0.009145367,0.005842261,0.005555762,0.009201583,0.0
6080,GCF_023634155.1,GCA_027564205.1,Falco peregrinus,Falco columbarius,Aves,4.84916,0.009583938,0.006158653,0.005860261,0.009645699,17790438.5845131
6081,GCF_023634155.1,GCA_027564455.1,Falco peregrinus,Falco novaeseelandiae,Aves,5.864645,0.007977416,0.005106252,0.004858579,0.008020146,0.0
6082,GCF_023634155.1,GCA_025727955.1,Falco peregrinus,Falco cenchroides,Aves,6.82,0.011807088,0.007600488,0.007229971,0.011901013,1336145.20425548
6083,GCF_023634155.1,GCA_025630005.1,Falco peregrinus,Falco fasciinucha,Aves,0.74,0.002131878,0.001312322,0.001246576,0.002134914,0.0
6084,GCF_023634155.1,GCA_027122915.1,Falco peregrinus,Falco femoralis,Aves,5.864645,0.007388014,0.004728571,0.004499579,0.007424644,547804.370703851
6085,GCF_023634155.1,GCA_027564435.1,Falco peregrinus,Falco berigora,Aves,6.106666667,0.004918168,0.003177773,0.003026614,0.004934364,1933186.543109
6086,GCF_023634155.1,GCA_035590535.1,Falco peregrinus,Falco concolor,Aves,6.28968,0.006060429,0.003860137,0.003669614,0.006085047,66405.2764614398
6087,GCF_023634155.1,GCA_034782095.1,Falco peregrinus,Falco jugger,Aves,2.1394,1.8e-06,1.07e-06,1e-06,1.8e-06,623929.998647516
6088,GCF_023634155.1,GCA_034782235.1,Falco peregrinus,Falco dickinsoni,Aves,4.84916,6.62e-06,4.1e-06,3.88e-06,6.62e-06,0.0
6089,GCF_023634155.1,GCA_034781615.1,Falco peregrinus,Falco ardosiaceus,Aves,4.84916,8.83e-06,5.43e-06,5.13e-06,8.83e-06,159708.985221239
6090,GCF_023634155.1,GCA_045787805.1,Falco peregrinus,Falco eleonorae,Aves,6.28968,0.009343136,0.005954258,0.005660619,0.00940182,19893.0344429633
6092,GCF_023634155.1,GCA_032274425.1,Falco peregrinus,Falco moluccensis,Aves,6.82,0.001779586,0.001133633,0.001077415,0.001781701,465166.574967756
6093,GCF_023634155.1,GCA_034781875.1,Falco peregrinus,Falco chicquera,Aves,3.59,4.42e-05,2.57e-05,2.4e-05,4.42e-05,621802.557561596
6094,GCF_023634155.1,GCA_034782155.1,Falco peregrinus,Falco zoniventris,Aves,6.82,5.61e-06,3.39e-06,3.19e-06,5.61e-06,411886.916995154
6095,GCF_023634085.1,GCF_015220075.1,Falco cherrug,Falco rusticolus,Aves,0.28,0.001410492,0.000787479,0.000747265,0.00141182,0.0
6096,GCF_023634085.1,GCF_023638135.1,Falco cherrug,Falco biarmicus,Aves,1.2,0.001943374,0.001186153,0.001126841,0.001945896,8171.3618499615
6097,GCF_023634085.1,GCF_017639655.2,Falco cherrug,Falco naumanni,Aves,6.82,0.014693624,0.009527211,0.009071806,0.014839467,4464344.70505582
6098,GCF_023634085.1,GCA_963210335.1,Falco cherrug,Falco punctatus,Aves,6.82,0.013516443,0.008727464,0.008304882,0.013639722,0.0
6099,GCF_023634085.1,GCA_024430995.1,Falco cherrug,Falco tinnunculus,Aves,6.82,0.014554639,0.009397137,0.008940918,0.014697718,6788565.7968549
6100,GCF_023634085.1,GCA_034782035.1,Falco cherrug,Falco sparverius,Aves,9.72,0.000125817,8.01e-05,7.61e-05,0.000125827,0.0
6102,GCF_023634085.1,GCA_034782775.1,Falco cherrug,Falco subbuteo,Aves,6.28968,0.00816407,0.005180545,0.004921431,0.00820883,4988170.93893806
6103,GCF_023634085.1,GCA_027122955.1,Falco cherrug,Falco deiroleucus,Aves,6.28968,0.009082874,0.00579713,0.005511464,0.009138321,0.0
6105,GCF_023634085.1,GCA_027564205.1,Falco cherrug,Falco columbarius,Aves,4.84916,0.00952129,0.006112839,0.005815293,0.009582243,759322.05802309
6106,GCF_023634085.1,GCA_027564455.1,Falco cherrug,Falco novaeseelandiae,Aves,5.864645,0.007906411,0.005056113,0.004809627,0.007948381,0.0
6107,GCF_023634085.1,GCA_025727955.1,Falco cherrug,Falco cenchroides,Aves,6.82,0.011744177,0.007555272,0.007185688,0.011837098,0.0
6108,GCF_023634085.1,GCA_025630005.1,Falco cherrug,Falco fasciinucha,Aves,2.1394,0.003376371,0.002127925,0.002024016,0.003383994,0.0
6109,GCF_023634085.1,GCA_027122915.1,Falco cherrug,Falco femoralis,Aves,5.864645,0.007317858,0.004678103,0.004450154,0.007353793,0.0
6110,GCF_023634085.1,GCA_027564435.1,Falco cherrug,Falco berigora,Aves,6.106666667,0.004863239,0.003138864,0.002988656,0.004879075,0.0
6111,GCF_023634085.1,GCA_035590535.1,Falco cherrug,Falco concolor,Aves,6.28968,0.005999833,0.003816301,0.003626847,0.006023961,0.0
6112,GCF_023634085.1,GCA_034782095.1,Falco cherrug,Falco jugger,Aves,0.74,8.49e-07,5.26e-07,4.97e-07,8.49e-07,0.0
6113,GCF_023634085.1,GCA_034782235.1,Falco cherrug,Falco dickinsoni,Aves,4.84916,8.63e-06,5.39e-06,5.11e-06,8.63e-06,0.0
6114,GCF_023634085.1,GCA_034781615.1,Falco cherrug,Falco ardosiaceus,Aves,4.84916,9.96e-06,6.13e-06,5.79e-06,9.96e-06,0.0
6115,GCF_023634085.1,GCA_045787805.1,Falco cherrug,Falco eleonorae,Aves,6.28968,0.009325562,0.005936971,0.005642779,0.009384025,0.0
6117,GCF_023634085.1,GCA_032274425.1,Falco cherrug,Falco moluccensis,Aves,6.82,0.001773094,0.001127359,0.001071089,0.001775193,0.0
6118,GCF_023634085.1,GCA_034781875.1,Falco cherrug,Falco chicquera,Aves,3.59,3.37e-05,1.96e-05,1.83e-05,3.37e-05,0.0
6119,GCF_023634085.1,GCA_034782155.1,Falco cherrug,Falco zoniventris,Aves,6.82,4.42e-06,2.72e-06,2.57e-06,4.42e-06,0.0
6120,GCF_015220075.1,GCF_023638135.1,Falco rusticolus,Falco biarmicus,Aves,1.2,0.00215469,0.001280157,0.001216858,0.002157791,0.0
6121,GCF_015220075.1,GCF_017639655.2,Falco rusticolus,Falco naumanni,Aves,6.82,0.015313423,0.009888146,0.009414978,0.015471918,0.0
6122,GCF_015220075.1,GCA_963210335.1,Falco rusticolus,Falco punctatus,Aves,6.82,0.014216981,0.009141257,0.008698263,0.014353457,0.0
6123,GCF_015220075.1,GCA_024430995.1,Falco rusticolus,Falco tinnunculus,Aves,6.82,0.014705767,0.009449179,0.008989364,0.014851852,338980.836409978
6124,GCF_015220075.1,GCA_034782035.1,Falco rusticolus,Falco sparverius,Aves,9.72,0.000124629,7.87e-05,7.47e-05,0.00012464,383911.532104517
6126,GCF_015220075.1,GCA_034782775.1,Falco rusticolus,Falco subbuteo,Aves,6.28968,0.008323247,0.005247371,0.004984199,0.008369776,508579.626604211
6127,GCF_015220075.1,GCA_027122955.1,Falco rusticolus,Falco deiroleucus,Aves,6.28968,0.009236307,0.005854829,0.005565434,0.009293651,0.0
6129,GCF_015220075.1,GCA_027564205.1,Falco rusticolus,Falco columbarius,Aves,4.84916,0.009685236,0.006179033,0.005877363,0.009748316,3895259.399802
6130,GCF_015220075.1,GCA_027564455.1,Falco rusticolus,Falco novaeseelandiae,Aves,5.864645,0.008077138,0.005127247,0.004876442,0.008120946,0.0
6131,GCF_015220075.1,GCA_025727955.1,Falco rusticolus,Falco cenchroides,Aves,6.82,0.011931583,0.007637573,0.00726317,0.01202751,0.0
6132,GCF_015220075.1,GCA_025630005.1,Falco rusticolus,Falco fasciinucha,Aves,2.1394,0.003478738,0.002154073,0.002048055,0.00348683,0.0
6133,GCF_015220075.1,GCA_027122915.1,Falco rusticolus,Falco femoralis,Aves,5.864645,0.007480779,0.004744819,0.004512763,0.007518337,0.0
6134,GCF_015220075.1,GCA_027564435.1,Falco rusticolus,Falco berigora,Aves,6.106666667,0.004970916,0.00318758,0.003034729,0.004987462,0.0
6135,GCF_015220075.1,GCA_035590535.1,Falco rusticolus,Falco concolor,Aves,6.28968,0.006116274,0.003864632,0.003672255,0.00614135,0.0
6136,GCF_015220075.1,GCA_034782095.1,Falco rusticolus,Falco jugger,Aves,0.74,1.53e-06,8.69e-07,8.15e-07,1.53e-06,0.0
6137,GCF_015220075.1,GCA_034782235.1,Falco rusticolus,Falco dickinsoni,Aves,4.84916,8.56e-06,5.32e-06,5.04e-06,8.56e-06,0.0
6138,GCF_015220075.1,GCA_034781615.1,Falco rusticolus,Falco ardosiaceus,Aves,4.84916,7.38e-06,4.4e-06,4.15e-06,7.38e-06,0.0
6139,GCF_015220075.1,GCA_045787805.1,Falco rusticolus,Falco eleonorae,Aves,6.28968,0.009703521,0.006137736,0.005832743,0.00976684,0.0
6141,GCF_015220075.1,GCA_032274425.1,Falco rusticolus,Falco moluccensis,Aves,6.82,0.00178936,0.001131691,0.001075121,0.001791497,0.0
6142,GCF_015220075.1,GCA_034781875.1,Falco rusticolus,Falco chicquera,Aves,3.59,3.79e-05,2.2e-05,2.06e-05,3.79e-05,0.0
6143,GCF_015220075.1,GCA_034782155.1,Falco rusticolus,Falco zoniventris,Aves,6.82,4.94e-06,2.98e-06,2.81e-06,4.94e-06,0.0
6144,GCF_023638135.1,GCF_017639655.2,Falco biarmicus,Falco naumanni,Aves,6.82,0.014732146,0.009550541,0.009094168,0.01487876,370917.561847701
6145,GCF_023638135.1,GCA_963210335.1,Falco biarmicus,Falco punctatus,Aves,6.82,0.013747011,0.008873765,0.008444021,0.013874558,0.0
6146,GCF_023638135.1,GCA_024430995.1,Falco biarmicus,Falco tinnunculus,Aves,6.82,0.014543213,0.009387144,0.008931278,0.014686066,13950437.2100522
6147,GCF_023638135.1,GCA_034782035.1,Falco biarmicus,Falco sparverius,Aves,9.72,0.000125721,7.97e-05,7.57e-05,0.000125732,0.0
6149,GCF_023638135.1,GCA_034782775.1,Falco biarmicus,Falco subbuteo,Aves,6.28968,0.008138668,0.005163892,0.004905726,0.008183148,261533.468310143
6150,GCF_023638135.1,GCA_027122955.1,Falco biarmicus,Falco deiroleucus,Aves,6.28968,0.009128302,0.005824729,0.005537702,0.009184308,0.0
6152,GCF_023638135.1,GCA_027564205.1,Falco biarmicus,Falco columbarius,Aves,4.84916,0.009491653,0.006091732,0.005795242,0.009552225,0.0
6153,GCF_023638135.1,GCA_027564455.1,Falco biarmicus,Falco novaeseelandiae,Aves,5.864645,0.007905734,0.005054287,0.004807952,0.007947697,0.0
6154,GCF_023638135.1,GCA_025727955.1,Falco biarmicus,Falco cenchroides,Aves,6.82,0.011735624,0.007547755,0.007178536,0.01182841,0.0
6155,GCF_023638135.1,GCA_025630005.1,Falco biarmicus,Falco fasciinucha,Aves,2.1394,0.003351679,0.002111556,0.002008681,0.00335919,497491.232314385
6156,GCF_023638135.1,GCA_027122915.1,Falco biarmicus,Falco femoralis,Aves,5.864645,0.007310644,0.00467321,0.004445755,0.007346508,0.0
6157,GCF_023638135.1,GCA_027564435.1,Falco biarmicus,Falco berigora,Aves,6.106666667,0.004861626,0.003136303,0.002986297,0.004877451,0.0
6158,GCF_023638135.1,GCA_035590535.1,Falco biarmicus,Falco concolor,Aves,6.28968,0.006014443,0.003825,0.003635172,0.006038688,95368.6780564301
6159,GCF_023638135.1,GCA_034782095.1,Falco biarmicus,Falco jugger,Aves,1.2,1.89e-06,1.1e-06,1.03e-06,1.89e-06,0.0
6160,GCF_023638135.1,GCA_034782235.1,Falco biarmicus,Falco dickinsoni,Aves,4.84916,7.8e-06,4.83e-06,4.57e-06,7.8e-06,3310054.24604168
6161,GCF_023638135.1,GCA_034781615.1,Falco biarmicus,Falco ardosiaceus,Aves,4.84916,8.64e-06,5.25e-06,4.95e-06,8.64e-06,5718316.0354124
6162,GCF_023638135.1,GCA_045787805.1,Falco biarmicus,Falco eleonorae,Aves,6.28968,0.009371525,0.005965895,0.005670213,0.009430568,4442.74730479826
6164,GCF_023638135.1,GCA_032274425.1,Falco biarmicus,Falco moluccensis,Aves,6.82,0.001776917,0.001130099,0.001073746,0.001779026,0.0
6165,GCF_023638135.1,GCA_034781875.1,Falco biarmicus,Falco chicquera,Aves,3.59,3.55e-05,2.05e-05,1.91e-05,3.55e-05,0.0
6166,GCF_023638135.1,GCA_034782155.1,Falco biarmicus,Falco zoniventris,Aves,6.82,6.46e-06,3.91e-06,3.68e-06,6.46e-06,0.0
6167,GCF_017639655.2,GCA_963210335.1,Falco naumanni,Falco punctatus,Aves,4.00152,0.008592023,0.005525022,0.005260679,0.008641618,0.0
6168,GCF_017639655.2,GCA_024430995.1,Falco naumanni,Falco tinnunculus,Aves,4.00152,0.009490266,0.00609201,0.005797817,0.009550821,8699848.40260654
6169,GCF_017639655.2,GCA_034782035.1,Falco naumanni,Falco sparverius,Aves,6.82,0.000138122,8.89e-05,8.46e-05,0.000138134,0.0
6171,GCF_017639655.2,GCA_034782775.1,Falco naumanni,Falco subbuteo,Aves,6.28968,0.011979177,0.00769158,0.00731263,0.012075875,7300113.68928931
6172,GCF_017639655.2,GCA_027122955.1,Falco naumanni,Falco deiroleucus,Aves,6.28968,0.013267288,0.008554824,0.00813802,0.013386038,0.0
6174,GCF_017639655.2,GCA_027564205.1,Falco naumanni,Falco columbarius,Aves,6.82,0.012987627,0.008401761,0.007995735,0.013101394,2024638.63534297
6175,GCF_017639655.2,GCA_027564455.1,Falco naumanni,Falco novaeseelandiae,Aves,6.82,0.012400418,0.008007934,0.007620157,0.012504076,0.0
6176,GCF_017639655.2,GCA_025727955.1,Falco naumanni,Falco cenchroides,Aves,4.00152,0.007724203,0.004937405,0.004696582,0.007764254,0.0
6177,GCF_017639655.2,GCA_025630005.1,Falco naumanni,Falco fasciinucha,Aves,6.82,0.012010527,0.007782304,0.007409142,0.012107735,0.0
6178,GCF_017639655.2,GCA_027122915.1,Falco naumanni,Falco femoralis,Aves,6.82,0.01168913,0.007551495,0.007186724,0.011781178,0.0
6179,GCF_017639655.2,GCA_027564435.1,Falco naumanni,Falco berigora,Aves,6.106666667,0.006901931,0.004503548,0.004292473,0.006933885,0.0
6180,GCF_017639655.2,GCA_035590535.1,Falco naumanni,Falco concolor,Aves,6.28968,0.008726629,0.005616206,0.005342347,0.008777795,27303.3875549415
6181,GCF_017639655.2,GCA_034782095.1,Falco naumanni,Falco jugger,Aves,6.82,2.86e-06,1.79e-06,1.7e-06,2.86e-06,333.617578874573
6182,GCF_017639655.2,GCA_034782235.1,Falco naumanni,Falco dickinsoni,Aves,6.82,1.05e-05,6.63e-06,6.29e-06,1.05e-05,0.0
6183,GCF_017639655.2,GCA_034781615.1,Falco naumanni,Falco ardosiaceus,Aves,6.82,1.19e-05,7.45e-06,7.05e-06,1.19e-05,0.0
6184,GCF_017639655.2,GCA_045787805.1,Falco naumanni,Falco eleonorae,Aves,6.28968,0.013757404,0.008853413,0.008419509,0.013885146,8828.3146880418
6186,GCF_017639655.2,GCA_032274425.1,Falco naumanni,Falco moluccensis,Aves,4.00152,0.001214018,0.000767364,0.000729057,0.001215002,0.0
6187,GCF_017639655.2,GCA_034781875.1,Falco naumanni,Falco chicquera,Aves,6.82,3.63e-05,2.17e-05,2.04e-05,3.63e-05,0.0
6188,GCF_017639655.2,GCA_034782155.1,Falco naumanni,Falco zoniventris,Aves,5.44,6.36e-06,3.89e-06,3.67e-06,6.36e-06,0.0
6189,GCA_963210335.1,GCA_024430995.1,Falco punctatus,Falco tinnunculus,Aves,1.915,0.005762722,0.003629652,0.003448505,0.005784975,0.0
6190,GCA_963210335.1,GCA_034782035.1,Falco punctatus,Falco sparverius,Aves,6.82,0.00013796,8.85e-05,8.41e-05,0.000137973,0.0
6192,GCA_963210335.1,GCA_034782775.1,Falco punctatus,Falco subbuteo,Aves,6.28968,0.011643834,0.007438962,0.007067028,0.011735167,0.0
6193,GCA_963210335.1,GCA_027122955.1,Falco punctatus,Falco deiroleucus,Aves,6.28968,0.012806987,0.008217732,0.00781141,0.012917594,0.0
6195,GCA_963210335.1,GCA_027564205.1,Falco punctatus,Falco columbarius,Aves,6.82,0.012661449,0.008154385,0.007755,0.012769542,0.0
6196,GCA_963210335.1,GCA_027564455.1,Falco punctatus,Falco novaeseelandiae,Aves,6.82,0.012018391,0.007724772,0.007345366,0.012115727,0.0
6197,GCA_963210335.1,GCA_025727955.1,Falco punctatus,Falco cenchroides,Aves,1.915,0.004719641,0.00295486,0.002804906,0.004734553,0.0
6198,GCA_963210335.1,GCA_025630005.1,Falco punctatus,Falco fasciinucha,Aves,6.82,0.011680717,0.007532703,0.007166246,0.011772632,0.0
6199,GCA_963210335.1,GCA_027122915.1,Falco punctatus,Falco femoralis,Aves,6.82,0.011341285,0.00729083,0.006933352,0.011427909,0.0
6200,GCA_963210335.1,GCA_027564435.1,Falco punctatus,Falco berigora,Aves,6.106666667,0.006678086,0.004340706,0.00413468,0.006707995,0.0
6201,GCA_963210335.1,GCA_035590535.1,Falco punctatus,Falco concolor,Aves,6.28968,0.008462792,0.005423941,0.005156066,0.0085109,0.0
6202,GCA_963210335.1,GCA_034782095.1,Falco punctatus,Falco jugger,Aves,6.82,3.23e-06,2.11e-06,2.01e-06,3.23e-06,0.0
6203,GCA_963210335.1,GCA_034782235.1,Falco punctatus,Falco dickinsoni,Aves,6.82,1.07e-05,6.62e-06,6.27e-06,1.07e-05,0.0
6204,GCA_963210335.1,GCA_034781615.1,Falco punctatus,Falco ardosiaceus,Aves,6.82,1.27e-05,7.96e-06,7.53e-06,1.27e-05,0.0
6205,GCA_963210335.1,GCA_045787805.1,Falco punctatus,Falco eleonorae,Aves,6.28968,0.013000611,0.008325071,0.007911136,0.013114608,0.0
6207,GCA_963210335.1,GCA_032274425.1,Falco punctatus,Falco moluccensis,Aves,1.915,0.000749239,0.000462904,0.000438624,0.000749614,0.0
6208,GCA_963210335.1,GCA_034781875.1,Falco punctatus,Falco chicquera,Aves,6.82,3.09e-05,1.86e-05,1.75e-05,3.09e-05,0.0
6209,GCA_963210335.1,GCA_034782155.1,Falco punctatus,Falco zoniventris,Aves,5.44,6.24e-06,3.89e-06,3.68e-06,6.24e-06,0.0
6210,GCA_024430995.1,GCA_034782035.1,Falco tinnunculus,Falco sparverius,Aves,6.82,0.000182302,0.000116759,0.000110991,0.000182324,0.0
6212,GCA_024430995.1,GCA_034782775.1,Falco tinnunculus,Falco subbuteo,Aves,6.28968,0.013447612,0.008603549,0.008174432,0.013569631,25089203.6768389
6213,GCA_024430995.1,GCA_027122955.1,Falco tinnunculus,Falco deiroleucus,Aves,6.28968,0.014202944,0.009126466,0.008676487,0.014339148,0.0
6215,GCA_024430995.1,GCA_027564205.1,Falco tinnunculus,Falco columbarius,Aves,6.82,0.013994793,0.009023617,0.00858257,0.01412701,11904398.4722965
6216,GCA_024430995.1,GCA_027564455.1,Falco tinnunculus,Falco novaeseelandiae,Aves,6.82,0.013532933,0.008709865,0.008283116,0.013656516,0.0
6217,GCA_024430995.1,GCA_025727955.1,Falco tinnunculus,Falco cenchroides,Aves,0.705,0.004432192,0.002760786,0.002619513,0.00444534,0.0
6218,GCA_024430995.1,GCA_025630005.1,Falco tinnunculus,Falco fasciinucha,Aves,6.82,0.013040854,0.008420488,0.008011873,0.013155561,497663.47144612
6219,GCA_024430995.1,GCA_027122915.1,Falco tinnunculus,Falco femoralis,Aves,6.82,0.012588758,0.008101173,0.007704694,0.012695607,0.0
6220,GCA_024430995.1,GCA_027564435.1,Falco tinnunculus,Falco berigora,Aves,6.106666667,0.007877211,0.005122083,0.004879134,0.00791887,0.0
6221,GCA_024430995.1,GCA_035590535.1,Falco tinnunculus,Falco concolor,Aves,6.28968,0.010128864,0.006504827,0.006184977,0.010197882,151169.592779207
6222,GCA_024430995.1,GCA_034782095.1,Falco tinnunculus,Falco jugger,Aves,6.82,1.63e-06,1.06e-06,1.01e-06,1.63e-06,150451.450334341
6223,GCA_024430995.1,GCA_034782235.1,Falco tinnunculus,Falco dickinsoni,Aves,6.82,1e-05,6.23e-06,5.9e-06,1e-05,3760258.09892952
6224,GCA_024430995.1,GCA_034781615.1,Falco tinnunculus,Falco ardosiaceus,Aves,6.82,8.61e-06,5.34e-06,5.05e-06,8.61e-06,5978869.28619593
6225,GCA_024430995.1,GCA_045787805.1,Falco tinnunculus,Falco eleonorae,Aves,6.28968,0.014943971,0.009578981,0.009103043,0.01509486,24448.599421631
6227,GCA_024430995.1,GCA_032274425.1,Falco tinnunculus,Falco moluccensis,Aves,1.2,0.000774968,0.000475946,0.000450652,0.000775369,0.0
6228,GCA_024430995.1,GCA_034781875.1,Falco tinnunculus,Falco chicquera,Aves,6.82,4.71e-05,2.83e-05,2.66e-05,4.71e-05,255519.252036992
6229,GCA_024430995.1,GCA_034782155.1,Falco tinnunculus,Falco zoniventris,Aves,5.44,5.65e-06,3.49e-06,3.3e-06,5.65e-06,0.0
6231,GCA_034782035.1,GCA_034782775.1,Falco sparverius,Falco subbuteo,Aves,6.28968,0.000125417,7.88e-05,7.47e-05,0.000125428,0.0
6232,GCA_034782035.1,GCA_027122955.1,Falco sparverius,Falco deiroleucus,Aves,6.28968,0.000110332,6.95e-05,6.6e-05,0.00011034,1867479.0071832
6234,GCA_034782035.1,GCA_027564205.1,Falco sparverius,Falco columbarius,Aves,9.72,0.000118721,7.54e-05,7.16e-05,0.00011873,6215809.21295072
6235,GCA_034782035.1,GCA_027564455.1,Falco sparverius,Falco novaeseelandiae,Aves,9.72,0.00011625,7.35e-05,6.98e-05,0.000116259,0.0
6236,GCA_034782035.1,GCA_025727955.1,Falco sparverius,Falco cenchroides,Aves,6.82,0.000115953,7.39e-05,7.02e-05,0.000115962,0.0
6237,GCA_034782035.1,GCA_025630005.1,Falco sparverius,Falco fasciinucha,Aves,9.72,0.000104226,6.61e-05,6.27e-05,0.000104233,0.0
6238,GCA_034782035.1,GCA_027122915.1,Falco sparverius,Falco femoralis,Aves,9.72,0.000100661,6.39e-05,6.06e-05,0.000100668,10913824.7300162
6239,GCA_034782035.1,GCA_027564435.1,Falco sparverius,Falco berigora,Aves,6.106666667,5.2e-05,3.36e-05,3.19e-05,5.2e-05,0.0
6240,GCA_034782035.1,GCA_035590535.1,Falco sparverius,Falco concolor,Aves,6.28968,6e-05,3.81e-05,3.62e-05,6e-05,0.0
6241,GCA_034782035.1,GCA_034782095.1,Falco sparverius,Falco jugger,Aves,9.72,3.19e-07,1.72e-07,1.59e-07,3.19e-07,0.0
6242,GCA_034782035.1,GCA_034782235.1,Falco sparverius,Falco dickinsoni,Aves,9.72,2.58e-07,1.71e-07,1.63e-07,2.58e-07,0.0
6243,GCA_034782035.1,GCA_034781615.1,Falco sparverius,Falco ardosiaceus,Aves,9.72,4.24e-08,2.97e-08,2.84e-08,4.24e-08,0.0
6244,GCA_034782035.1,GCA_045787805.1,Falco sparverius,Falco eleonorae,Aves,6.28968,0.000110367,6.97e-05,6.61e-05,0.000110375,0.0
6246,GCA_034782035.1,GCA_032274425.1,Falco sparverius,Falco moluccensis,Aves,6.82,1.73e-05,1.11e-05,1.05e-05,1.73e-05,0.0
6247,GCA_034782035.1,GCA_034781875.1,Falco sparverius,Falco chicquera,Aves,9.72,8.97e-07,5.21e-07,4.87e-07,8.97e-07,0.0
6248,GCA_034782035.1,GCA_034782155.1,Falco sparverius,Falco zoniventris,Aves,6.82,1.18e-07,6.44e-08,5.92e-08,1.18e-07,0.0
6267,GCA_034782775.1,GCA_027122955.1,Falco subbuteo,Falco deiroleucus,Aves,3.31,0.005474877,0.003414805,0.003237965,0.005494958,0.0
6269,GCA_034782775.1,GCA_027564205.1,Falco subbuteo,Falco columbarius,Aves,6.28968,0.008442467,0.005357413,0.005087821,0.008490344,12927876.8579304
6270,GCA_034782775.1,GCA_027564455.1,Falco subbuteo,Falco novaeseelandiae,Aves,6.28968,0.007740808,0.004892833,0.004645156,0.007781031,0.0
6271,GCA_034782775.1,GCA_025727955.1,Falco subbuteo,Falco cenchroides,Aves,6.28968,0.010638031,0.006782563,0.006442067,0.010714198,0.0
6272,GCA_034782775.1,GCA_025630005.1,Falco subbuteo,Falco fasciinucha,Aves,6.28968,0.00752281,0.004779445,0.004540916,0.007560793,0.0
6273,GCA_034782775.1,GCA_027122915.1,Falco subbuteo,Falco femoralis,Aves,6.28968,0.007118944,0.00449298,0.004264983,0.007152945,0.0
6274,GCA_034782775.1,GCA_027564435.1,Falco subbuteo,Falco berigora,Aves,6.106666667,0.004380354,0.002797674,0.002659579,0.004393196,0.0
6275,GCA_034782775.1,GCA_035590535.1,Falco subbuteo,Falco concolor,Aves,1.1,0.001821882,0.001092065,0.001030751,0.001824098,14688.9287312196
6276,GCA_034782775.1,GCA_034782095.1,Falco subbuteo,Falco jugger,Aves,6.28968,1.65e-06,1.05e-06,1e-06,1.65e-06,56774.1770862914
6277,GCA_034782775.1,GCA_034782235.1,Falco subbuteo,Falco dickinsoni,Aves,6.28968,6.67e-06,4.11e-06,3.89e-06,6.67e-06,0.0
6278,GCA_034782775.1,GCA_034781615.1,Falco subbuteo,Falco ardosiaceus,Aves,6.28968,5.76e-06,3.57e-06,3.37e-06,5.76e-06,0.0
6279,GCA_034782775.1,GCA_045787805.1,Falco subbuteo,Falco eleonorae,Aves,1.157735,0.003146036,0.001909832,0.001806213,0.003152652,1182.11257539347
6281,GCA_034782775.1,GCA_032274425.1,Falco subbuteo,Falco moluccensis,Aves,6.28968,0.001506576,0.000949927,0.000901307,0.001508091,0.0
6282,GCA_034782775.1,GCA_034781875.1,Falco subbuteo,Falco chicquera,Aves,6.28968,3.77e-05,2.2e-05,2.06e-05,3.77e-05,48001.8448828948
6283,GCA_034782775.1,GCA_034782155.1,Falco subbuteo,Falco zoniventris,Aves,6.28968,1.28e-07,4.94e-08,4.23e-08,1.28e-07,0.0
6285,GCA_027122955.1,GCA_027564205.1,Falco deiroleucus,Falco columbarius,Aves,6.28968,0.009041134,0.005766518,0.005479989,0.009096071,0.0
6286,GCA_027122955.1,GCA_027564455.1,Falco deiroleucus,Falco novaeseelandiae,Aves,6.28968,0.008252085,0.00524446,0.004982696,0.008297819,0.0
6287,GCA_027122955.1,GCA_025727955.1,Falco deiroleucus,Falco cenchroides,Aves,6.28968,0.011347521,0.007263183,0.006902176,0.011434241,0.0
6288,GCA_027122955.1,GCA_025630005.1,Falco deiroleucus,Falco fasciinucha,Aves,6.28968,0.008019018,0.005119787,0.004867496,0.008062196,0.0
6289,GCA_027122955.1,GCA_027122915.1,Falco deiroleucus,Falco femoralis,Aves,6.28968,0.007654577,0.004859347,0.004616432,0.007693907,2309905.96448933
6290,GCA_027122955.1,GCA_027564435.1,Falco deiroleucus,Falco berigora,Aves,6.106666667,0.004668506,0.003001392,0.002855866,0.004683097,0.0
6291,GCA_027122955.1,GCA_035590535.1,Falco deiroleucus,Falco concolor,Aves,3.31,0.003897413,0.002438121,0.002312715,0.003907574,0.0
6292,GCA_027122955.1,GCA_034782095.1,Falco deiroleucus,Falco jugger,Aves,6.28968,1.48e-06,9.58e-07,9.13e-07,1.48e-06,0.0
6293,GCA_027122955.1,GCA_034782235.1,Falco deiroleucus,Falco dickinsoni,Aves,6.28968,6.45e-06,4.03e-06,3.82e-06,6.45e-06,0.0
6294,GCA_027122955.1,GCA_034781615.1,Falco deiroleucus,Falco ardosiaceus,Aves,6.28968,3.45e-06,2.12e-06,2e-06,3.45e-06,0.0
6295,GCA_027122955.1,GCA_045787805.1,Falco deiroleucus,Falco eleonorae,Aves,3.31,0.00579726,0.003625432,0.003439266,0.005819781,0.0
6297,GCA_027122955.1,GCA_032274425.1,Falco deiroleucus,Falco moluccensis,Aves,6.28968,0.001611271,0.001018429,0.000966681,0.001613004,0.0
6298,GCA_027122955.1,GCA_034781875.1,Falco deiroleucus,Falco chicquera,Aves,6.28968,3.39e-05,1.98e-05,1.85e-05,3.39e-05,0.0
6299,GCA_027122955.1,GCA_034782155.1,Falco deiroleucus,Falco zoniventris,Aves,6.28968,5.34e-06,3.33e-06,3.15e-06,5.34e-06,0.0
6315,GCA_027564205.1,GCA_027564455.1,Falco columbarius,Falco novaeseelandiae,Aves,4.84916,0.008829706,0.005644042,0.005365742,0.008882094,0.0
6316,GCA_027564205.1,GCA_025727955.1,Falco columbarius,Falco cenchroides,Aves,6.82,0.011492542,0.007378595,0.00701455,0.011581505,0.0
6317,GCA_027564205.1,GCA_025630005.1,Falco columbarius,Falco fasciinucha,Aves,4.84916,0.008651454,0.005551904,0.005281237,0.008701739,0.0
6318,GCA_027564205.1,GCA_027122915.1,Falco columbarius,Falco femoralis,Aves,4.84916,0.008352411,0.005334564,0.005071194,0.008399267,0.0
6319,GCA_027564205.1,GCA_027564435.1,Falco columbarius,Falco berigora,Aves,6.106666667,0.004866085,0.003138989,0.002987994,0.004881939,0.0
6320,GCA_027564205.1,GCA_035590535.1,Falco columbarius,Falco concolor,Aves,6.28968,0.006177282,0.003928577,0.003732335,0.006202862,0.0
6321,GCA_027564205.1,GCA_034782095.1,Falco columbarius,Falco jugger,Aves,4.84916,1.54e-06,9.74e-07,9.23e-07,1.54e-06,0.0
6322,GCA_027564205.1,GCA_034782235.1,Falco columbarius,Falco dickinsoni,Aves,4.78,6.36e-06,3.96e-06,3.75e-06,6.36e-06,0.0
6323,GCA_027564205.1,GCA_034781615.1,Falco columbarius,Falco ardosiaceus,Aves,4.78,3.5e-06,2.22e-06,2.11e-06,3.5e-06,0.0
6324,GCA_027564205.1,GCA_045787805.1,Falco columbarius,Falco eleonorae,Aves,6.28968,0.009082188,0.005776564,0.005487513,0.009137627,0.0
6326,GCA_027564205.1,GCA_032274425.1,Falco columbarius,Falco moluccensis,Aves,6.82,0.001693635,0.001073017,0.001018781,0.00169555,0.0
6327,GCA_027564205.1,GCA_034781875.1,Falco columbarius,Falco chicquera,Aves,4.84916,3.34e-05,1.96e-05,1.83e-05,3.34e-05,0.0
6328,GCA_027564205.1,GCA_034782155.1,Falco columbarius,Falco zoniventris,Aves,6.82,1.2e-06,7.38e-07,6.97e-07,1.2e-06,0.0
6329,GCA_027564455.1,GCA_025727955.1,Falco novaeseelandiae,Falco cenchroides,Aves,6.82,0.010867532,0.006966401,0.006622139,0.010947036,0.0
6330,GCA_027564455.1,GCA_025630005.1,Falco novaeseelandiae,Falco fasciinucha,Aves,5.864645,0.007184086,0.00459653,0.004372553,0.007218715,0.0
6331,GCA_027564455.1,GCA_027122915.1,Falco novaeseelandiae,Falco femoralis,Aves,2.85,0.00456524,0.002873787,0.002729763,0.004579191,0.0
6332,GCA_027564455.1,GCA_027564435.1,Falco novaeseelandiae,Falco berigora,Aves,6.106666667,0.004450466,0.002862226,0.002723794,0.004463723,0.0
6333,GCA_027564455.1,GCA_035590535.1,Falco novaeseelandiae,Falco concolor,Aves,6.28968,0.005534441,0.003505299,0.003329004,0.005554962,0.0
6334,GCA_027564455.1,GCA_034782095.1,Falco novaeseelandiae,Falco jugger,Aves,5.864645,1.11e-06,6.85e-07,6.47e-07,1.11e-06,0.0
6335,GCA_027564455.1,GCA_034782235.1,Falco novaeseelandiae,Falco dickinsoni,Aves,4.84916,4.4e-06,2.72e-06,2.58e-06,4.4e-06,0.0
6336,GCA_027564455.1,GCA_034781615.1,Falco novaeseelandiae,Falco ardosiaceus,Aves,4.84916,5.2e-06,3.27e-06,3.1e-06,5.2e-06,0.0
6337,GCA_027564455.1,GCA_045787805.1,Falco novaeseelandiae,Falco eleonorae,Aves,6.28968,0.008298128,0.005257393,0.004992987,0.008344376,0.0
6339,GCA_027564455.1,GCA_032274425.1,Falco novaeseelandiae,Falco moluccensis,Aves,6.82,0.001548334,0.000981294,0.000931801,0.001549935,0.0
6340,GCA_027564455.1,GCA_034781875.1,Falco novaeseelandiae,Falco chicquera,Aves,5.864645,3.64e-05,2.11e-05,1.97e-05,3.64e-05,0.0
6341,GCA_027564455.1,GCA_034782155.1,Falco novaeseelandiae,Falco zoniventris,Aves,6.82,2.71e-06,1.65e-06,1.56e-06,2.71e-06,0.0
6342,GCA_025727955.1,GCA_025630005.1,Falco cenchroides,Falco fasciinucha,Aves,6.82,0.010590388,0.006813514,0.006480333,0.01066587,0.0
6343,GCA_025727955.1,GCA_027122915.1,Falco cenchroides,Falco femoralis,Aves,6.82,0.010356075,0.006633512,0.006305335,0.010428239,0.0
6344,GCA_025727955.1,GCA_027564435.1,Falco cenchroides,Falco berigora,Aves,6.106666667,0.005978166,0.003876155,0.003691036,0.006002119,7667918.11070036
6345,GCA_025727955.1,GCA_035590535.1,Falco cenchroides,Falco concolor,Aves,6.28968,0.007676776,0.004908071,0.004664248,0.007716334,0.0
6346,GCA_025727955.1,GCA_034782095.1,Falco cenchroides,Falco jugger,Aves,6.82,1.99e-06,1.29e-06,1.22e-06,1.99e-06,0.0
6347,GCA_025727955.1,GCA_034782235.1,Falco cenchroides,Falco dickinsoni,Aves,6.82,7.55e-06,4.7e-06,4.45e-06,7.55e-06,0.0
6348,GCA_025727955.1,GCA_034781615.1,Falco cenchroides,Falco ardosiaceus,Aves,6.82,6.07e-06,3.79e-06,3.59e-06,6.07e-06,0.0
6349,GCA_025727955.1,GCA_045787805.1,Falco cenchroides,Falco eleonorae,Aves,6.28968,0.011479661,0.007330506,0.006963776,0.011568423,0.0
6351,GCA_025727955.1,GCA_032274425.1,Falco cenchroides,Falco moluccensis,Aves,1.2,0.000433457,0.00026243,0.000247968,0.000433582,0.0
6352,GCA_025727955.1,GCA_034781875.1,Falco cenchroides,Falco chicquera,Aves,6.82,3.53e-05,2.1e-05,1.97e-05,3.53e-05,0.0
6353,GCA_025727955.1,GCA_034782155.1,Falco cenchroides,Falco zoniventris,Aves,5.44,3.12e-06,1.91e-06,1.81e-06,3.12e-06,0.0
6354,GCA_025630005.1,GCA_027122915.1,Falco fasciinucha,Falco femoralis,Aves,5.864645,0.006740462,0.004308969,0.004098725,0.006770934,0.0
6355,GCA_025630005.1,GCA_027564435.1,Falco fasciinucha,Falco berigora,Aves,6.106666667,0.004388265,0.002835962,0.002700743,0.004401153,0.0
6356,GCA_025630005.1,GCA_035590535.1,Falco fasciinucha,Falco concolor,Aves,6.28968,0.005438058,0.003462291,0.003290585,0.005457869,0.0
6357,GCA_025630005.1,GCA_034782095.1,Falco fasciinucha,Falco jugger,Aves,2.1394,8.15e-07,5.04e-07,4.77e-07,8.15e-07,0.0
6358,GCA_025630005.1,GCA_034782235.1,Falco fasciinucha,Falco dickinsoni,Aves,4.84916,5.96e-06,3.65e-06,3.45e-06,5.96e-06,220510.938095039
6359,GCA_025630005.1,GCA_034781615.1,Falco fasciinucha,Falco ardosiaceus,Aves,4.84916,5.41e-06,3.3e-06,3.12e-06,5.41e-06,129853.690813681
6360,GCA_025630005.1,GCA_045787805.1,Falco fasciinucha,Falco eleonorae,Aves,6.28968,0.008147152,0.005186784,0.004929349,0.008191726,0.0
6362,GCA_025630005.1,GCA_032274425.1,Falco fasciinucha,Falco moluccensis,Aves,6.82,0.001527644,0.000971272,0.00092269,0.001529202,0.0
6363,GCA_025630005.1,GCA_034781875.1,Falco fasciinucha,Falco chicquera,Aves,3.59,3.48e-05,2.02e-05,1.88e-05,3.48e-05,0.0
6364,GCA_025630005.1,GCA_034782155.1,Falco fasciinucha,Falco zoniventris,Aves,6.82,4.29e-06,2.63e-06,2.49e-06,4.29e-06,0.0
6365,GCA_027122915.1,GCA_027564435.1,Falco femoralis,Falco berigora,Aves,6.106666667,0.004271083,0.002741354,0.002608113,0.004283291,0.0
6366,GCA_027122915.1,GCA_035590535.1,Falco femoralis,Falco concolor,Aves,6.28968,0.00525836,0.00332505,0.003157168,0.005276881,0.0
6367,GCA_027122915.1,GCA_034782095.1,Falco femoralis,Falco jugger,Aves,5.864645,8.59e-07,5.63e-07,5.36e-07,8.59e-07,0.0
6368,GCA_027122915.1,GCA_034782235.1,Falco femoralis,Falco dickinsoni,Aves,4.84916,5.13e-06,3.2e-06,3.03e-06,5.13e-06,0.0
6369,GCA_027122915.1,GCA_034781615.1,Falco femoralis,Falco ardosiaceus,Aves,4.84916,4.76e-06,2.98e-06,2.83e-06,4.76e-06,0.0
6370,GCA_027122915.1,GCA_045787805.1,Falco femoralis,Falco eleonorae,Aves,6.28968,0.007629747,0.004829054,0.004585878,0.007668821,0.0
6372,GCA_027122915.1,GCA_032274425.1,Falco femoralis,Falco moluccensis,Aves,6.82,0.001483362,0.000938896,0.000891388,0.001484831,0.0
6373,GCA_027122915.1,GCA_034781875.1,Falco femoralis,Falco chicquera,Aves,5.864645,2.96e-05,1.72e-05,1.61e-05,2.96e-05,0.0
6374,GCA_027122915.1,GCA_034782155.1,Falco femoralis,Falco zoniventris,Aves,6.82,,,,,0.0
6375,GCA_027564435.1,GCA_035590535.1,Falco berigora,Falco concolor,Aves,6.106666667,0.003064609,0.001963017,0.00186688,0.003070887,0.0
6376,GCA_027564435.1,GCA_034782095.1,Falco berigora,Falco jugger,Aves,6.106666667,7.29e-07,4.38e-07,4.12e-07,7.29e-07,0.0
6377,GCA_027564435.1,GCA_034782235.1,Falco berigora,Falco dickinsoni,Aves,6.106666667,2.25e-06,1.43e-06,1.36e-06,2.25e-06,0.0
6378,GCA_027564435.1,GCA_034781615.1,Falco berigora,Falco ardosiaceus,Aves,6.106666667,1.4e-06,8.31e-07,7.81e-07,1.4e-06,0.0
6379,GCA_027564435.1,GCA_045787805.1,Falco berigora,Falco eleonorae,Aves,6.106666667,0.004633722,0.002965452,0.002819838,0.004648095,0.0
6381,GCA_027564435.1,GCA_032274425.1,Falco berigora,Falco moluccensis,Aves,6.106666667,0.000674856,0.000432912,0.000411761,0.000675159,0.0
6382,GCA_027564435.1,GCA_034781875.1,Falco berigora,Falco chicquera,Aves,6.106666667,1.71e-05,9.96e-06,9.31e-06,1.71e-05,0.0
6383,GCA_027564435.1,GCA_034782155.1,Falco berigora,Falco zoniventris,Aves,6.106666667,1.21e-07,7.59e-08,7.18e-08,1.21e-07,0.0
6384,GCA_035590535.1,GCA_034782095.1,Falco concolor,Falco jugger,Aves,6.28968,1.02e-06,6.28e-07,5.94e-07,1.02e-06,2480.24864477997
6385,GCA_035590535.1,GCA_034782235.1,Falco concolor,Falco dickinsoni,Aves,6.28968,3.77e-06,2.27e-06,2.14e-06,3.77e-06,0.0
6386,GCA_035590535.1,GCA_034781615.1,Falco concolor,Falco ardosiaceus,Aves,6.28968,3.27e-06,1.97e-06,1.86e-06,3.27e-06,23495.2116736897
6387,GCA_035590535.1,GCA_045787805.1,Falco concolor,Falco eleonorae,Aves,1.157735,0.002301978,0.001402523,0.001326689,0.002305518,0.0
6389,GCA_035590535.1,GCA_032274425.1,Falco concolor,Falco moluccensis,Aves,6.28968,0.000944015,0.000597566,0.000567319,0.000944609,0.0
6390,GCA_035590535.1,GCA_034781875.1,Falco concolor,Falco chicquera,Aves,6.28968,1.81e-05,1.05e-05,9.8e-06,1.81e-05,1807.02753573767
6391,GCA_035590535.1,GCA_034782155.1,Falco concolor,Falco zoniventris,Aves,6.28968,,,,,0.0
6392,GCA_034782095.1,GCA_034782235.1,Falco jugger,Falco dickinsoni,Aves,4.84916,1.3e-07,9.4e-08,9.03e-08,1.3e-07,0.0
6393,GCA_034782095.1,GCA_034781615.1,Falco jugger,Falco ardosiaceus,Aves,4.84916,1.67e-07,1.12e-07,1.08e-07,1.67e-07,0.0
6394,GCA_034782095.1,GCA_045787805.1,Falco jugger,Falco eleonorae,Aves,6.28968,1.37e-06,8.55e-07,8.11e-07,1.37e-06,0.0
6396,GCA_034782095.1,GCA_032274425.1,Falco jugger,Falco moluccensis,Aves,6.82,8.71e-08,5.63e-08,5.35e-08,8.71e-08,0.0
6397,GCA_034782095.1,GCA_034781875.1,Falco jugger,Falco chicquera,Aves,3.59,,,,,2586582.80836771
6398,GCA_034782095.1,GCA_034782155.1,Falco jugger,Falco zoniventris,Aves,6.82,,,,,0.0
6399,GCA_034782235.1,GCA_034781615.1,Falco dickinsoni,Falco ardosiaceus,Aves,1.84,4.08e-07,2.55e-07,2.42e-07,4.08e-07,606638.800699447
6400,GCA_034782235.1,GCA_045787805.1,Falco dickinsoni,Falco eleonorae,Aves,6.28968,6.89e-06,4.26e-06,4.03e-06,6.89e-06,0.0
6402,GCA_034782235.1,GCA_032274425.1,Falco dickinsoni,Falco moluccensis,Aves,6.82,1.71e-06,1.05e-06,9.88e-07,1.71e-06,0.0
6403,GCA_034782235.1,GCA_034781875.1,Falco dickinsoni,Falco chicquera,Aves,4.84916,2.54e-07,1.59e-07,1.5e-07,2.54e-07,0.0
6404,GCA_034782235.1,GCA_034782155.1,Falco dickinsoni,Falco zoniventris,Aves,6.82,,,,,0.0
6405,GCA_034781615.1,GCA_045787805.1,Falco ardosiaceus,Falco eleonorae,Aves,6.28968,6.56e-06,3.94e-06,3.71e-06,6.56e-06,0.0
6407,GCA_034781615.1,GCA_032274425.1,Falco ardosiaceus,Falco moluccensis,Aves,6.82,2.63e-06,1.57e-06,1.48e-06,2.63e-06,0.0
6408,GCA_034781615.1,GCA_034781875.1,Falco ardosiaceus,Falco chicquera,Aves,4.84916,,,,,0.0
6409,GCA_034781615.1,GCA_034782155.1,Falco ardosiaceus,Falco zoniventris,Aves,6.82,,,,,0.0
6412,GCA_045787805.1,GCA_034781875.1,Falco eleonorae,Falco chicquera,Aves,6.28968,4e-05,2.31e-05,2.15e-05,4e-05,0.0
6413,GCA_045787805.1,GCA_034782155.1,Falco eleonorae,Falco zoniventris,Aves,6.28968,1.13e-06,6.94e-07,6.56e-07,1.13e-06,0.0
6417,GCA_032274425.1,GCA_034781875.1,Falco moluccensis,Falco chicquera,Aves,6.82,1.1e-05,6.51e-06,6.1e-06,1.1e-05,0.0
6418,GCA_032274425.1,GCA_034782155.1,Falco moluccensis,Falco zoniventris,Aves,5.44,,,,,0.0
6419,GCA_034781875.1,GCA_034782155.1,Falco chicquera,Falco zoniventris,Aves,6.82,3.6e-06,2.22e-06,2.1e-06,3.6e-06,0.0
6422,GCF_000247815.1,GCA_045788055.1,Ficedula albicollis,Ficedula albicilla,Aves,3.99,0.013962755,0.008487044,0.007996997,0.014094363,0.0
6423,GCA_045784345.1,GCA_040366035.1,Ficedula hypoleuca,Ficedula hyperythra,Aves,27.61082571,0.007592195,0.004639151,0.004376106,0.007630884,0.0
6424,GCA_045784345.1,GCA_045788055.1,Ficedula hypoleuca,Ficedula albicilla,Aves,3.99,0.015336471,0.009351949,0.008816769,0.015495447,1262926.62298117
6425,GCA_040366035.1,GCA_045788055.1,Ficedula hyperythra,Ficedula albicilla,Aves,27.61082571,0.008099685,0.004918298,0.004634988,0.008143739,0.0
6426,GCA_032466295.1,GCA_032466535.1,Forpus passerinus,Forpus xanthops,Aves,2.759535,1.9e-07,1.2e-07,1.14e-07,1.9e-07,0.0
6427,GCA_032466295.1,GCA_032466675.1,Forpus passerinus,Forpus modestus,Aves,6.39676,,,,,259785.964567687
6428,GCA_032466295.1,GCA_032466415.1,Forpus passerinus,Forpus xanthopterygius,Aves,4.42741,1.63e-07,1e-07,9.54e-08,1.63e-07,12968.0109571811
6429,GCA_032466295.1,GCA_034782915.1,Forpus passerinus,Forpus coelestis,Aves,2.759535,,,,,0.0
6430,GCA_032466295.1,GCA_032353375.1,Forpus passerinus,Forpus cyanopygius,Aves,4.907215,3.48e-07,2.08e-07,1.97e-07,3.48e-07,0.0
6431,GCA_032466295.1,GCA_032466695.1,Forpus passerinus,Forpus crassirostris,Aves,4.42741,,,,,
6432,GCA_032466295.1,GCA_031762855.1,Forpus passerinus,Forpus conspicillatus,Aves,2.759535,,,,,5479.75025466211
6433,GCA_032466535.1,GCA_032466675.1,Forpus xanthops,Forpus modestus,Aves,6.39676,0.000142586,9.57e-05,9.16e-05,0.0001426,0.0
6434,GCA_032466535.1,GCA_032466415.1,Forpus xanthops,Forpus xanthopterygius,Aves,4.42741,4.34e-06,2.87e-06,2.74e-06,4.34e-06,0.0
6436,GCA_032466535.1,GCA_032353375.1,Forpus xanthops,Forpus cyanopygius,Aves,4.907215,1.65e-07,7.33e-08,6.52e-08,1.65e-07,0.0
6437,GCA_032466535.1,GCA_032466695.1,Forpus xanthops,Forpus crassirostris,Aves,4.42741,1.68e-05,1.14e-05,1.09e-05,1.68e-05,
6438,GCA_032466535.1,GCA_031762855.1,Forpus xanthops,Forpus conspicillatus,Aves,1.78582,,,,,0.0
6439,GCA_032466675.1,GCA_032466415.1,Forpus modestus,Forpus xanthopterygius,Aves,6.39676,1.71e-06,1.16e-06,1.11e-06,1.71e-06,1010118.53462709
6440,GCA_032466675.1,GCA_034782915.1,Forpus modestus,Forpus coelestis,Aves,6.39676,,,,,0.0
6441,GCA_032466675.1,GCA_032353375.1,Forpus modestus,Forpus cyanopygius,Aves,6.39676,,,,,0.0
6442,GCA_032466675.1,GCA_032466695.1,Forpus modestus,Forpus crassirostris,Aves,6.39676,4.03e-06,2.76e-06,2.65e-06,4.03e-06,
6443,GCA_032466675.1,GCA_031762855.1,Forpus modestus,Forpus conspicillatus,Aves,6.39676,,,,,0.0
6444,GCA_032466415.1,GCA_034782915.1,Forpus xanthopterygius,Forpus coelestis,Aves,4.42741,,,,,0.0
6445,GCA_032466415.1,GCA_032353375.1,Forpus xanthopterygius,Forpus cyanopygius,Aves,4.907215,6.92e-07,4.73e-07,4.54e-07,6.92e-07,0.0
6446,GCA_032466415.1,GCA_032466695.1,Forpus xanthopterygius,Forpus crassirostris,Aves,2.59162,1.53e-06,1.09e-06,1.06e-06,1.53e-06,
6447,GCA_032466415.1,GCA_031762855.1,Forpus xanthopterygius,Forpus conspicillatus,Aves,4.42741,1.18e-06,7.92e-07,7.6e-07,1.18e-06,0.0
6448,GCA_034782915.1,GCA_032353375.1,Forpus coelestis,Forpus cyanopygius,Aves,4.907215,,,,,0.0
6449,GCA_034782915.1,GCA_032466695.1,Forpus coelestis,Forpus crassirostris,Aves,4.42741,,,,,
6450,GCA_034782915.1,GCA_031762855.1,Forpus coelestis,Forpus conspicillatus,Aves,1.78582,,,,,0.0
6452,GCA_032353375.1,GCA_031762855.1,Forpus cyanopygius,Forpus conspicillatus,Aves,4.907215,,,,,0.0
6453,GCA_032466695.1,GCA_031762855.1,Forpus crassirostris,Forpus conspicillatus,Aves,4.42741,,,,,
6458,GCA_025630025.2,GCA_027564225.1,Gallinago media,Gallinago stenura,Aves,12.72902,0.001564539,0.000973313,0.000921133,0.001566173,1211830.8739237
6461,GCA_045787185.1,GCA_045838375.1,Gavia adamsii,Gavia immer,Aves,2.0,0.007616106,0.004696704,0.004424996,0.00765504,316124.611145835
6462,GCF_028858705.1,GCA_964106855.1,Grus americana,Grus grus,Aves,3.6,0.0032636,0.002160299,0.002069698,0.003270721,0.0
6463,GCF_028858705.1,GCA_045298695.1,Grus americana,Grus japonensis,Aves,7.7,0.005801673,0.003818759,0.003652745,0.005824229,0.0
6464,GCF_028858705.1,GCA_004360235.1,Grus americana,Grus nigricollis,Aves,3.6,0.003672033,0.002421786,0.002320871,0.003681052,0.0
6465,GCF_028858705.1,GCA_012487855.1,Grus americana,Grus monacha,Aves,3.6,0.002689368,0.001796086,0.001723399,0.002694201,0.0
6466,GCA_964106855.1,GCA_045298695.1,Grus grus,Grus japonensis,Aves,7.7,0.005685703,0.003738061,0.003574924,0.005707364,1155.93082700864
6467,GCA_964106855.1,GCA_004360235.1,Grus grus,Grus nigricollis,Aves,2.7,0.002910775,0.001907619,0.001827795,0.002916438,0.0
6468,GCA_964106855.1,GCA_012487855.1,Grus grus,Grus monacha,Aves,2.7,0.002248675,0.001493808,0.00143309,0.002252053,883758.168507595
6469,GCA_045298695.1,GCA_004360235.1,Grus japonensis,Grus nigricollis,Aves,7.7,0.005521829,0.003620969,0.003463578,0.005542257,0.0
6470,GCA_045298695.1,GCA_012487855.1,Grus japonensis,Grus monacha,Aves,7.7,0.003483238,0.002312676,0.002215651,0.003491352,11621.1813829698
6471,GCA_004360235.1,GCA_012487855.1,Grus nigricollis,Grus monacha,Aves,1.4,0.001875726,0.001232867,0.001182686,0.001878076,0.0
6475,GCA_027560215.1,GCA_013397595.1,Halcyon smyrnensis,Halcyon senegalensis,Aves,7.49973,0.016165688,0.009917025,0.009343053,0.016342452,0.0
6488,GCA_013397235.1,GCA_045782365.1,Lanius ludovicianus,Lanius minor,Aves,24.116452,0.014458968,0.008797383,0.008287236,0.01460016,0.0
6492,GCA_026212995.1,GCA_026213055.1,Leucopternis kuhli,Leucopternis melanops,Aves,1.02,2.09e-06,1.37e-06,1.31e-06,2.09e-06,1182.23426173323
6494,GCA_046563285.1,GCA_039877255.1,Loriculus galgulus,Loriculus beryllinus,Aves,1.98684,0.000537436,0.000358686,0.000343309,0.000537629,0.0
6496,GCA_046563285.1,GCA_042902855.1,Loriculus galgulus,Loriculus philippensis,Aves,7.06244,1.06e-05,6.98e-06,6.66e-06,1.06e-05,0.0
6497,GCA_046563285.1,GCA_041731355.1,Loriculus galgulus,Loriculus pusillus,Aves,5.18074,,,,,4732.31538259578
6498,GCA_039877255.1,GCA_043110175.1,Loriculus beryllinus,Loriculus vernalis,Aves,1.04658,1.31e-05,8e-06,7.54e-06,1.31e-05,0.0
6499,GCA_039877255.1,GCA_042902855.1,Loriculus beryllinus,Loriculus philippensis,Aves,7.06244,1.43e-05,9.27e-06,8.82e-06,1.43e-05,0.0
6500,GCA_039877255.1,GCA_041731355.1,Loriculus beryllinus,Loriculus pusillus,Aves,5.18074,,,,,0.0
6501,GCA_043110175.1,GCA_042902855.1,Loriculus vernalis,Loriculus philippensis,Aves,7.06244,,,,,0.0
6503,GCA_042902855.1,GCA_041731355.1,Loriculus philippensis,Loriculus pusillus,Aves,7.06244,,,,,0.0
6506,GCA_025629885.1,GCA_040966375.1,Lorius chlorocercus,Lorius hypoinochrous,Aves,2.63516,6.68e-07,4.12e-07,3.89e-07,6.68e-07,0.0
6507,GCA_025629905.1,GCA_010014925.2,Lorius lory,Lorius garrulus,Aves,2.83178,0.000425795,0.000294932,0.00028348,0.000425916,0.0
6508,GCA_025629905.1,GCA_040966375.1,Lorius lory,Lorius hypoinochrous,Aves,2.37638,3.37e-06,2.12e-06,2.02e-06,3.37e-06,10196.2831968338
6509,GCA_010014925.2,GCA_040966375.1,Lorius garrulus,Lorius hypoinochrous,Aves,2.83178,3.56e-07,2.3e-07,2.18e-07,3.56e-07,0.0
6516,GCF_030028575.1,GCA_025434525.1,Malurus melanocephalus,Malurus alboscapulatus,Aves,2.31886,0.009370077,0.005569696,0.00524504,0.009429102,0.0
6518,GCF_030028575.1,GCA_037014365.1,Malurus melanocephalus,Malurus splendens,Aves,4.93863,0.018373424,0.011118741,0.010477152,0.018602224,85487.1309525454
6519,GCF_030028575.1,GCA_037014315.1,Malurus melanocephalus,Malurus leucopterus,Aves,4.36581,0.012585786,0.007527919,0.007090471,0.012692583,568220.526947816
6520,GCA_025434525.1,GCA_013397995.1,Malurus alboscapulatus,Malurus elegans,Aves,6.3697,0.022635005,0.013895986,0.013108748,0.022983599,0.0
6521,GCA_025434525.1,GCA_037014365.1,Malurus alboscapulatus,Malurus splendens,Aves,4.93863,0.020503487,0.012471752,0.011755054,0.020788964,0.0
6522,GCA_025434525.1,GCA_037014315.1,Malurus alboscapulatus,Malurus leucopterus,Aves,4.36581,0.01427341,0.008593449,0.008096491,0.014410978,0.0
6523,GCA_013397995.1,GCA_037014365.1,Malurus elegans,Malurus splendens,Aves,6.3697,0.021751029,0.013389864,0.012638513,0.022072668,71268.9384008532
6525,GCA_037014365.1,GCA_037014315.1,Malurus splendens,Malurus leucopterus,Aves,4.93863,0.017544684,0.010621932,0.010010515,0.017753152,2623541.38815907
6531,GCA_034783215.1,GCA_036026335.1,Mareca sibilatrix,Mareca penelope,Aves,2.04,0.007437687,0.004837746,0.004608839,0.007474812,0.0
6539,GCA_024605025.1,GCA_028565255.1,Megaceryle maxima,Megaceryle alcyon,Aves,5.09401,0.005753712,0.003526495,0.003326386,0.005775895,0.0
6541,GCA_040967475.1,GCA_044758235.1,Megascops asio,Megascops ingens,Aves,7.15787,0.004737607,0.003155458,0.003019028,0.004752634,0.0
6542,GCA_040967475.1,GCA_040967695.1,Megascops asio,Megascops choliba,Aves,11.42803,0.001322722,0.000854741,0.000814267,0.00132389,0.0
6544,GCA_040967475.1,GCA_043110845.1,Megascops asio,Megascops kennicottii,Aves,4.67065,1.85e-06,1.01e-06,9.35e-07,1.85e-06,44209.7846004818
6551,GCA_044758235.1,GCA_040967695.1,Megascops ingens,Megascops choliba,Aves,11.42803,0.001157068,0.000751933,0.000716883,0.001157962,83467.2505598889
6553,GCA_044758235.1,GCA_043110845.1,Megascops ingens,Megascops kennicottii,Aves,7.15787,3.55e-06,2.19e-06,2.07e-06,3.55e-06,0.0
6556,GCA_040967695.1,GCA_043110845.1,Megascops choliba,Megascops kennicottii,Aves,11.42803,2.53e-06,1.66e-06,1.59e-06,2.53e-06,0.0
6564,GCA_045783435.1,GCA_048321235.1,Melanitta perspicillata,Melanitta nigra,Aves,11.19,0.005722607,0.003808838,0.003639836,0.005744551,0.0
6571,GCA_034783455.1,GCA_035593285.1,Micropsitta finschii,Micropsitta bruijnii,Aves,5.25536,,,,,13282.1014066097
6572,GCA_034782935.1,GCA_032357275.1,Micropsitta keiensis,Micropsitta pusio,Aves,1.88581,,,,,0.0
6573,GCA_034782935.1,GCA_035593285.1,Micropsitta keiensis,Micropsitta bruijnii,Aves,5.25536,,,,,1.55621564962625
6574,GCA_032357275.1,GCA_035593285.1,Micropsitta pusio,Micropsitta bruijnii,Aves,5.25536,2.46e-07,1.71e-07,1.65e-07,2.46e-07,26467.2335349228
6587,GCA_045787145.1,GCA_045783255.1,Oenanthe leucopyga,Oenanthe deserti,Aves,9.043045,0.015114055,0.009050163,0.008513847,0.015268422,502487.591343045
6590,GCA_010365825.1,GCA_040967715.1,Otus sunia,Otus senegalensis,Aves,12.10615,0.008140889,0.005255824,0.005001784,0.008185394,0.0
6591,GCA_010365825.1,GCA_040967535.1,Otus sunia,Otus lempiji,Aves,10.08976,0.009941436,0.006400476,0.006083034,0.010007912,0.0
6592,GCA_010365825.1,GCA_040967655.1,Otus sunia,Otus lettia,Aves,10.08976,0.005850239,0.003746228,0.003558694,0.005873175,3533973.56486836
6593,GCA_039877175.1,GCA_040967735.1,Otus scops,Otus rutilus,Aves,12.10615,0.007268603,0.004727529,0.004504465,0.007304054,0.0
6594,GCA_039877175.1,GCA_041108355.1,Otus scops,Otus mirus,Aves,12.10615,0.007693911,0.004975704,0.004736398,0.007733647,0.0
6595,GCA_039877175.1,GCA_040967535.1,Otus scops,Otus lempiji,Aves,12.10615,0.008511022,0.005482112,0.005211246,0.008559683,0.0
6596,GCA_039877175.1,GCA_040967655.1,Otus scops,Otus lettia,Aves,12.10615,0.005019948,0.003219615,0.003059492,0.005036823,0.0
6597,GCA_039877175.1,GCA_041731435.1,Otus scops,Otus longicornis,Aves,12.10615,,,,,0.0
6598,GCA_040967735.1,GCA_040967715.1,Otus rutilus,Otus senegalensis,Aves,12.10615,0.007316655,0.004764489,0.004540152,0.007352578,0.0
6599,GCA_040967735.1,GCA_040967535.1,Otus rutilus,Otus lempiji,Aves,10.08976,0.009266357,0.005994059,0.005701047,0.009324077,0.0
6600,GCA_040967735.1,GCA_040967655.1,Otus rutilus,Otus lettia,Aves,10.08976,0.005468795,0.00351975,0.003346194,0.005488831,0.0
6601,GCA_040967715.1,GCA_041108355.1,Otus senegalensis,Otus mirus,Aves,12.10615,0.007398102,0.004785781,0.004555481,0.007434832,0.0
6602,GCA_040967715.1,GCA_040967535.1,Otus senegalensis,Otus lempiji,Aves,12.10615,0.008600654,0.005546876,0.005273509,0.008650348,0.0
6603,GCA_040967715.1,GCA_040967655.1,Otus senegalensis,Otus lettia,Aves,12.10615,0.004906386,0.003148769,0.002992346,0.004922505,0.0
6604,GCA_040967715.1,GCA_041731435.1,Otus senegalensis,Otus longicornis,Aves,12.10615,,,,,0.0
6605,GCA_041108355.1,GCA_040967535.1,Otus mirus,Otus lempiji,Aves,10.08976,0.009097207,0.00586615,0.005576536,0.00915283,0.0
6607,GCA_040967535.1,GCA_040967655.1,Otus lempiji,Otus lettia,Aves,2.15794,0.001865547,0.001189217,0.001130046,0.001867871,0.0
6608,GCA_040967535.1,GCA_041731435.1,Otus lempiji,Otus longicornis,Aves,10.08976,,,,,0.0
6609,GCA_040967655.1,GCA_041731435.1,Otus lettia,Otus longicornis,Aves,10.08976,4.57e-07,3.25e-07,3.13e-07,4.57e-07,0.0
6618,GCA_048593965.1,GCA_045786995.1,Phylloscopus trochiloides,Phylloscopus ibericus,Aves,14.02103,0.023246518,0.014669921,0.013894684,0.023614407,0.0
6632,GCA_036026575.1,GCA_024361725.1,Pionus tumultuosus,Pionus maximiliani,Aves,3.06,2.91e-05,1.97e-05,1.88e-05,2.91e-05,32439.3061070137
6634,GCA_036026575.1,GCA_032466355.1,Pionus tumultuosus,Pionus fuscus,Aves,3.06,,,,,0.0
6635,GCA_036026575.1,GCA_031763745.2,Pionus tumultuosus,Pionus menstruus,Aves,3.94,,,,,72548.3961094265
6636,GCA_024361725.1,GCA_011762725.2,Pionus maximiliani,Pionus senilis,Aves,3.06,6.11e-07,4e-07,3.79e-07,6.11e-07,0.0
6637,GCA_024361725.1,GCA_032466355.1,Pionus maximiliani,Pionus fuscus,Aves,4.47,,,,,0.0
6638,GCA_024361725.1,GCA_031763745.2,Pionus maximiliani,Pionus menstruus,Aves,3.06,,,,,758076.064736233
6639,GCA_011762725.2,GCA_032466355.1,Pionus senilis,Pionus fuscus,Aves,3.06,,,,,0.0
6641,GCA_032466355.1,GCA_031763745.2,Pionus fuscus,Pionus menstruus,Aves,3.06,,,,,1865112.0767243
6645,GCA_017639485.1,GCA_045787105.1,Pluvialis apricaria,Pluvialis dominica,Aves,10.24949,0.011232442,0.00743953,0.007105691,0.011317403,0.0
6646,GCA_033628385.1,GCA_049000135.1,Pluvialis squatarola,Pluvialis fulva,Aves,9.2754,0.002601731,0.00170827,0.001628422,0.002606254,1725658.17025666
6647,GCA_033628385.1,GCA_045787105.1,Pluvialis squatarola,Pluvialis dominica,Aves,9.2754,0.011557349,0.00770494,0.007357774,0.011647323,1303287.16371186
6648,GCA_049000135.1,GCA_045787105.1,Pluvialis fulva,Pluvialis dominica,Aves,1.8,0.002165027,0.001426314,0.001361,0.002168158,248960.98254015
6653,GCA_025448095.1,GCA_026283885.1,Poicephalus senegalus,Poicephalus gulielmi,Aves,13.30249,0.000901873,0.000638237,0.000614554,0.000902416,5462.96810573467
6654,GCA_025448095.1,GCA_031762375.1,Poicephalus senegalus,Poicephalus rueppellii,Aves,8.50694,0.000382702,0.000269682,0.000259558,0.000382799,0.0
6655,GCA_025448095.1,GCA_026283825.1,Poicephalus senegalus,Poicephalus rufiventris,Aves,4.74384,0.000249354,0.000178358,0.000171968,0.000249396,0.0
6656,GCA_025448095.1,GCA_026283865.1,Poicephalus senegalus,Poicephalus meyeri,Aves,8.50694,3.34e-05,2.27e-05,2.18e-05,3.34e-05,10386.1740953385
6657,GCA_025448095.1,GCA_026413525.1,Poicephalus senegalus,Poicephalus cryptoxanthus,Aves,8.50694,2.99e-07,1.98e-07,1.88e-07,2.99e-07,0.0
6658,GCA_026283885.1,GCA_031762375.1,Poicephalus gulielmi,Poicephalus rueppellii,Aves,13.30249,0.001093663,0.000759805,0.000730061,0.001094462,0.0
6659,GCA_026283885.1,GCA_026283825.1,Poicephalus gulielmi,Poicephalus rufiventris,Aves,13.30249,0.000487305,0.000346641,0.000333967,0.000487464,76855.6729298715
6660,GCA_026283885.1,GCA_026283865.1,Poicephalus gulielmi,Poicephalus meyeri,Aves,13.30249,5.44e-05,3.74e-05,3.58e-05,5.44e-05,120396.878951226
6661,GCA_026283885.1,GCA_026413525.1,Poicephalus gulielmi,Poicephalus cryptoxanthus,Aves,13.30249,1.32e-06,9.63e-07,9.31e-07,1.32e-06,0.0
6663,GCA_031762375.1,GCA_026283865.1,Poicephalus rueppellii,Poicephalus meyeri,Aves,2.71183,2.82e-05,1.9e-05,1.82e-05,2.82e-05,148469.945028822
6665,GCA_026283825.1,GCA_026283865.1,Poicephalus rufiventris,Poicephalus meyeri,Aves,4.74384,2.36e-05,1.61e-05,1.54e-05,2.36e-05,93708.5309040326
6666,GCA_026283825.1,GCA_026413525.1,Poicephalus rufiventris,Poicephalus cryptoxanthus,Aves,4.74384,4.43e-07,3.27e-07,3.17e-07,4.43e-07,16989.3189495535
6667,GCA_026283865.1,GCA_026413525.1,Poicephalus meyeri,Poicephalus cryptoxanthus,Aves,6.36196,,,,,47095.4790676291
6671,GCA_026283845.1,GCA_026284745.2,Primolius maracana,Primolius auricollis,Aves,2.34674,4.59e-05,2.99e-05,2.85e-05,4.59e-05,281484.658097006
6677,GCA_013400715.1,GCA_045785095.1,Prunella fulvescens,Prunella collaris,Aves,9.39255,0.013850009,0.008366694,0.00787344,0.013979488,2259853.24362957
6679,GCA_024331625.1,GCA_032466625.1,Psittacara leucophthalmus,Psittacara rubritorquis,Aves,4.66718,1.39e-06,9.01e-07,8.59e-07,1.39e-06,0.0
6680,GCA_024331625.1,GCA_024361765.2,Psittacara leucophthalmus,Psittacara wagleri,Aves,4.66718,0.000513272,0.000343328,0.000328533,0.000513448,16881.5009626623
6681,GCA_024331625.1,GCA_026283805.1,Psittacara leucophthalmus,Psittacara mitratus,Aves,4.66718,0.000413561,0.00027709,0.00026521,0.000413675,57179.3538942322
6682,GCA_024331625.1,GCA_026283705.1,Psittacara leucophthalmus,Psittacara chloropterus,Aves,4.66718,0.000365864,0.000244615,0.000234057,0.000365953,0.0
6683,GCA_024331625.1,GCA_024320895.1,Psittacara leucophthalmus,Psittacara holochlorus,Aves,3.03365,0.000356531,0.000238617,0.000228428,0.000356616,0.0
6684,GCA_024331625.1,GCA_031763765.1,Psittacara leucophthalmus,Psittacara erythrogenys,Aves,4.66718,,,,,0.0
6685,GCA_024331625.1,GCA_034781895.1,Psittacara leucophthalmus,Psittacara finschi,Aves,4.66718,,,,,0.0
6686,GCA_032466625.1,GCA_024361765.2,Psittacara rubritorquis,Psittacara wagleri,Aves,3.3789,1.72e-06,1.08e-06,1.02e-06,1.72e-06,0.0
6687,GCA_032466625.1,GCA_026283805.1,Psittacara rubritorquis,Psittacara mitratus,Aves,2.239345,1.88e-06,1.19e-06,1.13e-06,1.88e-06,0.0
6689,GCA_032466625.1,GCA_024320895.1,Psittacara rubritorquis,Psittacara holochlorus,Aves,4.66718,7.87e-07,4.89e-07,4.64e-07,7.87e-07,5272.88374899815
6690,GCA_032466625.1,GCA_031763765.1,Psittacara rubritorquis,Psittacara erythrogenys,Aves,1.41751,,,,,0.0
6691,GCA_032466625.1,GCA_034781895.1,Psittacara rubritorquis,Psittacara finschi,Aves,0.9413,,,,,4258.19415221688
6692,GCA_024361765.2,GCA_026283805.1,Psittacara wagleri,Psittacara mitratus,Aves,3.3789,0.000705408,0.000474011,0.00045386,0.00070574,0.0
6693,GCA_024361765.2,GCA_026283705.1,Psittacara wagleri,Psittacara chloropterus,Aves,3.3789,0.000627409,0.000421301,0.000403312,0.000627672,0.0
6694,GCA_024361765.2,GCA_024320895.1,Psittacara wagleri,Psittacara holochlorus,Aves,4.66718,0.000552863,0.000372424,0.000356749,0.000553067,0.0
6695,GCA_024361765.2,GCA_031763765.1,Psittacara wagleri,Psittacara erythrogenys,Aves,3.3789,,,,,0.0
6696,GCA_024361765.2,GCA_034781895.1,Psittacara wagleri,Psittacara finschi,Aves,3.3789,,,,,0.0
6697,GCA_026283805.1,GCA_026283705.1,Psittacara mitratus,Psittacara chloropterus,Aves,2.239345,0.000502463,0.000337762,0.000323394,0.000502631,0.0
6698,GCA_026283805.1,GCA_024320895.1,Psittacara mitratus,Psittacara holochlorus,Aves,4.66718,0.000458095,0.000309021,0.000296092,0.000458235,0.0
6699,GCA_026283805.1,GCA_031763765.1,Psittacara mitratus,Psittacara erythrogenys,Aves,2.239345,,,,,0.0
6700,GCA_026283805.1,GCA_034781895.1,Psittacara mitratus,Psittacara finschi,Aves,2.239345,,,,,0.0
6701,GCA_026283705.1,GCA_024320895.1,Psittacara chloropterus,Psittacara holochlorus,Aves,4.66718,0.00036348,0.000244441,0.000234108,0.000363568,0.0
6702,GCA_026283705.1,GCA_031763765.1,Psittacara chloropterus,Psittacara erythrogenys,Aves,2.14309,,,,,0.0
6703,GCA_026283705.1,GCA_034781895.1,Psittacara chloropterus,Psittacara finschi,Aves,2.14309,,,,,0.0
6705,GCA_024320895.1,GCA_034781895.1,Psittacara holochlorus,Psittacara finschi,Aves,4.66718,,,,,0.0
6706,GCA_031763765.1,GCA_034781895.1,Psittacara erythrogenys,Psittacara finschi,Aves,1.41751,,,,,0.0
6708,GCA_963264785.1,GCA_026283905.1,Psittacula echo,Psittacula cyanocephala,Aves,7.729805,0.000724564,0.000489795,0.000468747,0.000724914,
6709,GCA_963264785.1,GCA_031762335.1,Psittacula echo,Psittacula eupatria,Aves,8.965,2.98e-06,1.99e-06,1.9e-06,2.98e-06,
6710,GCA_963264785.1,GCA_032354935.1,Psittacula echo,Psittacula roseata,Aves,7.729805,,,,,
6711,GCA_963264785.1,GCA_032274665.1,Psittacula echo,Psittacula columboides,Aves,7.39002,0.000534671,0.000354061,0.000338045,0.000534861,
6712,GCA_963264785.1,GCA_031001785.1,Psittacula echo,Psittacula himalayana,Aves,7.729805,,,,,
6713,GCA_029814625.1,GCA_026283905.1,Psittacula derbiana,Psittacula cyanocephala,Aves,7.729805,0.000585151,0.000391534,0.000374153,0.000585379,
6714,GCA_029814625.1,GCA_031762335.1,Psittacula derbiana,Psittacula eupatria,Aves,7.39002,,,,,
6715,GCA_029814625.1,GCA_032354935.1,Psittacula derbiana,Psittacula roseata,Aves,7.729805,,,,,
6716,GCA_029814625.1,GCA_032274665.1,Psittacula derbiana,Psittacula columboides,Aves,6.930655,0.000451481,0.000295958,0.000282114,0.000451617,
6717,GCA_029814625.1,GCA_031001785.1,Psittacula derbiana,Psittacula himalayana,Aves,7.729805,3.57e-07,2.24e-07,2.12e-07,3.57e-07,
6718,GCA_026283905.1,GCA_031762335.1,Psittacula cyanocephala,Psittacula eupatria,Aves,7.729805,,,,,
6719,GCA_026283905.1,GCA_032354935.1,Psittacula cyanocephala,Psittacula roseata,Aves,5.5,,,,,
6720,GCA_026283905.1,GCA_032274665.1,Psittacula cyanocephala,Psittacula columboides,Aves,7.729805,0.000172931,0.00011612,0.00011106,0.000172951,
6721,GCA_026283905.1,GCA_031001785.1,Psittacula cyanocephala,Psittacula himalayana,Aves,3.5,,,,,
6722,GCA_031762335.1,GCA_032354935.1,Psittacula eupatria,Psittacula roseata,Aves,7.729805,,,,,
6723,GCA_031762335.1,GCA_032274665.1,Psittacula eupatria,Psittacula columboides,Aves,7.39002,,,,,
6725,GCA_032354935.1,GCA_032274665.1,Psittacula roseata,Psittacula columboides,Aves,7.729805,,,,,
6726,GCA_032354935.1,GCA_031001785.1,Psittacula roseata,Psittacula himalayana,Aves,5.5,,,,,
6727,GCA_032274665.1,GCA_031001785.1,Psittacula columboides,Psittacula himalayana,Aves,7.729805,,,,,
6731,GCA_010014965.2,GCA_011763455.2,Pyrrhura griseipectus,Pyrrhura perlata,Aves,5.08616,0.001136422,0.000767688,0.000735221,0.001137284,0.0
6732,GCA_010014965.2,GCA_026284605.1,Pyrrhura griseipectus,Pyrrhura egregia,Aves,5.08616,0.001141301,0.000771313,0.000738744,0.00114217,0.0
6733,GCA_010014965.2,GCA_010014865.2,Pyrrhura griseipectus,Pyrrhura frontalis,Aves,5.08616,0.00108242,0.000730298,0.000699277,0.001083202,0.0
6735,GCA_010014965.2,GCA_011763355.2,Pyrrhura griseipectus,Pyrrhura molinae,Aves,5.08616,0.001060471,0.000715601,0.000685256,0.001061221,0.0
6736,GCA_010014965.2,GCA_026284565.1,Pyrrhura griseipectus,Pyrrhura orcesi,Aves,5.08616,0.001052924,0.000711312,0.000681226,0.001053663,0.0
6738,GCA_010014965.2,GCA_026284705.1,Pyrrhura griseipectus,Pyrrhura amazonum,Aves,0.92338,0.000614974,0.000417074,0.000399922,0.000615226,0.0
6739,GCA_010014965.2,GCA_026284585.2,Pyrrhura griseipectus,Pyrrhura albipectus,Aves,5.08616,0.000826282,0.000558325,0.000534731,0.000826738,0.0
6741,GCA_010014965.2,GCA_024363065.2,Pyrrhura griseipectus,Pyrrhura roseifrons,Aves,1.59,0.00118393,0.000798282,0.000764328,0.001184865,0.0
6743,GCA_010014965.2,GCA_032356925.1,Pyrrhura griseipectus,Pyrrhura rhodocephala,Aves,5.08616,,,,,0.0
6744,GCA_011763455.2,GCA_026284605.1,Pyrrhura perlata,Pyrrhura egregia,Aves,2.8466,0.000625182,0.000419276,0.00040146,0.000625443,0.0
6745,GCA_011763455.2,GCA_010014865.2,Pyrrhura perlata,Pyrrhura frontalis,Aves,2.50421,0.000598423,0.000399764,0.000382556,0.000598662,0.0
6747,GCA_011763455.2,GCA_026284705.1,Pyrrhura perlata,Pyrrhura amazonum,Aves,5.08616,0.001144993,0.000774328,0.000741639,0.001145868,93895.0660404853
6748,GCA_011763455.2,GCA_026284585.2,Pyrrhura perlata,Pyrrhura albipectus,Aves,2.36,0.000445826,0.000299536,0.000286835,0.000445959,0.0
6749,GCA_011763455.2,GCA_016545565.2,Pyrrhura perlata,Pyrrhura cruentata,Aves,5.08616,0.001053156,0.000716579,0.000686862,0.001053896,0.0
6751,GCA_011763455.2,GCA_026284545.1,Pyrrhura perlata,Pyrrhura picta,Aves,5.08616,0.000780998,0.000528542,0.000506253,0.000781405,0.0
6752,GCA_011763455.2,GCA_024363065.2,Pyrrhura perlata,Pyrrhura roseifrons,Aves,5.08616,0.00066371,0.000443588,0.000424551,0.000664004,0.0
6753,GCA_011763455.2,GCA_030265185.1,Pyrrhura perlata,Pyrrhura eisenmanni,Aves,5.08616,0.001099586,0.000741713,0.00071014,0.001100393,0.0
6755,GCA_011763455.2,GCA_030265165.1,Pyrrhura perlata,Pyrrhura pfrimeri,Aves,5.08616,2.91e-06,1.96e-06,1.88e-06,2.91e-06,0.0
6756,GCA_011763455.2,GCA_030322885.1,Pyrrhura perlata,Pyrrhura emma,Aves,5.08616,,,,,0.0
6757,GCA_026284605.1,GCA_010014865.2,Pyrrhura egregia,Pyrrhura frontalis,Aves,2.8466,0.000519176,0.000346667,0.000331793,0.000519356,0.0
6759,GCA_026284605.1,GCA_011763355.2,Pyrrhura egregia,Pyrrhura molinae,Aves,2.8466,0.000438347,0.000292532,0.000280036,0.000438475,0.0
6760,GCA_026284605.1,GCA_026284565.1,Pyrrhura egregia,Pyrrhura orcesi,Aves,2.8466,0.000338429,0.000225976,0.000216395,0.000338505,0.0
6762,GCA_026284605.1,GCA_026284705.1,Pyrrhura egregia,Pyrrhura amazonum,Aves,5.08616,0.001216908,0.000821794,0.000786998,0.001217897,0.0
6763,GCA_026284605.1,GCA_026284585.2,Pyrrhura egregia,Pyrrhura albipectus,Aves,2.8466,0.000241753,0.000160788,0.000153888,0.000241792,0.0
6764,GCA_026284605.1,GCA_016545565.2,Pyrrhura egregia,Pyrrhura cruentata,Aves,5.08616,0.001088567,0.000739889,0.000709135,0.001089358,0.0
6766,GCA_026284605.1,GCA_026284545.1,Pyrrhura egregia,Pyrrhura picta,Aves,5.08616,0.000772688,0.00052332,0.000501316,0.000773087,51342.1263455055
6767,GCA_026284605.1,GCA_024363065.2,Pyrrhura egregia,Pyrrhura roseifrons,Aves,5.08616,0.000453109,0.000301671,0.0002887,0.000453246,0.0
6768,GCA_026284605.1,GCA_030265185.1,Pyrrhura egregia,Pyrrhura eisenmanni,Aves,5.08616,0.001086839,0.000732861,0.000701644,0.001087628,0.0
6770,GCA_026284605.1,GCA_030265165.1,Pyrrhura egregia,Pyrrhura pfrimeri,Aves,5.08616,2.8e-06,1.89e-06,1.81e-06,2.8e-06,0.0
6772,GCA_026284605.1,GCA_032356925.1,Pyrrhura egregia,Pyrrhura rhodocephala,Aves,2.8466,,,,,0.0
6774,GCA_010014865.2,GCA_011763355.2,Pyrrhura frontalis,Pyrrhura molinae,Aves,2.50421,0.000477214,0.000317607,0.000303843,0.000477366,0.0
6775,GCA_010014865.2,GCA_026284705.1,Pyrrhura frontalis,Pyrrhura amazonum,Aves,5.08616,0.001080641,0.000729502,0.000698546,0.00108142,0.0
6776,GCA_010014865.2,GCA_026284585.2,Pyrrhura frontalis,Pyrrhura albipectus,Aves,2.36,0.000375912,0.000251276,0.000240495,0.000376007,0.0
6777,GCA_010014865.2,GCA_016545565.2,Pyrrhura frontalis,Pyrrhura cruentata,Aves,5.08616,0.000978085,0.000664484,0.000636775,0.000978723,5461.92860280556
6779,GCA_010014865.2,GCA_026284545.1,Pyrrhura frontalis,Pyrrhura picta,Aves,5.08616,0.000755879,0.000511103,0.000489476,0.000756261,0.0
6780,GCA_010014865.2,GCA_024363065.2,Pyrrhura frontalis,Pyrrhura roseifrons,Aves,5.08616,0.000546273,0.000363438,0.000347649,0.000546472,0.0
6781,GCA_010014865.2,GCA_030265185.1,Pyrrhura frontalis,Pyrrhura eisenmanni,Aves,5.08616,0.001019138,0.000687174,0.000657872,0.001019831,0.0
6783,GCA_010014865.2,GCA_030265165.1,Pyrrhura frontalis,Pyrrhura pfrimeri,Aves,5.08616,2.41e-06,1.62e-06,1.55e-06,2.41e-06,0.0
6784,GCA_010014865.2,GCA_030322885.1,Pyrrhura frontalis,Pyrrhura emma,Aves,5.08616,,,,,0.0
6799,GCA_011763355.2,GCA_026284705.1,Pyrrhura molinae,Pyrrhura amazonum,Aves,5.08616,0.001102493,0.000744681,0.000713168,0.001103304,0.0
6800,GCA_011763355.2,GCA_026284585.2,Pyrrhura molinae,Pyrrhura albipectus,Aves,2.36,0.000319631,0.000213414,0.000204271,0.000319699,0.0
6801,GCA_011763355.2,GCA_016545565.2,Pyrrhura molinae,Pyrrhura cruentata,Aves,5.08616,0.001037545,0.000704876,0.000675489,0.001038263,0.0
6802,GCA_011763355.2,GCA_026284545.1,Pyrrhura molinae,Pyrrhura picta,Aves,5.08616,0.000723051,0.000489678,0.000469077,0.0007234,0.0
6803,GCA_011763355.2,GCA_024363065.2,Pyrrhura molinae,Pyrrhura roseifrons,Aves,5.08616,0.000453707,0.000301598,0.000288549,0.000453845,49150.0303165162
6804,GCA_011763355.2,GCA_030265185.1,Pyrrhura molinae,Pyrrhura eisenmanni,Aves,5.08616,0.001031175,0.000694846,0.000665178,0.001031885,0.0
6806,GCA_011763355.2,GCA_030265165.1,Pyrrhura molinae,Pyrrhura pfrimeri,Aves,5.08616,2.73e-06,1.8e-06,1.72e-06,2.73e-06,0.0
6807,GCA_011763355.2,GCA_030322885.1,Pyrrhura molinae,Pyrrhura emma,Aves,5.08616,,,,,0.0
6808,GCA_026284565.1,GCA_026284705.1,Pyrrhura orcesi,Pyrrhura amazonum,Aves,5.08616,0.001113116,0.000751622,0.000719742,0.001113943,0.0
6809,GCA_026284565.1,GCA_026284585.2,Pyrrhura orcesi,Pyrrhura albipectus,Aves,2.36,0.00024722,0.000164811,0.000157742,0.000247261,0.0
6810,GCA_026284565.1,GCA_016545565.2,Pyrrhura orcesi,Pyrrhura cruentata,Aves,5.08616,0.000992551,0.000674126,0.00064602,0.000993208,0.0
6811,GCA_026284565.1,GCA_026284545.1,Pyrrhura orcesi,Pyrrhura picta,Aves,5.08616,0.000706162,0.000478359,0.000458229,0.000706494,0.0
6812,GCA_026284565.1,GCA_024363065.2,Pyrrhura orcesi,Pyrrhura roseifrons,Aves,5.08616,0.000417425,0.000278529,0.000266601,0.000417541,0.0
6813,GCA_026284565.1,GCA_030265185.1,Pyrrhura orcesi,Pyrrhura eisenmanni,Aves,5.08616,0.000985725,0.000664545,0.000636203,0.000986374,0.0
6815,GCA_026284565.1,GCA_030265165.1,Pyrrhura orcesi,Pyrrhura pfrimeri,Aves,5.08616,2.29e-06,1.51e-06,1.45e-06,2.29e-06,0.0
6816,GCA_026284565.1,GCA_030322885.1,Pyrrhura orcesi,Pyrrhura emma,Aves,5.08616,,,,,0.0
6826,GCA_026284705.1,GCA_026284585.2,Pyrrhura amazonum,Pyrrhura albipectus,Aves,5.08616,0.000892514,0.000602737,0.000577188,0.000893046,0.0
6828,GCA_026284705.1,GCA_024363065.2,Pyrrhura amazonum,Pyrrhura roseifrons,Aves,1.59,0.0012237,0.000825403,0.000790313,0.001224699,0.0
6830,GCA_026284705.1,GCA_032356925.1,Pyrrhura amazonum,Pyrrhura rhodocephala,Aves,5.08616,,,,,0.0
6831,GCA_026284585.2,GCA_016545565.2,Pyrrhura albipectus,Pyrrhura cruentata,Aves,5.08616,0.000763254,0.000518454,0.000496843,0.000763643,0.0
6833,GCA_026284585.2,GCA_026284545.1,Pyrrhura albipectus,Pyrrhura picta,Aves,5.08616,0.000577996,0.000391426,0.000374941,0.000578219,0.0
6834,GCA_026284585.2,GCA_024363065.2,Pyrrhura albipectus,Pyrrhura roseifrons,Aves,5.08616,0.000303379,0.000202466,0.00019379,0.00030344,0.0
6835,GCA_026284585.2,GCA_030265185.1,Pyrrhura albipectus,Pyrrhura eisenmanni,Aves,5.08616,0.00074696,0.000503374,0.000481863,0.000747332,0.0
6837,GCA_026284585.2,GCA_030265165.1,Pyrrhura albipectus,Pyrrhura pfrimeri,Aves,5.08616,2.28e-06,1.5e-06,1.43e-06,2.28e-06,0.0
6838,GCA_026284585.2,GCA_030322885.1,Pyrrhura albipectus,Pyrrhura emma,Aves,5.08616,,,,,0.0
6839,GCA_026284585.2,GCA_032356925.1,Pyrrhura albipectus,Pyrrhura rhodocephala,Aves,2.36,,,,,0.0
6841,GCA_016545565.2,GCA_032356925.1,Pyrrhura cruentata,Pyrrhura rhodocephala,Aves,5.08616,,,,,0.0
6848,GCA_026284545.1,GCA_024363065.2,Pyrrhura picta,Pyrrhura roseifrons,Aves,1.59,0.000807415,0.000545814,0.00052272,0.00080785,0.0
6849,GCA_026284545.1,GCA_032356925.1,Pyrrhura picta,Pyrrhura rhodocephala,Aves,5.08616,,,,,0.0
6850,GCA_024363065.2,GCA_030265185.1,Pyrrhura roseifrons,Pyrrhura eisenmanni,Aves,1.59,0.001139888,0.000767414,0.000734563,0.001140755,0.0
6852,GCA_024363065.2,GCA_030265165.1,Pyrrhura roseifrons,Pyrrhura pfrimeri,Aves,1.59,2.94e-06,1.95e-06,1.86e-06,2.94e-06,0.0
6853,GCA_024363065.2,GCA_030322885.1,Pyrrhura roseifrons,Pyrrhura emma,Aves,1.59,,,,,0.0
6854,GCA_024363065.2,GCA_032356925.1,Pyrrhura roseifrons,Pyrrhura rhodocephala,Aves,5.08616,,,,,0.0
6855,GCA_030265185.1,GCA_032356925.1,Pyrrhura eisenmanni,Pyrrhura rhodocephala,Aves,5.08616,,,,,0.0
6857,GCA_030265165.1,GCA_032356925.1,Pyrrhura pfrimeri,Pyrrhura rhodocephala,Aves,5.08616,,,,,0.0
6858,GCA_030322885.1,GCA_032356925.1,Pyrrhura emma,Pyrrhura rhodocephala,Aves,5.08616,,,,,0.0
6861,GCA_013399035.1,GCA_046270505.1,Quiscalus mexicanus,Quiscalus quiscula,Aves,2.02188,,,,,1403569.75033824
6936,GCA_038406095.1,GCA_038382005.1,Spatula clypeata,Spatula versicolor,Aves,5.967145,0.009379577,0.006059497,0.005762522,0.009438721,0.0
6937,GCA_038406095.1,GCA_035221675.1,Spatula clypeata,Spatula smithii,Aves,1.0375,0.005175052,0.003321835,0.003162759,0.005192988,0.0
6938,GCA_038406095.1,GCA_034783165.1,Spatula clypeata,Spatula rhynchotis,Aves,0.495,0.003930091,0.002486472,0.002364093,0.003940424,0.0
6945,GCA_038382005.1,GCA_034783165.1,Spatula versicolor,Spatula rhynchotis,Aves,5.967145,0.01034502,0.006686258,0.006358152,0.010417029,0.0
6947,GCA_035221675.1,GCA_034783165.1,Spatula smithii,Spatula rhynchotis,Aves,1.0375,0.005776711,0.003705732,0.003527031,0.005799072,0.0
6956,GCA_034780795.1,GCA_036873585.1,Spinus spinus,Spinus psaltria,Aves,4.728065,,,,,0.0
6957,GCA_034780795.1,GCA_036026055.1,Spinus spinus,Spinus crassirostris,Aves,5.75,,,,,0.0
6959,GCA_034780795.1,GCA_032361365.1,Spinus spinus,Spinus pinus,Aves,1.804825,,,,,0.0
6960,GCA_034780795.1,GCA_036873005.1,Spinus spinus,Spinus tristis,Aves,4.728065,,,,,0.0
6961,GCA_034780795.1,GCA_034780675.1,Spinus spinus,Spinus atriceps,Aves,1.804825,,,,,0.0
6962,GCA_034780795.1,GCA_034640395.1,Spinus spinus,Spinus spinescens,Aves,5.75,,,,,0.0
6963,GCA_034780795.1,GCA_034780875.1,Spinus spinus,Spinus lawrencei,Aves,4.728065,,,,,0.0
6964,GCA_034780795.1,GCA_034509085.1,Spinus spinus,Spinus yarrellii,Aves,5.75,,,,,0.0
6965,GCA_036873585.1,GCA_036026055.1,Spinus psaltria,Spinus crassirostris,Aves,5.75,9.97e-07,5.6e-07,5.22e-07,9.97e-07,0.0
6967,GCA_036873585.1,GCA_032361365.1,Spinus psaltria,Spinus pinus,Aves,4.728065,1.48e-06,8.24e-07,7.66e-07,1.48e-06,1731949.73667219
6968,GCA_036873585.1,GCA_036873005.1,Spinus psaltria,Spinus tristis,Aves,2.7377,6.67e-08,3.67e-08,3.37e-08,6.67e-08,701423.752343037
6969,GCA_036873585.1,GCA_034780675.1,Spinus psaltria,Spinus atriceps,Aves,4.728065,,,,,26997.3892170981
6970,GCA_036873585.1,GCA_034640395.1,Spinus psaltria,Spinus spinescens,Aves,5.75,,,,,77974.4903511099
6971,GCA_036873585.1,GCA_034780875.1,Spinus psaltria,Spinus lawrencei,Aves,2.865605,,,,,134816.763998399
6972,GCA_036873585.1,GCA_034509085.1,Spinus psaltria,Spinus yarrellii,Aves,5.75,,,,,0.0
6974,GCA_036026055.1,GCA_032361365.1,Spinus crassirostris,Spinus pinus,Aves,5.75,0.00966144,0.005677743,0.005326719,0.009724208,0.0
6975,GCA_036026055.1,GCA_036873005.1,Spinus crassirostris,Spinus tristis,Aves,5.75,0.012048612,0.006917218,0.006455947,0.01214644,0.0
6976,GCA_036026055.1,GCA_034780675.1,Spinus crassirostris,Spinus atriceps,Aves,5.75,9.18e-05,5.24e-05,4.89e-05,9.18e-05,0.0
6977,GCA_036026055.1,GCA_034640395.1,Spinus crassirostris,Spinus spinescens,Aves,1.2,1.72e-06,1.01e-06,9.51e-07,1.72e-06,0.0
6978,GCA_036026055.1,GCA_034780875.1,Spinus crassirostris,Spinus lawrencei,Aves,5.75,1.01e-05,5.82e-06,5.45e-06,1.01e-05,0.0
6979,GCA_036026055.1,GCA_034509085.1,Spinus crassirostris,Spinus yarrellii,Aves,1.7,,,,,0.0
6986,GCA_032361365.1,GCA_036873005.1,Spinus pinus,Spinus tristis,Aves,4.728065,0.012044817,0.006889427,0.006426318,0.012142584,3649698.64833277
6987,GCA_032361365.1,GCA_034780675.1,Spinus pinus,Spinus atriceps,Aves,0.3,5.44e-05,3.05e-05,2.85e-05,5.44e-05,20877.2515683125
6988,GCA_032361365.1,GCA_034640395.1,Spinus pinus,Spinus spinescens,Aves,5.75,2.64e-06,1.54e-06,1.45e-06,2.64e-06,0.0
6989,GCA_032361365.1,GCA_034780875.1,Spinus pinus,Spinus lawrencei,Aves,4.728065,9.94e-06,5.63e-06,5.25e-06,9.94e-06,67895.3746505968
6990,GCA_032361365.1,GCA_034509085.1,Spinus pinus,Spinus yarrellii,Aves,5.75,,,,,0.0
6991,GCA_036873005.1,GCA_034780675.1,Spinus tristis,Spinus atriceps,Aves,4.728065,0.000107158,6.07e-05,5.66e-05,0.000107166,0.0
6992,GCA_036873005.1,GCA_034640395.1,Spinus tristis,Spinus spinescens,Aves,5.75,5.28e-07,3.07e-07,2.88e-07,5.28e-07,0.0
6993,GCA_036873005.1,GCA_034780875.1,Spinus tristis,Spinus lawrencei,Aves,2.865605,1.65e-05,9.43e-06,8.79e-06,1.65e-05,89115.2637803765
6994,GCA_036873005.1,GCA_034509085.1,Spinus tristis,Spinus yarrellii,Aves,5.75,,,,,0.0
6996,GCA_034780675.1,GCA_034780875.1,Spinus atriceps,Spinus lawrencei,Aves,4.728065,,,,,0.0
6997,GCA_034780675.1,GCA_034509085.1,Spinus atriceps,Spinus yarrellii,Aves,5.75,,,,,0.0
6998,GCA_034640395.1,GCA_034780875.1,Spinus spinescens,Spinus lawrencei,Aves,5.75,,,,,0.0
6999,GCA_034640395.1,GCA_034509085.1,Spinus spinescens,Spinus yarrellii,Aves,1.7,,,,,0.0
7000,GCA_034780875.1,GCA_034509085.1,Spinus lawrencei,Spinus yarrellii,Aves,5.75,,,,,0.0
7008,GCA_047404275.1,GCA_041107955.1,Sula nebouxii,Sula sula,Aves,5.9,,,,,3119738.06672575
7015,GCF_009819655.1,GCA_045783275.1,Sylvia atricapilla,Sylvia nana,Aves,13.30948,0.02961024,0.018117995,0.01706626,0.030210606,
7019,GCA_038381655.1,GCA_032357605.1,Tachyeres patachonicus,Tachyeres brachypterus,Aves,2.01,0.001143842,0.000615761,0.000574285,0.001144715,0.0
7026,GCA_047292275.1,GCA_046766095.1,Tockus jacksoni,Tockus erythrorhynchus,Aves,37.25,0.011375269,0.007802803,0.007483639,0.011462416,105169.715584928
7027,GCA_047292255.1,GCA_046766075.1,Tockus leucomelas,Tockus deckeni,Aves,9.96,0.005096753,0.003492934,0.003354525,0.00511415,0.0
7028,GCA_047292255.1,GCA_046766095.1,Tockus leucomelas,Tockus erythrorhynchus,Aves,37.25,0.011513188,0.007875167,0.007550014,0.011602472,1279790.61393845
7029,GCA_046766075.1,GCA_046766095.1,Tockus deckeni,Tockus erythrorhynchus,Aves,37.25,0.011104482,0.00761874,0.007307397,0.011187508,1569030.43668497
7039,GCA_032361345.1,GCA_048591985.1,Trichoglossus haematodus,Trichoglossus chlorolepidotus,Aves,1.03703,,,,,0.0
7041,GCA_025447915.1,GCA_048591985.1,Trichoglossus euteles,Trichoglossus chlorolepidotus,Aves,1.03703,,,,,0.0
7043,GCA_045782655.1,GCA_045787125.1,Tringa flavipes,Tringa erythropus,Aves,14.69732,2.37e-05,1.52e-05,1.43e-05,2.37e-05,0.0
7045,GCA_045782655.1,GCA_033628505.1,Tringa flavipes,Tringa tobata,Aves,24.33519,0.019816302,0.012770065,0.01211628,0.020082797,
7046,GCA_045782655.1,GCA_045783195.1,Tringa flavipes,Tringa melanoleuca,Aves,14.69732,0.00714449,0.004694618,0.00447398,0.007178737,2397494.79152978
7047,GCA_045787125.1,GCA_026413425.1,Tringa erythropus,Tringa solitaria,Aves,16.485215,2.76e-05,1.77e-05,1.67e-05,2.76e-05,0.0
7048,GCA_045787125.1,GCA_033628505.1,Tringa erythropus,Tringa tobata,Aves,24.33519,2.43e-05,1.57e-05,1.48e-05,2.43e-05,
7049,GCA_045787125.1,GCA_045783195.1,Tringa erythropus,Tringa melanoleuca,Aves,10.36956,2.67e-05,1.69e-05,1.59e-05,2.67e-05,0.0
7050,GCA_026413425.1,GCA_033628505.1,Tringa solitaria,Tringa tobata,Aves,24.33519,0.017344855,0.011112561,0.010535985,0.017548564,
7052,GCA_033628505.1,GCA_045783195.1,Tringa tobata,Tringa melanoleuca,Aves,24.33519,0.009061161,0.005862665,0.005569524,0.009116342,
7098,GCA_032274845.2,GCA_032353205.1,Tyrannus crassirostris,Tyrannus verticalis,Aves,3.35448,0.011733234,0.007543838,0.007171883,0.011825982,77349.3434689201
7102,GCA_032274845.2,GCA_032353075.1,Tyrannus crassirostris,Tyrannus caudifasciatus,Aves,3.44997,0.001695595,0.001064372,0.001008732,0.001697514,0.0
7104,GCA_032274845.2,GCA_032274585.2,Tyrannus crassirostris,Tyrannus vociferans,Aves,3.35448,9.64e-06,5.94e-06,5.61e-06,9.64e-06,480368.58770015
7108,GCA_032353205.1,GCA_032353075.1,Tyrannus verticalis,Tyrannus caudifasciatus,Aves,3.44997,0.001529845,0.000962794,0.000912844,0.001531407,0.0
7110,GCA_032353205.1,GCA_032274585.2,Tyrannus verticalis,Tyrannus vociferans,Aves,1.25921,1.36e-06,7.75e-07,7.25e-07,1.36e-06,625712.592209383
7124,GCA_032353075.1,GCA_032274585.2,Tyrannus caudifasciatus,Tyrannus vociferans,Aves,3.44997,,,,,0.0
7198,GCA_043658215.1,GCA_041108475.1,Vireo philadelphicus,Vireo vicinior,Aves,13.01433,0.007744961,0.004707697,0.004426952,0.007785228,0.0
7202,GCA_043658215.1,GCA_041107595.1,Vireo philadelphicus,Vireo latimeri,Aves,13.01433,,,,,0.0
7204,GCA_043658215.1,GCA_040967895.1,Vireo philadelphicus,Vireo huttoni,Aves,13.01433,,,,,0.0
7257,GCA_041108475.1,GCA_041107595.1,Vireo vicinior,Vireo latimeri,Aves,11.70116,,,,,0.0
7259,GCA_041108475.1,GCA_040967895.1,Vireo vicinior,Vireo huttoni,Aves,7.279475,,,,,64876.4671673598
7285,GCA_041107595.1,GCA_040967895.1,Vireo latimeri,Vireo huttoni,Aves,11.70116,,,,,0.0
7302,GCA_907164505.1,GCA_029890205.1,Acomys kempi,Acomys cahirinus,Mammalia,18.1997,0.02095627,0.013509101,0.012859722,0.021254617,0.0
7304,GCA_907164505.1,GCA_964271855.1,Acomys kempi,Acomys minous,Mammalia,18.1997,0.019693552,0.012688125,0.012078717,0.019956727,0.0
7305,GCA_907164505.1,GCA_907164435.1,Acomys kempi,Acomys dimidiatus,Mammalia,18.1997,0.018593772,0.011990747,0.011416355,0.018828139,0.0
7308,GCA_029890205.1,GCA_964271855.1,Acomys cahirinus,Acomys minous,Mammalia,3.379615,0.011265024,0.007171489,0.006828355,0.011350481,0.0
7309,GCA_029890205.1,GCA_907164435.1,Acomys cahirinus,Acomys dimidiatus,Mammalia,2.83303,0.001879266,0.001065402,0.001005095,0.001881625,15352.3262472263
7314,GCA_964271855.1,GCA_907164435.1,Acomys minous,Acomys dimidiatus,Mammalia,2.83303,0.01031928,0.006616597,0.00630635,0.010390929,0.0
7321,GCA_004027835.1,GCA_963575295.1,Alouatta palliata,Alouatta caraya,Mammalia,4.1218,0.00214061,0.001442913,0.001382377,0.002143671,0.0
7322,GCA_004027835.1,GCA_963574145.1,Alouatta palliata,Alouatta belzebul,Mammalia,4.1218,0.002291996,0.001552394,0.001488391,0.002295505,0.0
7323,GCA_004027835.1,GCA_963575205.1,Alouatta palliata,Alouatta discolor,Mammalia,4.1218,0.002074834,0.001402187,0.001343967,0.002077709,0.0
7324,GCA_004027835.1,GCA_963574365.1,Alouatta palliata,Alouatta juara,Mammalia,4.1218,0.00194478,0.001311712,0.001256823,0.001947306,18678.9362543455
7325,GCA_004027835.1,GCA_963573945.1,Alouatta palliata,Alouatta macconnelli,Mammalia,4.1218,0.001825881,0.001235005,0.001183802,0.001828107,0.0
7326,GCA_963575295.1,GCA_963574145.1,Alouatta caraya,Alouatta belzebul,Mammalia,4.1,0.000912495,0.000607624,0.000581506,0.000913051,30783.1590237594
7327,GCA_963575295.1,GCA_963575205.1,Alouatta caraya,Alouatta discolor,Mammalia,4.1,0.000828401,0.000550161,0.000526302,0.000828859,0.0
7328,GCA_963575295.1,GCA_963574365.1,Alouatta caraya,Alouatta juara,Mammalia,3.6876,0.000764109,0.000504113,0.000481801,0.000764499,0.0
7329,GCA_963575295.1,GCA_963573945.1,Alouatta caraya,Alouatta macconnelli,Mammalia,3.6876,0.00072839,0.000483388,0.000462396,0.000728744,0.0
7331,GCA_963574145.1,GCA_963574365.1,Alouatta belzebul,Alouatta juara,Mammalia,4.1,0.000857631,0.000572845,0.000548395,0.000858122,0.0
7333,GCA_963575205.1,GCA_963574365.1,Alouatta discolor,Alouatta juara,Mammalia,4.1,0.000770166,0.000513046,0.000490979,0.000770561,0.0
7334,GCA_963575205.1,GCA_963573945.1,Alouatta discolor,Alouatta macconnelli,Mammalia,4.1,0.000732523,0.000490457,0.000469676,0.000732881,523.966653603347
7335,GCA_963574365.1,GCA_963573945.1,Alouatta juara,Alouatta macconnelli,Mammalia,0.097785,0.000542077,0.000357713,0.000342028,0.000542273,716.972259543624
7357,GCF_030222135.1,GCA_963574785.1,Aotus nancymaae,Aotus trivirgatus,Mammalia,4.1405,0.002395905,0.001617613,0.001551117,0.00239974,0.0
7359,GCF_030222135.1,GCA_963573465.1,Aotus nancymaae,Aotus azarai,Mammalia,4.80225,0.00226676,0.001519565,0.001455876,0.002270193,
7360,GCF_030222135.1,GCA_963573775.1,Aotus nancymaae,Aotus vociferans,Mammalia,4.1405,0.002194089,0.001481859,0.001421054,0.002197304,64826.298196646
7361,GCA_963574785.1,GCA_963574505.1,Aotus trivirgatus,Aotus griseimembra,Mammalia,2.83607,0.001245702,0.000847592,0.000813276,0.001246738,0.0
7362,GCA_963574785.1,GCA_963573465.1,Aotus trivirgatus,Aotus azarai,Mammalia,4.80225,0.001029071,0.00069423,0.000665627,0.001029777,
7363,GCA_963574785.1,GCA_963573775.1,Aotus trivirgatus,Aotus vociferans,Mammalia,4.04,0.00029757,0.00019056,0.000181561,0.000297629,0.0
7364,GCA_963574505.1,GCA_963573465.1,Aotus griseimembra,Aotus azarai,Mammalia,4.80225,0.001205726,0.000814562,0.00078091,0.001206696,
7366,GCA_963573465.1,GCA_963573775.1,Aotus azarai,Aotus vociferans,Mammalia,4.80225,0.00092682,0.000625154,0.000599396,0.000927393,
7375,GCA_004024785.1,GCA_963573605.1,Ateles geoffroyi,Ateles belzebuth,Mammalia,1.51265,0.002194017,0.001434485,0.001368954,0.002197232,0.0
7376,GCA_004024785.1,GCA_916098195.1,Ateles geoffroyi,Ateles hybridus,Mammalia,2.8,0.004889298,0.00248713,0.00237794,0.004905304,0.0
7377,GCA_004024785.1,GCA_963573985.1,Ateles geoffroyi,Ateles paniscus,Mammalia,5.07,0.002510225,0.001649755,0.001575282,0.002514436,0.0
7378,GCA_004024785.1,GCA_963573555.1,Ateles geoffroyi,Ateles marginatus,Mammalia,5.07,0.002333085,0.001524689,0.001454807,0.002336721,0.0
7385,GCA_963573605.1,GCA_916098195.1,Ateles belzebuth,Ateles hybridus,Mammalia,2.8,0.004166526,0.002258018,0.002155472,0.004178142,0.0
7386,GCA_963573605.1,GCA_963573985.1,Ateles belzebuth,Ateles paniscus,Mammalia,5.07,0.00177127,0.001149464,0.001095521,0.001773365,228.413309081344
7387,GCA_963573605.1,GCA_963573555.1,Ateles belzebuth,Ateles marginatus,Mammalia,5.07,0.001277439,0.000813283,0.000773444,0.001278528,0.0
7389,GCA_916098195.1,GCA_963573985.1,Ateles hybridus,Ateles paniscus,Mammalia,5.07,0.00488136,0.002676103,0.002556014,0.004897314,0.0
7390,GCA_916098195.1,GCA_963573555.1,Ateles hybridus,Ateles marginatus,Mammalia,5.07,0.004518448,0.002456206,0.002344586,0.004532114,0.0
7392,GCA_963573985.1,GCA_963573555.1,Ateles paniscus,Ateles marginatus,Mammalia,1.43,0.001958328,0.001270492,0.001210669,0.001960889,2758.63863544646
7406,GCA_904813165.1,GCA_904814315.1,Bettongia lesueur,Bettongia tropica,Mammalia,6.56,,,,,0.0
7407,GCA_904813165.1,GCA_904810735.1,Bettongia lesueur,Bettongia gaimardi,Mammalia,6.56,,,,,0.0
7408,GCA_904814315.1,GCA_904810735.1,Bettongia tropica,Bettongia gaimardi,Mammalia,2.935,,,,,0.0
7421,GCA_043643345.1,GCF_027580195.1,Bos frontalis,Bos mutus,Mammalia,3.75073,0.008913808,0.005778341,0.005525638,0.008967202,
7422,GCA_043643345.1,GCA_014182915.2,Bos frontalis,Bos gaurus,Mammalia,0.207,0.006658875,0.004087895,0.003903149,0.006688611,
7423,GCF_027580195.1,GCA_014182915.2,Bos mutus,Bos gaurus,Mammalia,3.75073,0.008554972,0.005470999,0.005230779,0.008604138,0.0
7431,GCA_963573425.1,GCA_963573955.1,Cacajao ayresi,Cacajao calvus,Mammalia,3.4072,0.001724814,0.001104158,0.00105304,0.0017268,0.0
7433,GCA_963573795.1,GCA_963573955.1,Cacajao hosomi,Cacajao calvus,Mammalia,3.4072,0.001635677,0.001046388,0.000997797,0.001637463,0.0
7437,GCF_011100555.1,GCA_963573515.1,Callithrix jacchus,Callithrix geoffroyi,Mammalia,1.44965,8.95e-05,5.58e-05,5.3e-05,8.95e-05,0.0
7438,GCA_046862485.1,GCA_963573495.1,Callithrix penicillata,Callithrix kuhlii,Mammalia,1.11905,8.93e-05,5.53e-05,5.25e-05,8.93e-05,0.0
7439,GCA_046862485.1,GCA_963573515.1,Callithrix penicillata,Callithrix geoffroyi,Mammalia,1.44965,7.94e-05,4.94e-05,4.69e-05,7.94e-05,2919.36534873139
7440,GCA_963573495.1,GCA_963573515.1,Callithrix kuhlii,Callithrix geoffroyi,Mammalia,1.44965,2.76e-05,1.72e-05,1.64e-05,2.76e-05,3145.57103788402
7450,GCA_000978405.1,GCA_006410555.1,Capra aegagrus,Capra ibex,Mammalia,1.76776,0.002376481,0.001578093,0.001508806,0.002380254,0.0
7451,GCA_000978405.1,GCA_038502695.1,Capra aegagrus,Capra falconeri,Mammalia,1.18695,2.54e-05,1.69e-05,1.62e-05,2.54e-05,0.0
7454,GCA_006410555.1,GCA_038502695.1,Capra ibex,Capra falconeri,Mammalia,1.76776,0.000103117,7.11e-05,6.83e-05,0.000103124,0.0
7462,GCA_963574255.1,GCA_963574745.1,Cebus unicolor,Cebus olivaceus,Mammalia,1.35936,0.000500693,0.000304109,0.000287599,0.00050086,0.0
7464,GCA_904811095.1,GCA_904810795.1,Cercartetus caudatus,Cercartetus concinnus,Mammalia,20.1,,,,,0.0
7468,GCA_963574065.1,GCA_963574135.1,Cercocebus chrysogaster,Cercocebus torquatus,Mammalia,3.33,0.000762572,0.000504024,0.000481725,0.00076296,0.0
7471,GCA_963574685.1,GCA_963573595.1,Cercopithecus neglectus,Cercopithecus roloway,Mammalia,5.86525,0.001150627,0.000765375,0.000731656,0.00115151,0.0
7472,GCA_963574685.1,GCA_963575045.1,Cercopithecus neglectus,Cercopithecus nictitans,Mammalia,5.86525,0.001205531,0.000807325,0.000772455,0.001206501,791349.091399409
7473,GCA_963574685.1,GCA_963575065.1,Cercopithecus neglectus,Cercopithecus petaurista,Mammalia,5.86525,0.001177088,0.000783968,0.000749478,0.001178013,0.0
7474,GCA_963574685.1,GCA_963574765.1,Cercopithecus neglectus,Cercopithecus diana,Mammalia,5.86525,0.001040783,0.000693286,0.000662891,0.001041506,0.0
7475,GCA_963574685.1,GCA_963574115.1,Cercopithecus neglectus,Cercopithecus ascanius,Mammalia,5.86525,0.000747051,0.000497345,0.000475477,0.000747423,1387175.09507968
7487,GCA_963573595.1,GCA_963575045.1,Cercopithecus roloway,Cercopithecus nictitans,Mammalia,5.3233,0.000757737,0.000504294,0.000482127,0.00075812,0.0
7488,GCA_963573595.1,GCA_963575065.1,Cercopithecus roloway,Cercopithecus petaurista,Mammalia,5.3233,0.000732107,0.000485224,0.000463598,0.000732464,581.244111607235
7489,GCA_963573595.1,GCA_963574765.1,Cercopithecus roloway,Cercopithecus diana,Mammalia,2.5,0.000362817,0.00023343,0.000222353,0.000362905,0.0
7490,GCA_963573595.1,GCA_963574115.1,Cercopithecus roloway,Cercopithecus ascanius,Mammalia,5.3233,0.000510895,0.000338055,0.000322958,0.000511069,0.0
7491,GCA_963575045.1,GCA_963575065.1,Cercopithecus nictitans,Cercopithecus petaurista,Mammalia,5.318425,0.000596993,0.000396624,0.000379172,0.00059723,55430.5568692301
7492,GCA_963575045.1,GCA_963574765.1,Cercopithecus nictitans,Cercopithecus diana,Mammalia,5.3233,0.000698501,0.000465909,0.000445568,0.000698827,53087.2925806043
7493,GCA_963575045.1,GCA_963574115.1,Cercopithecus nictitans,Cercopithecus ascanius,Mammalia,5.318425,0.000415366,0.000275026,0.000262835,0.000415481,149597.713105927
7495,GCA_963575065.1,GCA_963574115.1,Cercopithecus petaurista,Cercopithecus ascanius,Mammalia,3.175,0.000367705,0.000240739,0.000229742,0.000367796,0.0
7496,GCA_963574765.1,GCA_963574115.1,Cercopithecus diana,Cercopithecus ascanius,Mammalia,5.3233,0.000462741,0.000306325,0.000292665,0.000462884,0.0
7499,GCA_040085125.1,GCA_046563475.2,Cervus nippon,Cervus albirostris,Mammalia,2.231815,0.00552003,0.003683107,0.003523728,0.005540444,0.0
7500,GCF_910594005.1,GCF_019320065.1,Cervus elaphus,Cervus canadensis,Mammalia,3.657415,0.004228069,0.002748792,0.002628965,0.004240032,0.0
7501,GCF_910594005.1,GCA_046563475.2,Cervus elaphus,Cervus albirostris,Mammalia,3.657415,0.005443726,0.003636142,0.003479211,0.005463578,0.0
7502,GCF_019320065.1,GCA_046563475.2,Cervus canadensis,Cervus albirostris,Mammalia,2.231815,0.006360473,0.004246309,0.004064664,0.006387596,308822.273197337
7518,GCA_904811055.1,GCA_904814155.1,Dactylopsila trivirgata,Dactylopsila palpator,Mammalia,7.535,,,,,
7532,GCF_024711535.1,GCF_000151885.1,Dipodomys merriami,Dipodomys ordii,Mammalia,6.7,0.01066387,0.00637142,0.006002762,0.010740409,853108.297647777
7533,GCF_019054845.1,GCA_004024685.1,Dipodomys spectabilis,Dipodomys stephensi,Mammalia,9.27055,0.003589373,0.002186908,0.002067551,0.003597989,0.0
7534,GCF_019054845.1,GCF_000151885.1,Dipodomys spectabilis,Dipodomys ordii,Mammalia,9.27055,0.011782215,0.007160806,0.006763914,0.011875743,480627.925432037
7535,GCA_004024685.1,GCF_000151885.1,Dipodomys stephensi,Dipodomys ordii,Mammalia,6.7,0.005616807,0.003409691,0.003222011,0.005637945,0.0
7536,GCA_904813385.1,GCA_904812085.1,Echymipera kalubu,Echymipera clara,Mammalia,5.5802,,,,,175468.747730029
7537,GCA_904813385.1,GCA_904811145.1,Echymipera kalubu,Echymipera rufescens,Mammalia,3.06755,,,,,793829.742636849
7538,GCA_904812085.1,GCA_904811145.1,Echymipera clara,Echymipera rufescens,Mammalia,5.5802,,,,,175468.747730029
7545,GCF_028564815.1,GCA_004363455.1,Eubalaena glacialis,Eubalaena japonica,Mammalia,1.37887,0.000821083,0.000526069,0.000501426,0.000821533,0.0
7546,GCA_963574965.1,GCA_001262665.1,Eulemur coronatus,Eulemur flavifrons,Mammalia,6.02955,0.005148594,0.003522815,0.003382358,0.005166348,0.0
7548,GCA_963573705.1,GCA_963573435.1,Eulemur sanfordi,Eulemur albifrons,Mammalia,0.961415,0.000485006,0.000324502,0.000311243,0.000485163,0.0
7557,GCA_963574485.1,GCA_963575155.1,Hapalemur griseus,Hapalemur occidentalis,Mammalia,1.101395,0.000654263,0.000431399,0.000412618,0.000654548,0.838401367090702
7560,GCF_001890085.2,GCA_004027415.1,Hipposideros armiger,Hipposideros galeritus,Mammalia,20.25,0.004714908,0.002879683,0.002717456,0.00472979,616922.306173041
7563,GCA_021498465.1,GCA_963574095.1,Hylobates pileatus,Hylobates agilis,Mammalia,4.059,0.001349522,0.000879148,0.000838871,0.001350737,0.0
7564,GCA_021498465.1,GCA_963573745.1,Hylobates pileatus,Hylobates muelleri,Mammalia,4.059,0.001320086,0.000860334,0.000820949,0.001321249,0.0
7568,GCA_963574335.1,GCA_963574095.1,Hylobates klossii,Hylobates agilis,Mammalia,3.1289325,0.000397185,0.00025155,0.00023918,0.000397291,0.0
7570,GCA_963574095.1,GCA_963573745.1,Hylobates agilis,Hylobates muelleri,Mammalia,2.56,0.000272654,0.000170902,0.000162312,0.000272703,0.0
7572,GCA_904811015.1,GCA_904812295.1,Isoodon auratus,Isoodon fusciventer,Mammalia,2.68922,,,,,
7578,GCA_963574885.1,GCA_963573855.1,Lepilemur ruficaudatus,Lepilemur septentrionalis,Mammalia,8.61523,0.001965658,0.001342547,0.00128801,0.001968239,0.0
7579,GCA_963574875.1,GCA_963573785.1,Lepilemur dorsalis,Lepilemur ankaranensis,Mammalia,2.915,0.000919667,0.00062428,0.000598907,0.000920231,0.0
7580,GCA_963574875.1,GCA_963573855.1,Lepilemur dorsalis,Lepilemur septentrionalis,Mammalia,4.258955,0.000917231,0.000622725,0.000597447,0.000917792,0.0
7581,GCA_963573785.1,GCA_963573855.1,Lepilemur ankaranensis,Lepilemur septentrionalis,Mammalia,4.258955,0.000568037,0.000383146,0.000367391,0.000568253,0.0
7583,GCA_047496845.1,GCF_033115175.1,Lepus yarkandensis,Lepus europaeus,Mammalia,3.12,0.009312808,0.00599232,0.005714719,0.00937111,0.0
7584,GCA_047496845.1,GCA_036325905.1,Lepus yarkandensis,Lepus oiostolus,Mammalia,2.92,0.01037479,0.006746577,0.006442539,0.010447216,169734.83987227
7587,GCA_047496845.1,GCA_029532125.1,Lepus yarkandensis,Lepus townsendii,Mammalia,2.933975,0.007542247,0.00489036,0.004667932,0.007580427,0.0
7588,GCA_040893245.2,GCF_033115175.1,Lepus timidus,Lepus europaeus,Mammalia,3.12,0.008865656,0.005653149,0.005386567,0.008918472,4289879.19488643
7589,GCA_040893245.2,GCA_036325905.1,Lepus timidus,Lepus oiostolus,Mammalia,2.92,0.010489728,0.00678544,0.006476092,0.010563775,0.0
7592,GCA_040893245.2,GCA_029532125.1,Lepus timidus,Lepus townsendii,Mammalia,0.79912,0.005061359,0.003237393,0.003089574,0.005078515,0.0
7593,GCF_033115175.1,GCA_036325905.1,Lepus europaeus,Lepus oiostolus,Mammalia,3.12,0.010703186,0.006897169,0.006578465,0.010780293,0.0
7596,GCF_033115175.1,GCA_029532125.1,Lepus europaeus,Lepus townsendii,Mammalia,3.12,0.007272013,0.004669569,0.004451762,0.007307498,0.0
7632,GCF_043159975.1,GCA_963573735.1,Macaca nemestrina,Macaca radiata,Mammalia,4.49722,0.001391386,0.000870982,0.00082655,0.001392678,0.0
7633,GCF_043159975.1,GCA_963573625.1,Macaca nemestrina,Macaca tonkeana,Mammalia,3.55483,0.001102114,0.000699541,0.000665599,0.001102924,0.0
7634,GCF_043159975.1,GCA_928851695.1,Macaca nemestrina,Macaca nigra,Mammalia,3.55483,0.005556227,0.003321369,0.00315999,0.005576911,0.0
7636,GCF_043159975.1,GCA_030247295.1,Macaca nemestrina,Macaca silenus,Mammalia,2.0488,0.007329816,0.004146186,0.003884259,0.007365869,0.0
7637,GCF_043159975.1,GCA_963574275.1,Macaca nemestrina,Macaca siberu,Mammalia,2.28415,0.000966206,0.000605998,0.000575988,0.000966829,0.0
7663,GCA_963573735.1,GCA_963573625.1,Macaca radiata,Macaca tonkeana,Mammalia,4.49722,0.000458934,0.000287159,0.000272396,0.000459075,0.0
7664,GCA_963573735.1,GCA_928851695.1,Macaca radiata,Macaca nigra,Mammalia,4.49722,0.001482622,0.000889733,0.000843847,0.00148409,0.0
7666,GCA_963573735.1,GCA_030247295.1,Macaca radiata,Macaca silenus,Mammalia,4.49722,2.03e-05,1.2e-05,1.13e-05,2.03e-05,27905.7294182049
7667,GCA_963573735.1,GCA_963574275.1,Macaca radiata,Macaca siberu,Mammalia,4.49722,0.000500043,0.000311458,0.000295245,0.00050021,0.0
7669,GCA_963573625.1,GCA_928851695.1,Macaca tonkeana,Macaca nigra,Mammalia,1.69149,0.00080814,0.000466302,0.000443337,0.000808576,0.0
7671,GCA_963573625.1,GCA_030247295.1,Macaca tonkeana,Macaca silenus,Mammalia,3.55483,0.000419736,0.000252127,0.000237272,0.000419854,0.0
7672,GCA_963573625.1,GCA_963574275.1,Macaca tonkeana,Macaca siberu,Mammalia,3.55483,0.000492705,0.000309261,0.00029364,0.000492867,0.0
7675,GCA_928851695.1,GCA_030247295.1,Macaca nigra,Macaca silenus,Mammalia,3.55483,0.001195819,0.000693733,0.000657813,0.001196773,0.0
7676,GCA_928851695.1,GCA_963574275.1,Macaca nigra,Macaca siberu,Mammalia,3.55483,0.001323996,0.000789935,0.000750415,0.001325166,0.0
7681,GCA_030247295.1,GCA_963574275.1,Macaca silenus,Macaca siberu,Mammalia,2.28415,3.18e-06,1.8e-06,1.68e-06,3.18e-06,0.0
7689,GCF_047511675.1,GCA_005280165.1,Marmota flaviventris,Marmota himalayana,Mammalia,5.15553,0.007710164,0.004423338,0.004148038,0.007750069,0.0
7690,GCF_021218885.2,GCA_005458795.1,Marmota monax,Marmota vancouverensis,Mammalia,5.15553,0.003755042,0.002170946,0.002039705,0.003764474,0.0
7691,GCF_021218885.2,GCA_005280165.1,Marmota monax,Marmota himalayana,Mammalia,4.04,0.007335397,0.00418628,0.003922323,0.007371505,0.0
7692,GCA_005458795.1,GCA_005280165.1,Marmota vancouverensis,Marmota himalayana,Mammalia,5.15553,0.003322748,0.001888444,0.001768869,0.00333013,0.0
7700,GCA_964148845.1,GCF_025265405.1,Mesoplodon bidens,Mesoplodon densirostris,Mammalia,13.74145,0.009911978,0.006317697,0.00599931,0.009978059,11703274.6090522
7702,GCF_025265405.1,GCA_964341445.1,Mesoplodon densirostris,Mesoplodon mirus,Mammalia,11.78,0.004840911,0.003105997,0.002953623,0.004856601,12154798.9208404
7705,GCA_963574605.1,GCA_963574545.1,Mico humeralifer,Mico humilis,Mammalia,4.36954,0.000359921,0.000230138,0.000219183,0.000360007,
7708,GCF_000165445.2,GCA_008750995.1,Microcebus murinus,Microcebus griseorufus,Mammalia,7.114,0.001051239,0.000657274,0.000626098,0.001051976,10398.9717407244
7709,GCF_000165445.2,GCA_008750955.1,Microcebus murinus,Microcebus mittermeieri,Mammalia,9.7,0.001346041,0.000846076,0.000804949,0.00134725,
7715,GCA_008750995.1,GCA_008750955.1,Microcebus griseorufus,Microcebus mittermeieri,Mammalia,9.7,0.000170202,0.000109026,0.00010389,0.000170221,
7718,GCF_000317375.1,GCA_028537955.1,Microtus ochrogaster,Microtus californicus,Mammalia,9.0,0.010031771,0.006387766,0.006071227,0.010099466,0.0
7719,GCF_000317375.1,GCA_044665705.1,Microtus ochrogaster,Microtus arvalis,Mammalia,5.57635,0.008158716,0.005191344,0.004931859,0.008203417,0.0
7721,GCF_000317375.1,GCA_902806755.1,Microtus ochrogaster,Microtus agrestis,Mammalia,8.82092,0.011532513,0.007234763,0.006855933,0.011622099,0.0
7723,GCF_000317375.1,GCA_020392405.1,Microtus ochrogaster,Microtus montanus,Mammalia,9.0,0.004229358,0.002669684,0.002534079,0.004241327,176776.905942479
7732,GCA_028537955.1,GCA_044665705.1,Microtus californicus,Microtus arvalis,Mammalia,5.57635,0.012264819,0.007878804,0.007495101,0.012366209,0.0
7734,GCA_028537955.1,GCA_902806755.1,Microtus californicus,Microtus agrestis,Mammalia,8.82092,0.017179612,0.010890038,0.010334624,0.017379429,0.0
7736,GCA_028537955.1,GCA_020392405.1,Microtus californicus,Microtus montanus,Mammalia,4.19209,0.005598088,0.003568669,0.003392595,0.005619085,48891.5173852036
7739,GCA_044665705.1,GCA_902806755.1,Microtus arvalis,Microtus agrestis,Mammalia,5.57635,,,,,2574245.52824107
7741,GCA_044665705.1,GCA_020392405.1,Microtus arvalis,Microtus montanus,Mammalia,5.57635,0.004116613,0.002619304,0.002488655,0.004127953,0.0
7747,GCA_902806755.1,GCA_020392405.1,Microtus agrestis,Microtus montanus,Mammalia,8.82092,0.005596524,0.003507568,0.003324074,0.005617509,0.0
7758,GCF_963930625.1,GCA_008782695.1,Muntiacus reevesi,Muntiacus muntjak,Mammalia,4.07796,,,,,0.0
7760,GCF_963930625.1,GCA_020226025.1,Muntiacus reevesi,Muntiacus gongshanensis,Mammalia,4.07796,0.013541313,0.008904183,0.008497715,0.013665049,0.0
7761,GCA_008782695.1,GCA_020276665.1,Muntiacus muntjak,Muntiacus crinifrons,Mammalia,2.97184,0.009251655,0.006042515,0.005764531,0.00930919,0.0
7762,GCA_008782695.1,GCA_020226025.1,Muntiacus muntjak,Muntiacus gongshanensis,Mammalia,2.97184,,,,,0.0
7763,GCA_020276665.1,GCA_020226025.1,Muntiacus crinifrons,Muntiacus gongshanensis,Mammalia,5.8,,,,,0.0
7764,GCA_904810575.1,GCA_904811165.1,Murexia naso,Murexia longicaudata,Mammalia,6.033235,,,,,181140.669871329
7765,GCA_904810575.1,GCA_904813965.1,Murexia naso,Murexia rothschildi,Mammalia,11.886135,,,,,191.582363279235
7767,GCA_904810575.1,GCA_904813625.1,Murexia naso,Murexia habbema,Mammalia,11.886135,,,,,121348.461476207
7768,GCA_904811165.1,GCA_904813965.1,Murexia longicaudata,Murexia rothschildi,Mammalia,11.886135,,,,,14840.5201453354
7770,GCA_904811165.1,GCA_904813625.1,Murexia longicaudata,Murexia habbema,Mammalia,11.886135,,,,,143836.710390642
7772,GCA_904813965.1,GCA_904813625.1,Murexia rothschildi,Murexia habbema,Mammalia,10.53446,,,,,0.0
7805,GCF_022355385.1,GCA_048197585.1,Mustela nigripes,Mustela sibirica,Mammalia,1.7,,,,,0.0
7813,GCA_904813865.1,GCA_904813975.1,Myoictis leucura,Myoictis wavicus,Mammalia,3.60801,,,,,0.0
7814,GCA_904813865.1,GCA_904813925.1,Myoictis leucura,Myoictis wallacei,Mammalia,6.2479,,,,,0.0
7815,GCA_904813975.1,GCA_904813925.1,Myoictis wavicus,Myoictis wallacei,Mammalia,6.2479,,,,,0.0
7817,GCF_963259705.1,GCA_965115925.2,Myotis daubentonii,Myotis emarginatus,Mammalia,11.97728,,,,,1960530.9326596
7818,GCF_963259705.1,GCA_964212035.2,Myotis daubentonii,Myotis nattereri,Mammalia,13.1,,,,,3935785.51030256
7819,GCF_963259705.1,GCA_964094495.2,Myotis daubentonii,Myotis mystacinus,Mammalia,11.04225,,,,,3762173.97416128
7820,GCF_963259705.1,GCF_000147115.1,Myotis daubentonii,Myotis lucifugus,Mammalia,12.25,,,,,0.0
7821,GCF_963259705.1,GCA_036010255.1,Myotis daubentonii,Myotis pilosus,Mammalia,10.88895,,,,,0.0
7822,GCF_963259705.1,GCF_014108235.1,Myotis daubentonii,Myotis myotis,Mammalia,13.1,,,,,2500671.04692287
7823,GCF_963259705.1,GCF_028538775.1,Myotis daubentonii,Myotis yumanensis,Mammalia,12.25,,,,,0.0
7824,GCF_963259705.1,GCF_000327345.1,Myotis daubentonii,Myotis davidii,Mammalia,10.88895,,,,,0.0
7825,GCF_963259705.1,GCF_000412655.1,Myotis daubentonii,Myotis brandtii,Mammalia,12.25,,,,,4491071.89465575
7828,GCA_965115925.2,GCA_964212035.2,Myotis emarginatus,Myotis nattereri,Mammalia,11.97728,,,,,1703299.64483768
7829,GCA_965115925.2,GCA_964094495.2,Myotis emarginatus,Myotis mystacinus,Mammalia,11.97728,,,,,2180257.57991783
7830,GCA_965115925.2,GCF_000147115.1,Myotis emarginatus,Myotis lucifugus,Mammalia,12.25,,,,,0.0
7831,GCA_965115925.2,GCA_036010255.1,Myotis emarginatus,Myotis pilosus,Mammalia,11.97728,,,,,0.0
7832,GCA_965115925.2,GCF_014108235.1,Myotis emarginatus,Myotis myotis,Mammalia,11.97728,,,,,2791943.21123087
7833,GCA_965115925.2,GCF_028538775.1,Myotis emarginatus,Myotis yumanensis,Mammalia,12.25,,,,,0.0
7834,GCA_965115925.2,GCF_000327345.1,Myotis emarginatus,Myotis davidii,Mammalia,11.97728,,,,,0.0
7835,GCA_965115925.2,GCF_000412655.1,Myotis emarginatus,Myotis brandtii,Mammalia,12.25,,,,,1081941.36374951
7838,GCA_964212035.2,GCA_964094495.2,Myotis nattereri,Myotis mystacinus,Mammalia,11.04225,,,,,2842348.4270792
7839,GCA_964212035.2,GCF_000147115.1,Myotis nattereri,Myotis lucifugus,Mammalia,12.25,,,,,0.0
7840,GCA_964212035.2,GCA_036010255.1,Myotis nattereri,Myotis pilosus,Mammalia,10.88895,,,,,0.0
7841,GCA_964212035.2,GCF_014108235.1,Myotis nattereri,Myotis myotis,Mammalia,21.50716,,,,,2292487.8351721
7842,GCA_964212035.2,GCF_028538775.1,Myotis nattereri,Myotis yumanensis,Mammalia,12.25,,,,,0.0
7843,GCA_964212035.2,GCF_000327345.1,Myotis nattereri,Myotis davidii,Mammalia,10.88895,,,,,0.0
7844,GCA_964212035.2,GCF_000412655.1,Myotis nattereri,Myotis brandtii,Mammalia,12.25,,,,,3043499.86448049
7847,GCA_964094495.2,GCF_000147115.1,Myotis mystacinus,Myotis lucifugus,Mammalia,12.25,,,,,0.0
7848,GCA_964094495.2,GCA_036010255.1,Myotis mystacinus,Myotis pilosus,Mammalia,11.04225,,,,,0.0
7849,GCA_964094495.2,GCF_014108235.1,Myotis mystacinus,Myotis myotis,Mammalia,11.04225,,,,,2764719.10823743
7850,GCA_964094495.2,GCF_028538775.1,Myotis mystacinus,Myotis yumanensis,Mammalia,12.25,,,,,0.0
7851,GCA_964094495.2,GCF_000327345.1,Myotis mystacinus,Myotis davidii,Mammalia,11.04225,,,,,0.0
7852,GCA_964094495.2,GCF_000412655.1,Myotis mystacinus,Myotis brandtii,Mammalia,12.25,,,,,3171229.39666149
7855,GCA_036010255.1,GCF_014108235.1,Myotis pilosus,Myotis myotis,Mammalia,10.88895,,,,,0.0
7856,GCA_036010255.1,GCF_028538775.1,Myotis pilosus,Myotis yumanensis,Mammalia,12.25,,,,,0.0
7857,GCA_036010255.1,GCF_000327345.1,Myotis pilosus,Myotis davidii,Mammalia,9.08081,,,,,942255.228023823
7858,GCA_036010255.1,GCF_000412655.1,Myotis pilosus,Myotis brandtii,Mammalia,12.25,,,,,0.0
7861,GCF_014108235.1,GCF_028538775.1,Myotis myotis,Myotis yumanensis,Mammalia,12.25,,,,,0.0
7862,GCF_014108235.1,GCF_000327345.1,Myotis myotis,Myotis davidii,Mammalia,10.88895,,,,,0.0
7863,GCF_014108235.1,GCF_000412655.1,Myotis myotis,Myotis brandtii,Mammalia,12.25,,,,,1525883.79471835
7866,GCF_028538775.1,GCF_000327345.1,Myotis yumanensis,Myotis davidii,Mammalia,12.25,,,,,0.0
7867,GCF_028538775.1,GCF_000412655.1,Myotis yumanensis,Myotis brandtii,Mammalia,8.685,,,,,0.0
7870,GCF_000327345.1,GCF_000412655.1,Myotis davidii,Myotis brandtii,Mammalia,12.25,,,,,0.0
7881,GCA_904814305.1,GCA_904813995.1,Ningaui ridei,Ningaui timealeyi,Mammalia,12.269145,,,,,5838.02292102792
7892,GCA_048126345.1,GCA_904811115.1,Notoryctes typhlops,Notoryctes caurinus,Mammalia,6.74,,,,,17968.1522317231
7909,GCF_018350195.1,GCF_018350215.1,Panthera tigris,Panthera leo,Mammalia,6.767,,,,,0.0
7911,GCF_018350195.1,GCF_023721935.1,Panthera tigris,Panthera uncia,Mammalia,6.767,,,,,908.16018985917
7912,GCF_018350195.1,GCF_024362965.1,Panthera tigris,Panthera pardus,Mammalia,6.767,,,,,418330.626651985
7913,GCF_018350215.1,GCF_028533385.1,Panthera leo,Panthera onca,Mammalia,4.0643,,,,,0.0
7914,GCF_018350215.1,GCF_023721935.1,Panthera leo,Panthera uncia,Mammalia,4.716,,,,,0.0
7915,GCF_018350215.1,GCF_024362965.1,Panthera leo,Panthera pardus,Mammalia,2.96,,,,,1394677.15907059
7916,GCF_028533385.1,GCF_023721935.1,Panthera onca,Panthera uncia,Mammalia,4.716,,,,,0.0
7918,GCF_023721935.1,GCF_024362965.1,Panthera uncia,Panthera pardus,Mammalia,4.716,,,,,163598.514381155
7924,GCA_030247225.1,GCA_963574715.1,Papio hamadryas,Papio cynocephalus,Mammalia,1.986615,,,,,0.0
7925,GCA_030247225.1,GCA_028645565.1,Papio hamadryas,Papio papio,Mammalia,1.849675,,,,,0.0
7926,GCA_030247225.1,GCA_963574515.1,Papio hamadryas,Papio ursinus,Mammalia,1.986615,,,,,0.0
7927,GCA_030247225.1,GCA_963573405.1,Papio hamadryas,Papio kindae,Mammalia,1.849675,,,,,0.0
7929,GCA_963574715.1,GCA_963574515.1,Papio cynocephalus,Papio ursinus,Mammalia,1.277215,,,,,97.2740197370828
7931,GCA_028645565.1,GCA_963574515.1,Papio papio,Papio ursinus,Mammalia,1.849675,,,,,0.0
7932,GCA_028645565.1,GCA_963573405.1,Papio papio,Papio kindae,Mammalia,1.15112,,,,,0.0
7933,GCA_963574515.1,GCA_963573405.1,Papio ursinus,Papio kindae,Mammalia,1.849675,,,,,15148.711348686
7934,GCA_904813075.1,GCA_904813225.1,Perameles gunnii,Perameles nasuta,Mammalia,5.085,,,,,0.0
7935,GCA_904813075.1,GCA_904810595.1,Perameles gunnii,Perameles bougainville,Mammalia,11.6031,,,,,0.0
7936,GCA_904813225.1,GCA_904810595.1,Perameles nasuta,Perameles bougainville,Mammalia,11.6031,,,,,0.0
7947,GCA_904811125.1,GCA_904813745.1,Petaurus abidi,Petaurus norfolcensis,Mammalia,3.32,,,,,0.0
7948,GCA_904811125.1,GCA_904814245.1,Petaurus abidi,Petaurus australis,Mammalia,23.91,,,,,0.0
7949,GCA_904813745.1,GCA_904814245.1,Petaurus norfolcensis,Petaurus australis,Mammalia,23.91,,,,,130295.575138965
7950,GCA_904812355.1,GCA_904812675.1,Petrogale xanthopus,Petrogale godmani,Mammalia,6.31,,,,,0.0
7952,GCA_904812355.1,GCA_904812525.1,Petrogale xanthopus,Petrogale inornata,Mammalia,6.31,,,,,0.0
7954,GCA_904812355.1,GCA_904812475.1,Petrogale xanthopus,Petrogale persephone,Mammalia,6.31,,,,,0.0
7955,GCA_904812355.1,GCA_913248055.1,Petrogale xanthopus,Petrogale lateralis,Mammalia,6.31,,,,,0.0
7957,GCA_904812675.1,GCA_904812525.1,Petrogale godmani,Petrogale inornata,Mammalia,5.285,,,,,0.0
7959,GCA_904812675.1,GCA_904812475.1,Petrogale godmani,Petrogale persephone,Mammalia,5.5,,,,,0.0
7960,GCA_904812675.1,GCA_913248055.1,Petrogale godmani,Petrogale lateralis,Mammalia,4.05,,,,,0.0
7966,GCA_904812525.1,GCA_904812475.1,Petrogale inornata,Petrogale persephone,Mammalia,5.5,,,,,4180.675904326
7967,GCA_904812525.1,GCA_913248055.1,Petrogale inornata,Petrogale lateralis,Mammalia,4.05,,,,,0.0
7970,GCA_904812475.1,GCA_913248055.1,Petrogale persephone,Petrogale lateralis,Mammalia,5.5,,,,,0.0
7976,GCA_904813505.1,GCA_904813025.1,Phalanger carmelitae,Phalanger orientalis,Mammalia,8.5,,,,,72271.6804152635
7977,GCA_904813505.1,GCA_904813955.1,Phalanger carmelitae,Phalanger vestitus,Mammalia,5.0,,,,,71178.4950201317
7978,GCA_904813505.1,GCA_904814185.1,Phalanger carmelitae,Phalanger sericeus,Mammalia,8.7,,,,,174434.051032136
7980,GCA_904813025.1,GCA_904813955.1,Phalanger orientalis,Phalanger vestitus,Mammalia,8.5,,,,,46083.2560628915
7981,GCA_904813025.1,GCA_904814185.1,Phalanger orientalis,Phalanger sericeus,Mammalia,8.7,,,,,72837.599958198
7983,GCA_904813955.1,GCA_904814185.1,Phalanger vestitus,Phalanger sericeus,Mammalia,8.7,,,,,69863.1714435579
7986,GCA_904813325.1,GCA_904813255.1,Phascogale calura,Phascogale tapoatafa,Mammalia,7.72,,,,,4525.26213724903
7993,GCF_002776525.5,GCA_963574265.1,Piliocolobus tephrosceles,Piliocolobus badius,Mammalia,3.99135,,,,,0.0
7994,GCA_963574805.1,GCA_963574285.1,Piliocolobus kirkii,Piliocolobus gordonorum,Mammalia,0.7878,,,,,0.0
7995,GCA_963574805.1,GCA_963574265.1,Piliocolobus kirkii,Piliocolobus badius,Mammalia,3.99135,,,,,0.0
7996,GCA_963574285.1,GCA_963574265.1,Piliocolobus gordonorum,Piliocolobus badius,Mammalia,3.99135,,,,,0.0
7997,GCA_965203405.2,GCA_044885105.1,Pipistrellus pipistrellus,Pipistrellus abramus,Mammalia,11.846505,,,,,0.0
7999,GCA_965203405.2,GCA_964339955.1,Pipistrellus pipistrellus,Pipistrellus hanaki,Mammalia,4.26951,,,,,8171.60361550024
8000,GCA_965203405.2,GCA_963693515.1,Pipistrellus pipistrellus,Pipistrellus nathusii,Mammalia,11.7,,,,,3382682.93068493
8001,GCA_965203405.2,GCF_014108245.1,Pipistrellus pipistrellus,Pipistrellus kuhlii,Mammalia,16.0,,,,,3887002.28648895
8003,GCA_044885105.1,GCA_964339955.1,Pipistrellus abramus,Pipistrellus hanaki,Mammalia,11.846505,,,,,0.0
8004,GCA_044885105.1,GCA_963693515.1,Pipistrellus abramus,Pipistrellus nathusii,Mammalia,11.7,,,,,0.0
8005,GCA_044885105.1,GCF_014108245.1,Pipistrellus abramus,Pipistrellus kuhlii,Mammalia,11.846505,,,,,0.0
8009,GCA_964339955.1,GCA_963693515.1,Pipistrellus hanaki,Pipistrellus nathusii,Mammalia,11.7,,,,,502.154892882245
8010,GCA_964339955.1,GCF_014108245.1,Pipistrellus hanaki,Pipistrellus kuhlii,Mammalia,16.0,,,,,48266.4276776134
8011,GCA_963693515.1,GCF_014108245.1,Pipistrellus nathusii,Pipistrellus kuhlii,Mammalia,11.7,,,,,2865058.39067075
8026,GCA_963573695.1,GCA_963574905.1,Pithecia albicans,Pithecia chrysocephala,Mammalia,1.77479,,,,,0.0
8027,GCA_904813295.1,GCA_904811035.1,Planigale tenuirostris,Planigale gilesi,Mammalia,6.3,,,,,730391.016405684
8028,GCA_904813295.1,GCA_904811815.1,Planigale tenuirostris,Planigale maculata,Mammalia,8.8,,,,,529287.865178662
8029,GCA_904813295.1,GCA_904813785.1,Planigale tenuirostris,Planigale ingrami,Mammalia,6.3,,,,,814577.708733085
8030,GCA_904811035.1,GCA_904811815.1,Planigale gilesi,Planigale maculata,Mammalia,8.8,,,,,0.0
8031,GCA_904811035.1,GCA_904813785.1,Planigale gilesi,Planigale ingrami,Mammalia,5.3,,,,,27328.62794804
8032,GCA_904811815.1,GCA_904813785.1,Planigale maculata,Planigale ingrami,Mammalia,8.8,,,,,1335265.33286901
8034,GCA_040437455.1,GCA_004027715.1,Plecturocebus cupreus,Plecturocebus donacophilus,Mammalia,4.12,,,,,0.0
8038,GCA_040437455.1,GCA_963573885.1,Plecturocebus cupreus,Plecturocebus brunneus,Mammalia,3.371,,,,,0.0
8041,GCA_040437455.1,GCA_963574705.1,Plecturocebus cupreus,Plecturocebus bernhardi,Mammalia,3.371,,,,,0.0
8047,GCA_004027715.1,GCA_963573885.1,Plecturocebus donacophilus,Plecturocebus brunneus,Mammalia,4.12,,,,,19338.0486962725
8050,GCA_004027715.1,GCA_963574705.1,Plecturocebus donacophilus,Plecturocebus bernhardi,Mammalia,4.12,,,,,0.0
8076,GCA_963573885.1,GCA_963574705.1,Plecturocebus brunneus,Plecturocebus bernhardi,Mammalia,2.959,,,,,689.097795367009
8089,GCF_028885625.2,GCF_028885655.2,Pongo pygmaeus,Pongo abelii,Mammalia,4.11,,,,,0.0
8090,GCA_028658325.1,GCA_904812075.1,Potorous gilbertii,Potorous longipes,Mammalia,9.4,,,,,0.0
8093,GCA_963573905.1,GCA_047496705.1,Presbytis comata,Presbytis potenziani,Mammalia,2.62262,,,,,0.0
8096,GCF_022837055.1,GCA_018403415.1,Prionailurus viverrinus,Prionailurus iriomotensis,Mammalia,2.829,,,,,
8097,GCA_963575075.1,GCF_000956105.1,Propithecus diadema,Propithecus coquereli,Mammalia,7.416615,,,,,0.0
8098,GCA_963575075.1,GCA_963574315.1,Propithecus diadema,Propithecus tattersalli,Mammalia,7.416615,,,,,0.0
8099,GCA_963575075.1,GCA_963575125.1,Propithecus diadema,Propithecus verreauxi,Mammalia,7.416615,,,,,0.0
8100,GCA_963575075.1,GCA_963575085.1,Propithecus diadema,Propithecus edwardsi,Mammalia,2.08555,,,,,0.0
8101,GCA_963575075.1,GCA_963574695.1,Propithecus diadema,Propithecus perrieri,Mammalia,4.60069,,,,,0.0
8102,GCF_000956105.1,GCA_963574315.1,Propithecus coquereli,Propithecus tattersalli,Mammalia,1.97205,,,,,0.0
8103,GCF_000956105.1,GCA_963575125.1,Propithecus coquereli,Propithecus verreauxi,Mammalia,5.422075,,,,,0.0
8104,GCF_000956105.1,GCA_963575085.1,Propithecus coquereli,Propithecus edwardsi,Mammalia,7.416615,,,,,0.0
8105,GCF_000956105.1,GCA_963574695.1,Propithecus coquereli,Propithecus perrieri,Mammalia,7.416615,,,,,0.0
8107,GCA_963574315.1,GCA_963575085.1,Propithecus tattersalli,Propithecus edwardsi,Mammalia,7.416615,,,,,0.0
8109,GCA_963575125.1,GCA_963575085.1,Propithecus verreauxi,Propithecus edwardsi,Mammalia,7.416615,,,,,0.0
8110,GCA_963575125.1,GCA_963574695.1,Propithecus verreauxi,Propithecus perrieri,Mammalia,7.416615,,,,,0.0
8111,GCA_963575085.1,GCA_963574695.1,Propithecus edwardsi,Propithecus perrieri,Mammalia,4.60069,,,,,0.0
8112,GCA_904812015.1,GCA_904810615.1,Pseudantechinus bilarni,Pseudantechinus macdonnellensis,Mammalia,13.13022,,,,,0.0
8123,GCA_028627135.1,GCA_904810865.1,Pseudochirops cupreus,Pseudochirops albertisii,Mammalia,4.65,,,,,1108.11280176288
8124,GCA_028627135.1,GCA_904814145.1,Pseudochirops cupreus,Pseudochirops archeri,Mammalia,8.88,,,,,0.0
8125,GCA_028646515.1,GCA_904810865.1,Pseudochirops corinnae,Pseudochirops albertisii,Mammalia,6.505,,,,,0.0
8126,GCA_028646515.1,GCA_904814145.1,Pseudochirops corinnae,Pseudochirops archeri,Mammalia,8.88,,,,,0.0
8127,GCA_904810865.1,GCA_904814145.1,Pseudochirops albertisii,Pseudochirops archeri,Mammalia,8.88,,,,,0.0
8128,GCA_904813045.1,GCA_904810725.1,Pseudochirulus forbesi,Pseudochirulus herbertensis,Mammalia,6.9,,,,,0.0
8129,GCA_904813045.1,GCA_904813875.1,Pseudochirulus forbesi,Pseudochirulus canescens,Mammalia,2.49,,,,,29639.9226493436
8130,GCA_904813045.1,GCA_904814125.1,Pseudochirulus forbesi,Pseudochirulus caroli,Mammalia,2.125,,,,,0.0
8131,GCA_904810725.1,GCA_904813875.1,Pseudochirulus herbertensis,Pseudochirulus canescens,Mammalia,6.9,,,,,0.0
8132,GCA_904810725.1,GCA_904814125.1,Pseudochirulus herbertensis,Pseudochirulus caroli,Mammalia,6.9,,,,,0.0
8133,GCA_904813875.1,GCA_904814125.1,Pseudochirulus canescens,Pseudochirulus caroli,Mammalia,2.49,,,,,446.913676169289
8161,GCF_001698545.2,GCA_023764705.1,Rhinopithecus bieti,Rhinopithecus strykeri,Mammalia,0.66,,,,,0.0
8166,GCA_031835075.1,GCA_021498475.1,Saguinus oedipus,Saguinus midas,Mammalia,5.383655,,,,,
8167,GCA_031835075.1,GCA_004024885.1,Saguinus oedipus,Saguinus imperator,Mammalia,7.00084,,,,,
8168,GCA_031835075.1,GCA_963574735.1,Saguinus oedipus,Saguinus inustus,Mammalia,8.8,,,,,
8169,GCA_031835075.1,GCA_963574345.1,Saguinus oedipus,Saguinus mystax,Mammalia,7.00084,,,,,
8172,GCA_031835075.1,GCA_963575005.1,Saguinus oedipus,Saguinus labiatus,Mammalia,7.00084,,,,,
8173,GCA_021498475.1,GCA_004024885.1,Saguinus midas,Saguinus imperator,Mammalia,7.00084,,,,,
8174,GCA_021498475.1,GCA_963574735.1,Saguinus midas,Saguinus inustus,Mammalia,8.8,,,,,
8178,GCA_021498475.1,GCA_963575005.1,Saguinus midas,Saguinus labiatus,Mammalia,7.00084,,,,,
8179,GCA_004024885.1,GCA_963574735.1,Saguinus imperator,Saguinus inustus,Mammalia,8.8,,,,,
8180,GCA_004024885.1,GCA_963574345.1,Saguinus imperator,Saguinus mystax,Mammalia,4.51006,,,,,
8183,GCA_004024885.1,GCA_963575005.1,Saguinus imperator,Saguinus labiatus,Mammalia,4.51006,,,,,
8184,GCA_963574735.1,GCA_963574345.1,Saguinus inustus,Saguinus mystax,Mammalia,8.8,,,,,
8187,GCA_963574735.1,GCA_963575005.1,Saguinus inustus,Saguinus labiatus,Mammalia,8.8,,,,,
8190,GCA_963574345.1,GCA_963575005.1,Saguinus mystax,Saguinus labiatus,Mammalia,1.8209,,,,,
8206,GCA_902686455.2,GCA_020740815.1,Sciurus vulgaris,Sciurus niger,Mammalia,11.47688,,,,,0.0
8223,GCA_904813265.1,GCA_904810755.1,Sminthopsis macroura,Sminthopsis longicaudata,Mammalia,18.86478,,,,,641776.33144063
8224,GCA_904813265.1,GCA_904810705.1,Sminthopsis macroura,Sminthopsis psammophila,Mammalia,18.86478,,,,,487.084725145829
8225,GCA_904813265.1,GCA_904810625.1,Sminthopsis macroura,Sminthopsis ooldea,Mammalia,18.86478,,,,,784166.74902262
8226,GCA_904813265.1,GCA_904813665.1,Sminthopsis macroura,Sminthopsis leucopus,Mammalia,18.86478,,,,,0.0
8227,GCA_904813265.1,GCA_904813735.1,Sminthopsis macroura,Sminthopsis bindi,Mammalia,9.71711,,,,,0.0
8228,GCA_904813265.1,GCA_904814065.1,Sminthopsis macroura,Sminthopsis aitkeni,Mammalia,18.86478,,,,,
8229,GCA_904813265.1,GCA_904813815.1,Sminthopsis macroura,Sminthopsis youngsoni,Mammalia,18.86478,,,,,1352185.45576076
8230,GCA_904813265.1,GCA_904813715.1,Sminthopsis macroura,Sminthopsis murina,Mammalia,18.86478,,,,,255462.508384691
8231,GCA_904813265.1,GCA_904814105.1,Sminthopsis macroura,Sminthopsis griseoventer,Mammalia,18.86478,,,,,0.0
8234,GCA_904813265.1,GCA_904813775.1,Sminthopsis macroura,Sminthopsis virginiae,Mammalia,9.71711,,,,,0.0
8237,GCA_904810755.1,GCA_904810705.1,Sminthopsis longicaudata,Sminthopsis psammophila,Mammalia,14.535975,,,,,0.0
8238,GCA_904810755.1,GCA_904810625.1,Sminthopsis longicaudata,Sminthopsis ooldea,Mammalia,14.535975,,,,,429119.230562425
8239,GCA_904810755.1,GCA_904813665.1,Sminthopsis longicaudata,Sminthopsis leucopus,Mammalia,14.535975,,,,,0.0
8240,GCA_904810755.1,GCA_904813735.1,Sminthopsis longicaudata,Sminthopsis bindi,Mammalia,18.86478,,,,,0.0
8241,GCA_904810755.1,GCA_904814065.1,Sminthopsis longicaudata,Sminthopsis aitkeni,Mammalia,14.535975,,,,,
8242,GCA_904810755.1,GCA_904813815.1,Sminthopsis longicaudata,Sminthopsis youngsoni,Mammalia,14.535975,,,,,95455.5215825302
8243,GCA_904810755.1,GCA_904813715.1,Sminthopsis longicaudata,Sminthopsis murina,Mammalia,14.535975,,,,,0.0
8244,GCA_904810755.1,GCA_904814105.1,Sminthopsis longicaudata,Sminthopsis griseoventer,Mammalia,14.535975,,,,,0.0
8247,GCA_904810755.1,GCA_904813775.1,Sminthopsis longicaudata,Sminthopsis virginiae,Mammalia,18.86478,,,,,0.0
8250,GCA_904810705.1,GCA_904810625.1,Sminthopsis psammophila,Sminthopsis ooldea,Mammalia,11.345405,,,,,1720.5473073939
8251,GCA_904810705.1,GCA_904813665.1,Sminthopsis psammophila,Sminthopsis leucopus,Mammalia,11.345405,,,,,0.0
8252,GCA_904810705.1,GCA_904813735.1,Sminthopsis psammophila,Sminthopsis bindi,Mammalia,18.86478,,,,,0.0
8253,GCA_904810705.1,GCA_904814065.1,Sminthopsis psammophila,Sminthopsis aitkeni,Mammalia,14.75346,,,,,
8254,GCA_904810705.1,GCA_904813815.1,Sminthopsis psammophila,Sminthopsis youngsoni,Mammalia,9.3179,,,,,0.0
8255,GCA_904810705.1,GCA_904813715.1,Sminthopsis psammophila,Sminthopsis murina,Mammalia,11.345405,,,,,0.0
8256,GCA_904810705.1,GCA_904814105.1,Sminthopsis psammophila,Sminthopsis griseoventer,Mammalia,14.75346,,,,,0.0
8259,GCA_904810705.1,GCA_904813775.1,Sminthopsis psammophila,Sminthopsis virginiae,Mammalia,18.86478,,,,,0.0
8262,GCA_904810625.1,GCA_904813665.1,Sminthopsis ooldea,Sminthopsis leucopus,Mammalia,9.94506,,,,,0.0
8263,GCA_904810625.1,GCA_904813735.1,Sminthopsis ooldea,Sminthopsis bindi,Mammalia,18.86478,,,,,0.0
8264,GCA_904810625.1,GCA_904814065.1,Sminthopsis ooldea,Sminthopsis aitkeni,Mammalia,14.75346,,,,,
8265,GCA_904810625.1,GCA_904813815.1,Sminthopsis ooldea,Sminthopsis youngsoni,Mammalia,11.345405,,,,,334448.648917715
8266,GCA_904810625.1,GCA_904813715.1,Sminthopsis ooldea,Sminthopsis murina,Mammalia,9.94506,,,,,0.0
8267,GCA_904810625.1,GCA_904814105.1,Sminthopsis ooldea,Sminthopsis griseoventer,Mammalia,14.75346,,,,,0.0
8270,GCA_904810625.1,GCA_904813775.1,Sminthopsis ooldea,Sminthopsis virginiae,Mammalia,18.86478,,,,,0.0
8273,GCA_904813665.1,GCA_904813735.1,Sminthopsis leucopus,Sminthopsis bindi,Mammalia,18.86478,,,,,0.0
8274,GCA_904813665.1,GCA_904814065.1,Sminthopsis leucopus,Sminthopsis aitkeni,Mammalia,14.75346,,,,,
8275,GCA_904813665.1,GCA_904813815.1,Sminthopsis leucopus,Sminthopsis youngsoni,Mammalia,11.345405,,,,,0.0
8276,GCA_904813665.1,GCA_904813715.1,Sminthopsis leucopus,Sminthopsis murina,Mammalia,8.55557,,,,,7142.82975490433
8277,GCA_904813665.1,GCA_904814105.1,Sminthopsis leucopus,Sminthopsis griseoventer,Mammalia,14.75346,,,,,0.0
8280,GCA_904813665.1,GCA_904813775.1,Sminthopsis leucopus,Sminthopsis virginiae,Mammalia,18.86478,,,,,162.898341949952
8283,GCA_904813735.1,GCA_904814065.1,Sminthopsis bindi,Sminthopsis aitkeni,Mammalia,18.86478,,,,,
8284,GCA_904813735.1,GCA_904813815.1,Sminthopsis bindi,Sminthopsis youngsoni,Mammalia,18.86478,,,,,0.0
8285,GCA_904813735.1,GCA_904813715.1,Sminthopsis bindi,Sminthopsis murina,Mammalia,18.86478,,,,,0.0
8286,GCA_904813735.1,GCA_904814105.1,Sminthopsis bindi,Sminthopsis griseoventer,Mammalia,18.86478,,,,,0.0
8289,GCA_904813735.1,GCA_904813775.1,Sminthopsis bindi,Sminthopsis virginiae,Mammalia,8.20073,,,,,48103.0507321126
8292,GCA_904814065.1,GCA_904813815.1,Sminthopsis aitkeni,Sminthopsis youngsoni,Mammalia,14.75346,,,,,
8293,GCA_904814065.1,GCA_904813715.1,Sminthopsis aitkeni,Sminthopsis murina,Mammalia,14.75346,,,,,
8294,GCA_904814065.1,GCA_904814105.1,Sminthopsis aitkeni,Sminthopsis griseoventer,Mammalia,8.854485,,,,,
8297,GCA_904814065.1,GCA_904813775.1,Sminthopsis aitkeni,Sminthopsis virginiae,Mammalia,18.86478,,,,,
8300,GCA_904813815.1,GCA_904813715.1,Sminthopsis youngsoni,Sminthopsis murina,Mammalia,11.345405,,,,,0.0
8301,GCA_904813815.1,GCA_904814105.1,Sminthopsis youngsoni,Sminthopsis griseoventer,Mammalia,14.75346,,,,,0.0
8304,GCA_904813815.1,GCA_904813775.1,Sminthopsis youngsoni,Sminthopsis virginiae,Mammalia,18.86478,,,,,0.0
8307,GCA_904813715.1,GCA_904814105.1,Sminthopsis murina,Sminthopsis griseoventer,Mammalia,14.75346,,,,,0.0
8310,GCA_904813715.1,GCA_904813775.1,Sminthopsis murina,Sminthopsis virginiae,Mammalia,18.86478,,,,,14142.7750249823
8315,GCA_904814105.1,GCA_904813775.1,Sminthopsis griseoventer,Sminthopsis virginiae,Mammalia,18.86478,,,,,0.0
8339,GCA_904812975.1,GCA_904813855.1,Spilocuscus maculatus,Spilocuscus rufoniger,Mammalia,2.82,,,,,178086.241034421
8340,GCA_904813245.1,GCA_904812005.1,Strigocuscus pelengensis,Strigocuscus celebensis,Mammalia,14.0,,,,,0.0
8346,GCA_904811155.1,GCA_904813845.1,Thylogale billardierii,Thylogale browni,Mammalia,7.825,,,,,0.0
8349,GCF_009764315.1,GCA_963574045.1,Trachypithecus francoisi,Trachypithecus cristatus,Mammalia,3.3,,,,,0.0
8350,GCF_009764315.1,GCA_963573475.1,Trachypithecus francoisi,Trachypithecus poliocephalus,Mammalia,0.45875,,,,,0.0
8356,GCF_009764315.1,GCA_963574985.1,Trachypithecus francoisi,Trachypithecus vetulus,Mammalia,10.54606,,,,,
8371,GCA_963574045.1,GCA_963573475.1,Trachypithecus cristatus,Trachypithecus poliocephalus,Mammalia,3.3,,,,,0.0
8377,GCA_963574045.1,GCA_963574985.1,Trachypithecus cristatus,Trachypithecus vetulus,Mammalia,10.54606,,,,,
8386,GCA_963573475.1,GCA_963574985.1,Trachypithecus poliocephalus,Trachypithecus vetulus,Mammalia,10.54606,,,,,
8449,GCF_020975775.1,GCA_009660055.1,Ursus americanus,Ursus thibetanus,Mammalia,3.834,,,,,0.0
8454,GCF_018345385.1,GCA_024500485.1,Vulpes lagopus,Vulpes ferrilata,Mammalia,3.51667,,,,,0.0
8455,GCF_018345385.1,GCA_030463245.1,Vulpes lagopus,Vulpes corsac,Mammalia,3.51667,,,,,0.0
8456,GCA_024500485.1,GCA_030463245.1,Vulpes ferrilata,Vulpes corsac,Mammalia,0.96,,,,,226066.657859047
8468,GCA_046270345.1,GCA_046270325.1,Ahaetulla nasuta,Ahaetulla pulverulenta,Reptilia,8.61329,,,,,121734.345508901
8469,GCF_035594765.1,GCF_037176765.1,Anolis carolinensis,Anolis sagrei,Reptilia,39.19721,,,,,0.0
8470,GCF_035594765.1,GCA_030556195.1,Anolis carolinensis,Anolis apletophallus,Reptilia,39.19721,,,,,0.0
8472,GCF_035594765.1,GCA_046269845.1,Anolis carolinensis,Anolis lemurinus,Reptilia,39.19721,,,,,0.0
8473,GCF_035594765.1,GCA_046270785.1,Anolis carolinensis,Anolis planiceps,Reptilia,39.19721,,,,,0.0
8474,GCF_035594765.1,GCA_043090225.1,Anolis carolinensis,Anolis rodriguezii,Reptilia,41.505465,,,,,0.0
8476,GCF_037176765.1,GCA_030556195.1,Anolis sagrei,Anolis apletophallus,Reptilia,36.32992,,,,,0.0
8479,GCF_037176765.1,GCA_046270785.1,Anolis sagrei,Anolis planiceps,Reptilia,36.32992,,,,,0.0
8480,GCF_037176765.1,GCA_043090225.1,Anolis sagrei,Anolis rodriguezii,Reptilia,41.505465,,,,,0.0
8483,GCA_030556195.1,GCA_046269845.1,Anolis apletophallus,Anolis lemurinus,Reptilia,12.682745,,,,,0.0
8484,GCA_030556195.1,GCA_046270785.1,Anolis apletophallus,Anolis planiceps,Reptilia,30.72345,,,,,0.0
8485,GCA_030556195.1,GCA_043090225.1,Anolis apletophallus,Anolis rodriguezii,Reptilia,41.505465,,,,,0.0
8491,GCA_046269845.1,GCA_046270785.1,Anolis lemurinus,Anolis planiceps,Reptilia,30.72345,,,,,0.0
8492,GCA_046269845.1,GCA_043090225.1,Anolis lemurinus,Anolis rodriguezii,Reptilia,41.505465,,,,,178968.82183993
8501,GCA_046766435.1,GCA_047748275.1,Boiga barnesii,Boiga ceylonensis,Reptilia,21.7125,,,,,11049.0947477808
8502,GCA_046270205.1,GCA_047748195.1,Boiga trigonata,Boiga beddomei,Reptilia,19.42378,,,,,64620.3133010479
8503,GCA_046270205.1,GCA_047748275.1,Boiga trigonata,Boiga ceylonensis,Reptilia,16.13868,,,,,170545.627243445
8504,GCA_047748195.1,GCA_047748275.1,Boiga beddomei,Boiga ceylonensis,Reptilia,19.42378,,,,,30835.1252870115
8505,GCA_018340635.1,GCA_046270685.1,Bothrops jararaca,Bothrops atrox,Reptilia,10.615546,,,,,0.0
8506,GCA_018340635.1,GCA_043380785.1,Bothrops jararaca,Bothrops fonsecai,Reptilia,12.069571,,,,,78633.651867655
8508,GCA_018340635.1,GCA_043380585.1,Bothrops jararaca,Bothrops cotiara,Reptilia,12.069571,,,,,221022.338413597
8509,GCA_018340635.1,GCA_043090695.1,Bothrops jararaca,Bothrops asper,Reptilia,10.615546,,,,,0.0
8510,GCA_046270685.1,GCA_043380785.1,Bothrops atrox,Bothrops fonsecai,Reptilia,12.069571,,,,,0.0
8512,GCA_046270685.1,GCA_043380585.1,Bothrops atrox,Bothrops cotiara,Reptilia,12.069571,,,,,0.0
8513,GCA_046270685.1,GCA_043090695.1,Bothrops atrox,Bothrops asper,Reptilia,3.747666,,,,,0.0
8515,GCA_043380785.1,GCA_043380585.1,Bothrops fonsecai,Bothrops cotiara,Reptilia,3.84656,,,,,0.0
8519,GCA_043380585.1,GCA_043090695.1,Bothrops cotiara,Bothrops asper,Reptilia,12.069571,,,,,0.0
8520,GCA_047715955.1,GCA_035047345.1,Bradypodion pumilum,Bradypodion ventrale,Reptilia,14.1,,,,,0.0
8523,GCA_046270145.1,GCA_046270085.1,Bungarus ceylonicus,Bungarus caeruleus,Reptilia,7.49244,,,,,3065.46606245582
8526,GCA_043643385.1,GCA_044758725.1,Chamaeleo calyptratus,Chamaeleo gracilis,Reptilia,21.1551245,,,,,0.0
8527,GCA_043090425.1,GCA_044335405.1,Chamaeleo dilepis,Chamaeleo laevigatus,Reptilia,14.69495,,,,,2919488.98313954
8528,GCA_043090425.1,GCA_044758725.1,Chamaeleo dilepis,Chamaeleo gracilis,Reptilia,14.69495,,,,,6546583.29935873
8529,GCA_044335405.1,GCA_044758725.1,Chamaeleo laevigatus,Chamaeleo gracilis,Reptilia,10.8218895,,,,,4683601.82988135
8530,GCA_039797435.1,GCA_001625485.2,Crotalus adamanteus,Crotalus horridus,Reptilia,10.8675925,,,,,145248.085401701
8532,GCA_039797435.1,GCF_016545835.1,Crotalus adamanteus,Crotalus tigris,Reptilia,5.6844795,,,,,0.0
8533,GCA_039797435.1,GCA_041893435.1,Crotalus adamanteus,Crotalus ruber,Reptilia,8.89,,,,,0.0
8534,GCA_039797435.1,GCA_047748255.1,Crotalus adamanteus,Crotalus enyo,Reptilia,12.537385,,,,,0.0
8535,GCA_039797435.1,GCA_047292475.1,Crotalus adamanteus,Crotalus mitchellii,Reptilia,6.616325,,,,,0.0
8536,GCA_039797435.1,GCA_047748115.1,Crotalus adamanteus,Crotalus aquilus,Reptilia,12.537385,,,,,0.0
8537,GCA_039797435.1,GCA_000737285.1,Crotalus adamanteus,Crotalus pyrrhus,Reptilia,6.616325,,,,,
8539,GCA_001625485.2,GCF_016545835.1,Crotalus horridus,Crotalus tigris,Reptilia,10.8675925,,,,,0.0
8540,GCA_001625485.2,GCA_041893435.1,Crotalus horridus,Crotalus ruber,Reptilia,10.8675925,,,,,0.0
8541,GCA_001625485.2,GCA_047748255.1,Crotalus horridus,Crotalus enyo,Reptilia,12.537385,,,,,0.0
8542,GCA_001625485.2,GCA_047292475.1,Crotalus horridus,Crotalus mitchellii,Reptilia,10.8675925,,,,,0.0
8544,GCA_001625485.2,GCA_000737285.1,Crotalus horridus,Crotalus pyrrhus,Reptilia,10.8675925,,,,,
8551,GCF_016545835.1,GCA_041893435.1,Crotalus tigris,Crotalus ruber,Reptilia,8.89,,,,,0.0
8552,GCF_016545835.1,GCA_047748255.1,Crotalus tigris,Crotalus enyo,Reptilia,12.537385,,,,,0.0
8553,GCF_016545835.1,GCA_047292475.1,Crotalus tigris,Crotalus mitchellii,Reptilia,6.616325,,,,,10952.0782961704
8554,GCF_016545835.1,GCA_047748115.1,Crotalus tigris,Crotalus aquilus,Reptilia,12.537385,,,,,0.0
8555,GCF_016545835.1,GCA_000737285.1,Crotalus tigris,Crotalus pyrrhus,Reptilia,6.616325,,,,,
8556,GCA_041893435.1,GCA_047748255.1,Crotalus ruber,Crotalus enyo,Reptilia,12.537385,,,,,99669.4469280216
8557,GCA_041893435.1,GCA_047292475.1,Crotalus ruber,Crotalus mitchellii,Reptilia,8.89,,,,,125284.909630518
8558,GCA_041893435.1,GCA_047748115.1,Crotalus ruber,Crotalus aquilus,Reptilia,12.537385,,,,,0.0
8559,GCA_041893435.1,GCA_000737285.1,Crotalus ruber,Crotalus pyrrhus,Reptilia,8.89,,,,,
8560,GCA_047748255.1,GCA_047292475.1,Crotalus enyo,Crotalus mitchellii,Reptilia,12.537385,,,,,75382.6065113891
8561,GCA_047748255.1,GCA_047748115.1,Crotalus enyo,Crotalus aquilus,Reptilia,11.4755,,,,,0.0
8562,GCA_047748255.1,GCA_000737285.1,Crotalus enyo,Crotalus pyrrhus,Reptilia,12.537385,,,,,
8563,GCA_047292475.1,GCA_047748115.1,Crotalus mitchellii,Crotalus aquilus,Reptilia,12.537385,,,,,0.0
8564,GCA_047292475.1,GCA_000737285.1,Crotalus mitchellii,Crotalus pyrrhus,Reptilia,3.89653,,,,,
8567,GCA_032766585.1,GCA_024498535.1,Darevskia unisexualis,Darevskia valentini,Reptilia,19.36757,,,,,12856.959335155
8569,GCA_032766585.1,GCA_034641395.1,Darevskia unisexualis,Darevskia armeniaca,Reptilia,10.762354,,,,,1156.450221902
8571,GCA_024498535.1,GCA_034641385.1,Darevskia valentini,Darevskia mixta,Reptilia,19.36757,,,,,626.914908661503
8572,GCA_024498535.1,GCA_034641395.1,Darevskia valentini,Darevskia armeniaca,Reptilia,19.36757,,,,,8779.98751064235
8574,GCA_034641385.1,GCA_034641395.1,Darevskia mixta,Darevskia armeniaca,Reptilia,7.37474,,,,,0.0
8586,GCA_046118495.1,GCA_042902835.1,Hemidactylus macropholis,Hemidactylus brookii,Reptilia,53.1152615,,,,,0.0
8606,GCA_004320005.1,GCA_037055225.1,Hydrophis melanocephalus,Hydrophis ornatus,Reptilia,4.1682095,,,,,488448.116590701
8607,GCA_004320005.1,GCA_046269805.1,Hydrophis melanocephalus,Hydrophis schistosus,Reptilia,4.1682095,,,,,156089.563486905
8617,GCF_009819535.1,GCA_900245895.1,Lacerta agilis,Lacerta bilineata,Reptilia,21.17458,,,,,170972.907696109
8618,GCA_900245905.1,GCA_900245895.1,Lacerta viridis,Lacerta bilineata,Reptilia,6.610941,,,,,2299.15052578449
8626,GCA_043658275.1,GCA_042902795.1,Naja melanoleuca,Naja nigricollis,Reptilia,16.16,,,,,2150138.17256919
8627,GCA_043658275.1,GCA_043090505.1,Naja melanoleuca,Naja haje,Reptilia,18.002335,,,,,541724.042735848
8628,GCA_042902795.1,GCA_043090505.1,Naja nigricollis,Naja haje,Reptilia,16.16,,,,,2418424.14682781
8642,GCA_037367305.1,GCA_037367255.1,Phrynocephalus vlangalii,Phrynocephalus putjatai,Reptilia,8.7444,,,,,26095.2548697631
8644,GCA_023846285.1,GCA_037367255.1,Phrynocephalus versicolor,Phrynocephalus putjatai,Reptilia,22.507275,,,,,0.0
8646,GCA_020142125.1,GCA_026167975.1,Phrynosoma platyrhinos,Phrynosoma blainvillii,Reptilia,19.9821495,,,,,15526.3780303588
8647,GCA_964188175.1,GCF_004329235.1,Podarcis siculus,Podarcis muralis,Reptilia,12.59262,,,,,192094.456427105
8648,GCA_964188175.1,GCF_027172205.1,Podarcis siculus,Podarcis raffonei,Reptilia,12.2,,,,,4.09834716581897
8651,GCA_964188175.1,GCA_964234825.1,Podarcis siculus,Podarcis melisellensis,Reptilia,12.2,,,,,16896.7328883793
8653,GCA_964188175.1,GCA_965113305.1,Podarcis siculus,Podarcis vaucheri,Reptilia,12.2,,,,,0.0
8654,GCA_964188175.1,GCA_965112155.1,Podarcis siculus,Podarcis liolepis,Reptilia,12.2,,,,,0.0
8656,GCA_964188175.1,GCA_964188305.1,Podarcis siculus,Podarcis bocagei,Reptilia,12.2,,,,,0.0
8657,GCA_964188175.1,GCA_965153305.1,Podarcis siculus,Podarcis tiliguerta,Reptilia,14.959189,,,,,28227.6042175853
8658,GCA_964188175.1,GCA_964106635.2,Podarcis siculus,Podarcis pityusensis,Reptilia,12.2,,,,,0.0
8659,GCA_964188175.1,GCA_947686815.1,Podarcis siculus,Podarcis lilfordi,Reptilia,12.2,,,,,0.0
8660,GCF_004329235.1,GCF_027172205.1,Podarcis muralis,Podarcis raffonei,Reptilia,12.2,,,,,0.0
8663,GCF_004329235.1,GCA_964234825.1,Podarcis muralis,Podarcis melisellensis,Reptilia,12.2,,,,,45671.8548450516
8665,GCF_004329235.1,GCA_965113305.1,Podarcis muralis,Podarcis vaucheri,Reptilia,12.2,,,,,0.0
8666,GCF_004329235.1,GCA_965112155.1,Podarcis muralis,Podarcis liolepis,Reptilia,12.2,,,,,103851.039565712
8668,GCF_004329235.1,GCA_964188305.1,Podarcis muralis,Podarcis bocagei,Reptilia,12.2,,,,,15757.5517918952
8670,GCF_004329235.1,GCA_964106635.2,Podarcis muralis,Podarcis pityusensis,Reptilia,12.2,,,,,0.0
8671,GCF_004329235.1,GCA_947686815.1,Podarcis muralis,Podarcis lilfordi,Reptilia,12.2,,,,,0.0
8674,GCF_027172205.1,GCA_964234825.1,Podarcis raffonei,Podarcis melisellensis,Reptilia,22.987275,,,,,0.0
8676,GCF_027172205.1,GCA_965113305.1,Podarcis raffonei,Podarcis vaucheri,Reptilia,15.946785,,,,,0.0
8677,GCF_027172205.1,GCA_965112155.1,Podarcis raffonei,Podarcis liolepis,Reptilia,15.946785,,,,,0.0
8679,GCF_027172205.1,GCA_964188305.1,Podarcis raffonei,Podarcis bocagei,Reptilia,15.946785,,,,,0.0
8680,GCF_027172205.1,GCA_965153305.1,Podarcis raffonei,Podarcis tiliguerta,Reptilia,12.2,,,,,0.0
8681,GCF_027172205.1,GCA_964106635.2,Podarcis raffonei,Podarcis pityusensis,Reptilia,22.987275,,,,,0.0
8682,GCF_027172205.1,GCA_947686815.1,Podarcis raffonei,Podarcis lilfordi,Reptilia,22.987275,,,,,0.0
8703,GCA_964234825.1,GCA_965113305.1,Podarcis melisellensis,Podarcis vaucheri,Reptilia,15.946785,,,,,0.0
8704,GCA_964234825.1,GCA_965112155.1,Podarcis melisellensis,Podarcis liolepis,Reptilia,15.946785,,,,,0.0
8706,GCA_964234825.1,GCA_964188305.1,Podarcis melisellensis,Podarcis bocagei,Reptilia,15.946785,,,,,0.0
8707,GCA_964234825.1,GCA_965153305.1,Podarcis melisellensis,Podarcis tiliguerta,Reptilia,12.2,,,,,0.0
8708,GCA_964234825.1,GCA_964106635.2,Podarcis melisellensis,Podarcis pityusensis,Reptilia,11.468099,,,,,0.0
8709,GCA_964234825.1,GCA_947686815.1,Podarcis melisellensis,Podarcis lilfordi,Reptilia,11.468099,,,,,0.0
8717,GCA_965113305.1,GCA_965112155.1,Podarcis vaucheri,Podarcis liolepis,Reptilia,13.370245,,,,,0.0
8719,GCA_965113305.1,GCA_964188305.1,Podarcis vaucheri,Podarcis bocagei,Reptilia,12.557095,,,,,0.0
8720,GCA_965113305.1,GCA_965153305.1,Podarcis vaucheri,Podarcis tiliguerta,Reptilia,12.2,,,,,0.0
8721,GCA_965113305.1,GCA_964106635.2,Podarcis vaucheri,Podarcis pityusensis,Reptilia,15.946785,,,,,0.0
8722,GCA_965113305.1,GCA_947686815.1,Podarcis vaucheri,Podarcis lilfordi,Reptilia,15.946785,,,,,0.0
8724,GCA_965112155.1,GCA_964188305.1,Podarcis liolepis,Podarcis bocagei,Reptilia,13.370245,,,,,2932.52002645829
8725,GCA_965112155.1,GCA_965153305.1,Podarcis liolepis,Podarcis tiliguerta,Reptilia,12.2,,,,,0.0
8726,GCA_965112155.1,GCA_964106635.2,Podarcis liolepis,Podarcis pityusensis,Reptilia,15.946785,,,,,0.0
8727,GCA_965112155.1,GCA_947686815.1,Podarcis liolepis,Podarcis lilfordi,Reptilia,15.946785,,,,,0.0
8732,GCA_964188305.1,GCA_965153305.1,Podarcis bocagei,Podarcis tiliguerta,Reptilia,12.2,,,,,0.0
8733,GCA_964188305.1,GCA_964106635.2,Podarcis bocagei,Podarcis pityusensis,Reptilia,15.946785,,,,,0.0
8734,GCA_964188305.1,GCA_947686815.1,Podarcis bocagei,Podarcis lilfordi,Reptilia,15.946785,,,,,0.0
8735,GCA_965153305.1,GCA_964106635.2,Podarcis tiliguerta,Podarcis pityusensis,Reptilia,12.2,,,,,0.0
8736,GCA_965153305.1,GCA_947686815.1,Podarcis tiliguerta,Podarcis lilfordi,Reptilia,12.2,,,,,0.0
8737,GCA_964106635.2,GCA_947686815.1,Podarcis pityusensis,Podarcis lilfordi,Reptilia,6.56278,,,,,0.0
8742,GCA_016801065.1,GCA_043090945.1,Sceloporus tristichus,Sceloporus chrysostictus,Reptilia,42.85218,,,,,
8743,GCF_019175285.1,GCA_023333645.1,Sceloporus undulatus,Sceloporus occidentalis,Reptilia,12.587845,,,,,6684.7749829188
8744,GCF_019175285.1,GCA_043090945.1,Sceloporus undulatus,Sceloporus chrysostictus,Reptilia,42.85218,,,,,0.0
8745,GCA_023333645.1,GCA_043090945.1,Sceloporus occidentalis,Sceloporus chrysostictus,Reptilia,42.85218,,,,,0.0
8755,GCA_043090965.1,GCA_043656535.1,Trachylepis brevicollis,Trachylepis striata,Reptilia,37.658765,,,,,1703406.07018487
8772,GCA_024294585.1,GCA_047301725.1,Vipera latastei,Vipera ammodytes,Reptilia,15.15465,,,,,0.0
8801,GCF_000147115.1,GCA_036010255.1,Myotis lucifugus,Myotis pilosus,Mammalia,12.25,,,,,0.0
8802,GCF_000147115.1,GCF_014108235.1,Myotis lucifugus,Myotis myotis,Mammalia,12.25,,,,,0.0
8803,GCF_000147115.1,GCF_028538775.1,Myotis lucifugus,Myotis yumanensis,Mammalia,9.084926,,,,,1826680.67205902
8805,GCF_000147115.1,GCF_000412655.1,Myotis lucifugus,Myotis brandtii,Mammalia,9.084926,,,,,0.0
8808,GCA_045364815.1,GCA_050000005.1,Podocnemis expansa,Podocnemis unifilis,Reptilia,23.10515,,,,,
5190,GCF_014858855.1,GCF_905171765.1,Bufo gargarizans,Bufo bufo,Amphibia,13.69572,,,,,0.0
5192,GCA_050004315.1,GCA_030265035.1,Desmognathus fuscus,Desmognathus wrighti,Amphibia,28.75,,,,,6468.5621442032
5193,GCA_050004315.1,GCA_031753695.1,Desmognathus fuscus,Desmognathus marmoratus,Amphibia,16.008235,,,,,7803.45584077991
5194,GCA_050004315.1,GCA_030264635.1,Desmognathus fuscus,Desmognathus aeneus,Amphibia,16.84376,,,,,2255.5950558295
5195,GCA_050004315.1,GCA_030264475.1,Desmognathus fuscus,Desmognathus conanti,Amphibia,11.870675,,,,,3888.49185735879
5196,GCA_050004315.1,GCA_030264955.1,Desmognathus fuscus,Desmognathus apalachicolae,Amphibia,11.870675,,,,,0.0
5197,GCA_050004315.1,GCA_030264495.1,Desmognathus fuscus,Desmognathus welteri,Amphibia,9.48162,,,,,55435.894726143
5198,GCA_050004315.1,GCA_031753675.1,Desmognathus fuscus,Desmognathus monticola,Amphibia,13.04713,,,,,229010.976339474
5199,GCA_050004315.1,GCA_030264995.1,Desmognathus fuscus,Desmognathus ocoee,Amphibia,11.870675,,,,,12697.3225917079
5200,GCA_050004315.1,GCA_030265015.1,Desmognathus fuscus,Desmognathus folkertsi,Amphibia,16.008235,,,,,8.70925586569738
5201,GCA_050004315.1,GCA_030264915.1,Desmognathus fuscus,Desmognathus orestes,Amphibia,11.870675,,,,,22135.6924615709
5202,GCA_050004315.1,GCA_030264435.1,Desmognathus fuscus,Desmognathus imitator,Amphibia,14.61087,,,,,3698.8916988001
5203,GCA_050004315.1,GCA_030264455.1,Desmognathus fuscus,Desmognathus abditus,Amphibia,16.55,,,,,940.006530588368
5204,GCA_050004315.1,GCA_032353935.1,Desmognathus fuscus,Desmognathus planiceps,Amphibia,7.98,,,,,816.830188249521
5205,GCA_050004315.1,GCA_030264935.1,Desmognathus fuscus,Desmognathus ochrophaeus,Amphibia,11.870675,,,,,286090.222150207
5206,GCA_050004315.1,GCA_031753655.1,Desmognathus fuscus,Desmognathus santeetlah,Amphibia,11.870675,,,,,5425.30004145723
5207,GCA_050004315.1,GCA_030264895.1,Desmognathus fuscus,Desmognathus auriculatus,Amphibia,7.778185,,,,,48418.4203329408
5208,GCA_050004315.1,GCA_031753635.1,Desmognathus fuscus,Desmognathus carolinensis,Amphibia,13.04713,,,,,11431.3761493434
5209,GCA_050004315.1,GCA_030180145.1,Desmognathus fuscus,Desmognathus organi,Amphibia,28.75,,,,,5669.70618490848
5210,GCA_030265035.1,GCA_031753695.1,Desmognathus wrighti,Desmognathus marmoratus,Amphibia,28.75,,,,,0.0
5211,GCA_030265035.1,GCA_030264635.1,Desmognathus wrighti,Desmognathus aeneus,Amphibia,28.75,,,,,4247.31765765523
5212,GCA_030265035.1,GCA_030264475.1,Desmognathus wrighti,Desmognathus conanti,Amphibia,28.75,,,,,2329.98754368974
5213,GCA_030265035.1,GCA_030264955.1,Desmognathus wrighti,Desmognathus apalachicolae,Amphibia,28.75,,,,,0.0
5214,GCA_030265035.1,GCA_030264495.1,Desmognathus wrighti,Desmognathus welteri,Amphibia,28.75,,,,,0.0
5215,GCA_030265035.1,GCA_031753675.1,Desmognathus wrighti,Desmognathus monticola,Amphibia,28.75,,,,,8875.84694767328
5216,GCA_030265035.1,GCA_030264995.1,Desmognathus wrighti,Desmognathus ocoee,Amphibia,28.75,,,,,8669.95887469155
5217,GCA_030265035.1,GCA_030265015.1,Desmognathus wrighti,Desmognathus folkertsi,Amphibia,28.75,,,,,848.864149944119
5218,GCA_030265035.1,GCA_030264915.1,Desmognathus wrighti,Desmognathus orestes,Amphibia,28.75,,,,,0.0
5219,GCA_030265035.1,GCA_030264435.1,Desmognathus wrighti,Desmognathus imitator,Amphibia,28.75,,,,,3129.76369887688
5220,GCA_030265035.1,GCA_030264455.1,Desmognathus wrighti,Desmognathus abditus,Amphibia,28.75,,,,,0.0
5221,GCA_030265035.1,GCA_032353935.1,Desmognathus wrighti,Desmognathus planiceps,Amphibia,28.75,,,,,0.0
5222,GCA_030265035.1,GCA_030264935.1,Desmognathus wrighti,Desmognathus ochrophaeus,Amphibia,28.75,,,,,0.0
5223,GCA_030265035.1,GCA_031753655.1,Desmognathus wrighti,Desmognathus santeetlah,Amphibia,28.75,,,,,5073.07087966343
5224,GCA_030265035.1,GCA_030264895.1,Desmognathus wrighti,Desmognathus auriculatus,Amphibia,28.75,,,,,0.0
5225,GCA_030265035.1,GCA_031753635.1,Desmognathus wrighti,Desmognathus carolinensis,Amphibia,28.75,,,,,1590.96202748188
5226,GCA_030265035.1,GCA_030180145.1,Desmognathus wrighti,Desmognathus organi,Amphibia,6.56,,,,,0.0
5228,GCA_031753695.1,GCA_030264475.1,Desmognathus marmoratus,Desmognathus conanti,Amphibia,16.008235,,,,,0.0
5229,GCA_031753695.1,GCA_030264955.1,Desmognathus marmoratus,Desmognathus apalachicolae,Amphibia,16.008235,,,,,0.0
5233,GCA_031753695.1,GCA_030265015.1,Desmognathus marmoratus,Desmognathus folkertsi,Amphibia,8.713035,,,,,0.0
5234,GCA_031753695.1,GCA_030264915.1,Desmognathus marmoratus,Desmognathus orestes,Amphibia,16.008235,,,,,7763.45465217733
5235,GCA_031753695.1,GCA_030264435.1,Desmognathus marmoratus,Desmognathus imitator,Amphibia,16.008235,,,,,0.0
5237,GCA_031753695.1,GCA_032353935.1,Desmognathus marmoratus,Desmognathus planiceps,Amphibia,16.008235,,,,,0.0
5240,GCA_031753695.1,GCA_030264895.1,Desmognathus marmoratus,Desmognathus auriculatus,Amphibia,16.008235,,,,,0.0
5241,GCA_031753695.1,GCA_031753635.1,Desmognathus marmoratus,Desmognathus carolinensis,Amphibia,16.008235,,,,,40.0153950341468
5242,GCA_031753695.1,GCA_030180145.1,Desmognathus marmoratus,Desmognathus organi,Amphibia,28.75,,,,,2656.90276928122
5243,GCA_030264635.1,GCA_030264475.1,Desmognathus aeneus,Desmognathus conanti,Amphibia,16.84376,,,,,43082.4476090801
5244,GCA_030264635.1,GCA_030264955.1,Desmognathus aeneus,Desmognathus apalachicolae,Amphibia,16.84376,,,,,0.0
5248,GCA_030264635.1,GCA_030265015.1,Desmognathus aeneus,Desmognathus folkertsi,Amphibia,16.84376,,,,,5714.16094066388
5249,GCA_030264635.1,GCA_030264915.1,Desmognathus aeneus,Desmognathus orestes,Amphibia,16.84376,,,,,0.0
5250,GCA_030264635.1,GCA_030264435.1,Desmognathus aeneus,Desmognathus imitator,Amphibia,16.84376,,,,,246.968309430436
5252,GCA_030264635.1,GCA_032353935.1,Desmognathus aeneus,Desmognathus planiceps,Amphibia,16.84376,,,,,0.0
5255,GCA_030264635.1,GCA_030264895.1,Desmognathus aeneus,Desmognathus auriculatus,Amphibia,16.84376,,,,,0.0
5256,GCA_030264635.1,GCA_031753635.1,Desmognathus aeneus,Desmognathus carolinensis,Amphibia,16.84376,,,,,0.0
5257,GCA_030264635.1,GCA_030180145.1,Desmognathus aeneus,Desmognathus organi,Amphibia,28.75,,,,,0.0
5258,GCA_030264475.1,GCA_030264955.1,Desmognathus conanti,Desmognathus apalachicolae,Amphibia,9.79354,,,,,2927.91855653186
5259,GCA_030264475.1,GCA_030264495.1,Desmognathus conanti,Desmognathus welteri,Amphibia,11.870675,,,,,1624.28366637061
5260,GCA_030264475.1,GCA_031753675.1,Desmognathus conanti,Desmognathus monticola,Amphibia,13.04713,,,,,94223.8580442549
5261,GCA_030264475.1,GCA_030264995.1,Desmognathus conanti,Desmognathus ocoee,Amphibia,5.992165,,,,,28978.6305601144
5262,GCA_030264475.1,GCA_030265015.1,Desmognathus conanti,Desmognathus folkertsi,Amphibia,16.008235,,,,,6355.80916858454
5263,GCA_030264475.1,GCA_030264915.1,Desmognathus conanti,Desmognathus orestes,Amphibia,5.992165,,,,,0.0
5264,GCA_030264475.1,GCA_030264435.1,Desmognathus conanti,Desmognathus imitator,Amphibia,14.61087,,,,,0.0
5265,GCA_030264475.1,GCA_030264455.1,Desmognathus conanti,Desmognathus abditus,Amphibia,16.55,,,,,1936.55581158358
5266,GCA_030264475.1,GCA_032353935.1,Desmognathus conanti,Desmognathus planiceps,Amphibia,11.870675,,,,,0.0
5267,GCA_030264475.1,GCA_030264935.1,Desmognathus conanti,Desmognathus ochrophaeus,Amphibia,5.992165,,,,,0.0
5268,GCA_030264475.1,GCA_031753655.1,Desmognathus conanti,Desmognathus santeetlah,Amphibia,7.729225,,,,,986.389903647688
5269,GCA_030264475.1,GCA_030264895.1,Desmognathus conanti,Desmognathus auriculatus,Amphibia,11.870675,,,,,8195.27912509349
5270,GCA_030264475.1,GCA_031753635.1,Desmognathus conanti,Desmognathus carolinensis,Amphibia,13.04713,,,,,0.0
5271,GCA_030264475.1,GCA_030180145.1,Desmognathus conanti,Desmognathus organi,Amphibia,28.75,,,,,0.0
5272,GCA_030264955.1,GCA_030264495.1,Desmognathus apalachicolae,Desmognathus welteri,Amphibia,11.870675,,,,,0.0
5273,GCA_030264955.1,GCA_031753675.1,Desmognathus apalachicolae,Desmognathus monticola,Amphibia,13.04713,,,,,0.0
5274,GCA_030264955.1,GCA_030264995.1,Desmognathus apalachicolae,Desmognathus ocoee,Amphibia,5.992165,,,,,0.0
5275,GCA_030264955.1,GCA_030265015.1,Desmognathus apalachicolae,Desmognathus folkertsi,Amphibia,16.008235,,,,,0.0
5276,GCA_030264955.1,GCA_030264915.1,Desmognathus apalachicolae,Desmognathus orestes,Amphibia,5.992165,,,,,0.0
5277,GCA_030264955.1,GCA_030264435.1,Desmognathus apalachicolae,Desmognathus imitator,Amphibia,14.61087,,,,,0.0
5278,GCA_030264955.1,GCA_030264455.1,Desmognathus apalachicolae,Desmognathus abditus,Amphibia,16.55,,,,,0.0
5279,GCA_030264955.1,GCA_032353935.1,Desmognathus apalachicolae,Desmognathus planiceps,Amphibia,11.870675,,,,,0.0
5280,GCA_030264955.1,GCA_030264935.1,Desmognathus apalachicolae,Desmognathus ochrophaeus,Amphibia,5.992165,,,,,0.0
5281,GCA_030264955.1,GCA_031753655.1,Desmognathus apalachicolae,Desmognathus santeetlah,Amphibia,9.79354,,,,,0.0
5282,GCA_030264955.1,GCA_030264895.1,Desmognathus apalachicolae,Desmognathus auriculatus,Amphibia,11.870675,,,,,0.0
5283,GCA_030264955.1,GCA_031753635.1,Desmognathus apalachicolae,Desmognathus carolinensis,Amphibia,13.04713,,,,,0.0
5284,GCA_030264955.1,GCA_030180145.1,Desmognathus apalachicolae,Desmognathus organi,Amphibia,28.75,,,,,0.0
5287,GCA_030264495.1,GCA_030265015.1,Desmognathus welteri,Desmognathus folkertsi,Amphibia,16.008235,,,,,0.0
5288,GCA_030264495.1,GCA_030264915.1,Desmognathus welteri,Desmognathus orestes,Amphibia,11.870675,,,,,3555.88977626146
5289,GCA_030264495.1,GCA_030264435.1,Desmognathus welteri,Desmognathus imitator,Amphibia,14.61087,,,,,0.0
5291,GCA_030264495.1,GCA_032353935.1,Desmognathus welteri,Desmognathus planiceps,Amphibia,9.48162,,,,,0.0
5294,GCA_030264495.1,GCA_030264895.1,Desmognathus welteri,Desmognathus auriculatus,Amphibia,9.48162,,,,,0.0
5295,GCA_030264495.1,GCA_031753635.1,Desmognathus welteri,Desmognathus carolinensis,Amphibia,13.04713,,,,,0.0
5296,GCA_030264495.1,GCA_030180145.1,Desmognathus welteri,Desmognathus organi,Amphibia,28.75,,,,,166.010364369492
5298,GCA_031753675.1,GCA_030265015.1,Desmognathus monticola,Desmognathus folkertsi,Amphibia,16.008235,,,,,6357.1607777051
5299,GCA_031753675.1,GCA_030264915.1,Desmognathus monticola,Desmognathus orestes,Amphibia,13.04713,,,,,22135.6924615709
5300,GCA_031753675.1,GCA_030264435.1,Desmognathus monticola,Desmognathus imitator,Amphibia,14.61087,,,,,3698.8916988001
5302,GCA_031753675.1,GCA_032353935.1,Desmognathus monticola,Desmognathus planiceps,Amphibia,13.04713,,,,,816.830188249521
5305,GCA_031753675.1,GCA_030264895.1,Desmognathus monticola,Desmognathus auriculatus,Amphibia,13.04713,,,,,0.0
5306,GCA_031753675.1,GCA_031753635.1,Desmognathus monticola,Desmognathus carolinensis,Amphibia,11.10708,,,,,11431.3761493434
5307,GCA_031753675.1,GCA_030180145.1,Desmognathus monticola,Desmognathus organi,Amphibia,28.75,,,,,5669.70618490848
5308,GCA_030264995.1,GCA_030265015.1,Desmognathus ocoee,Desmognathus folkertsi,Amphibia,16.008235,,,,,5937.49128558376
5309,GCA_030264995.1,GCA_030264915.1,Desmognathus ocoee,Desmognathus orestes,Amphibia,10.01777,,,,,0.0
5310,GCA_030264995.1,GCA_030264435.1,Desmognathus ocoee,Desmognathus imitator,Amphibia,14.61087,,,,,3053.55827931438
5312,GCA_030264995.1,GCA_032353935.1,Desmognathus ocoee,Desmognathus planiceps,Amphibia,11.870675,,,,,0.0
5315,GCA_030264995.1,GCA_030264895.1,Desmognathus ocoee,Desmognathus auriculatus,Amphibia,11.870675,,,,,0.0
5316,GCA_030264995.1,GCA_031753635.1,Desmognathus ocoee,Desmognathus carolinensis,Amphibia,13.04713,,,,,2277.71600880504
5317,GCA_030264995.1,GCA_030180145.1,Desmognathus ocoee,Desmognathus organi,Amphibia,28.75,,,,,0.0
5318,GCA_030265015.1,GCA_030264915.1,Desmognathus folkertsi,Desmognathus orestes,Amphibia,16.008235,,,,,0.0
5319,GCA_030265015.1,GCA_030264435.1,Desmognathus folkertsi,Desmognathus imitator,Amphibia,16.008235,,,,,0.0
5320,GCA_030265015.1,GCA_030264455.1,Desmognathus folkertsi,Desmognathus abditus,Amphibia,16.008235,,,,,0.0
5321,GCA_030265015.1,GCA_032353935.1,Desmognathus folkertsi,Desmognathus planiceps,Amphibia,16.008235,,,,,0.0
5322,GCA_030265015.1,GCA_030264935.1,Desmognathus folkertsi,Desmognathus ochrophaeus,Amphibia,16.008235,,,,,0.0
5323,GCA_030265015.1,GCA_031753655.1,Desmognathus folkertsi,Desmognathus santeetlah,Amphibia,16.008235,,,,,0.0
5324,GCA_030265015.1,GCA_030264895.1,Desmognathus folkertsi,Desmognathus auriculatus,Amphibia,16.008235,,,,,0.0
5325,GCA_030265015.1,GCA_031753635.1,Desmognathus folkertsi,Desmognathus carolinensis,Amphibia,16.008235,,,,,0.0
5326,GCA_030265015.1,GCA_030180145.1,Desmognathus folkertsi,Desmognathus organi,Amphibia,28.75,,,,,0.0
5327,GCA_030264915.1,GCA_030264435.1,Desmognathus orestes,Desmognathus imitator,Amphibia,14.61087,,,,,0.0
5328,GCA_030264915.1,GCA_030264455.1,Desmognathus orestes,Desmognathus abditus,Amphibia,16.55,,,,,0.0
5329,GCA_030264915.1,GCA_032353935.1,Desmognathus orestes,Desmognathus planiceps,Amphibia,11.870675,,,,,279.1427040284
5330,GCA_030264915.1,GCA_030264935.1,Desmognathus orestes,Desmognathus ochrophaeus,Amphibia,4.98815,,,,,7772.07727892229
5331,GCA_030264915.1,GCA_031753655.1,Desmognathus orestes,Desmognathus santeetlah,Amphibia,5.992165,,,,,0.0
5332,GCA_030264915.1,GCA_030264895.1,Desmognathus orestes,Desmognathus auriculatus,Amphibia,11.870675,,,,,0.0
5333,GCA_030264915.1,GCA_031753635.1,Desmognathus orestes,Desmognathus carolinensis,Amphibia,13.04713,,,,,479.476590141349
5334,GCA_030264915.1,GCA_030180145.1,Desmognathus orestes,Desmognathus organi,Amphibia,28.75,,,,,3539.78766451237
5335,GCA_030264435.1,GCA_030264455.1,Desmognathus imitator,Desmognathus abditus,Amphibia,16.55,,,,,0.0
5336,GCA_030264435.1,GCA_032353935.1,Desmognathus imitator,Desmognathus planiceps,Amphibia,14.61087,,,,,0.0
5337,GCA_030264435.1,GCA_030264935.1,Desmognathus imitator,Desmognathus ochrophaeus,Amphibia,14.61087,,,,,0.0
5338,GCA_030264435.1,GCA_031753655.1,Desmognathus imitator,Desmognathus santeetlah,Amphibia,14.61087,,,,,3574.13309047079
5339,GCA_030264435.1,GCA_030264895.1,Desmognathus imitator,Desmognathus auriculatus,Amphibia,14.61087,,,,,0.0
5340,GCA_030264435.1,GCA_031753635.1,Desmognathus imitator,Desmognathus carolinensis,Amphibia,14.61087,,,,,1202.7479789209
5341,GCA_030264435.1,GCA_030180145.1,Desmognathus imitator,Desmognathus organi,Amphibia,28.75,,,,,0.0
5342,GCA_030264455.1,GCA_032353935.1,Desmognathus abditus,Desmognathus planiceps,Amphibia,16.55,,,,,0.0
5345,GCA_030264455.1,GCA_030264895.1,Desmognathus abditus,Desmognathus auriculatus,Amphibia,16.55,,,,,0.0
5346,GCA_030264455.1,GCA_031753635.1,Desmognathus abditus,Desmognathus carolinensis,Amphibia,16.55,,,,,0.0
5347,GCA_030264455.1,GCA_030180145.1,Desmognathus abditus,Desmognathus organi,Amphibia,28.75,,,,,0.0
5348,GCA_032353935.1,GCA_030264935.1,Desmognathus planiceps,Desmognathus ochrophaeus,Amphibia,11.870675,,,,,117.592356833657
5349,GCA_032353935.1,GCA_031753655.1,Desmognathus planiceps,Desmognathus santeetlah,Amphibia,11.870675,,,,,0.0
5350,GCA_032353935.1,GCA_030264895.1,Desmognathus planiceps,Desmognathus auriculatus,Amphibia,7.98,,,,,0.0
5351,GCA_032353935.1,GCA_031753635.1,Desmognathus planiceps,Desmognathus carolinensis,Amphibia,13.04713,,,,,0.0
5352,GCA_032353935.1,GCA_030180145.1,Desmognathus planiceps,Desmognathus organi,Amphibia,28.75,,,,,0.0
5354,GCA_030264935.1,GCA_030264895.1,Desmognathus ochrophaeus,Desmognathus auriculatus,Amphibia,11.870675,,,,,0.0
5355,GCA_030264935.1,GCA_031753635.1,Desmognathus ochrophaeus,Desmognathus carolinensis,Amphibia,13.04713,,,,,0.0
5356,GCA_030264935.1,GCA_030180145.1,Desmognathus ochrophaeus,Desmognathus organi,Amphibia,28.75,,,,,262.509155464325
5357,GCA_031753655.1,GCA_030264895.1,Desmognathus santeetlah,Desmognathus auriculatus,Amphibia,11.870675,,,,,0.0
5358,GCA_031753655.1,GCA_031753635.1,Desmognathus santeetlah,Desmognathus carolinensis,Amphibia,13.04713,,,,,1754.37980452046
5359,GCA_031753655.1,GCA_030180145.1,Desmognathus santeetlah,Desmognathus organi,Amphibia,28.75,,,,,0.0
5360,GCA_030264895.1,GCA_031753635.1,Desmognathus auriculatus,Desmognathus carolinensis,Amphibia,13.04713,,,,,0.0
5361,GCA_030264895.1,GCA_030180145.1,Desmognathus auriculatus,Desmognathus organi,Amphibia,28.75,,,,,0.0
5362,GCA_031753635.1,GCA_030180145.1,Desmognathus carolinensis,Desmognathus organi,Amphibia,28.75,,,,,1735.63929186861
5365,GCA_035583035.1,GCA_035047425.1,Eurycea cirrigera,Eurycea quadridigitata,Amphibia,20.77788,,,,,148685.449479988
5367,GCA_038406705.1,GCA_035047425.1,Eurycea bislineata,Eurycea quadridigitata,Amphibia,20.77788,,,,,0.0
5368,GCA_035583075.1,GCA_035047425.1,Eurycea guttolineata,Eurycea quadridigitata,Amphibia,20.77788,,,,,121693.520286273
5373,GCA_018994145.1,GCA_009667805.1,Leptobrachium ailaonicum,Leptobrachium leishanense,Amphibia,10.0557,,,,,0.0
5375,GCA_031893025.1,GCA_947044405.1,Leptodactylus fuscus,Leptodactylus fallax,Amphibia,27.9,,,,,0.0
5377,GCA_031893025.1,GCA_046270665.1,Leptodactylus fuscus,Leptodactylus rhodomystax,Amphibia,37.154445,,,,,3698875.85674423
5380,GCA_044628515.1,GCA_947044405.1,Leptodactylus mystaceus,Leptodactylus fallax,Amphibia,27.9,,,,,0.0
5382,GCA_044628515.1,GCA_046270665.1,Leptodactylus mystaceus,Leptodactylus rhodomystax,Amphibia,37.154445,,,,,3374270.18745318
5385,GCA_947044405.1,GCA_044758665.1,Leptodactylus fallax,Leptodactylus melanonotus,Amphibia,28.49805,,,,,0.0
5386,GCA_947044405.1,GCA_046270665.1,Leptodactylus fallax,Leptodactylus rhodomystax,Amphibia,37.154445,,,,,0.0
5387,GCA_947044405.1,GCA_046270125.1,Leptodactylus fallax,Leptodactylus longirostris,Amphibia,27.9,,,,,0.0
5388,GCA_947044405.1,GCA_046270925.1,Leptodactylus fallax,Leptodactylus knudseni,Amphibia,13.59552,,,,,0.0
5389,GCA_044758665.1,GCA_046270665.1,Leptodactylus melanonotus,Leptodactylus rhodomystax,Amphibia,37.154445,,,,,0.0
5392,GCA_046270665.1,GCA_046270125.1,Leptodactylus rhodomystax,Leptodactylus longirostris,Amphibia,37.154445,,,,,1367131.32532253
5393,GCA_046270665.1,GCA_046270925.1,Leptodactylus rhodomystax,Leptodactylus knudseni,Amphibia,37.154445,,,,,4513924.07599164
5397,GCA_028564925.1,GCA_037952835.1,Lithobates sylvaticus,Lithobates septentrionalis,Amphibia,34.1975,,,,,
5401,GCA_037952925.1,GCA_037952835.1,Lithobates clamitans,Lithobates septentrionalis,Amphibia,15.18657,,,,,
5407,GCA_037952835.1,GCA_047292555.1,Lithobates septentrionalis,Lithobates vaillanti,Amphibia,26.581265,,,,,
5408,GCA_037952835.1,GCA_046245055.1,Lithobates septentrionalis,Lithobates berlandieri,Amphibia,26.581265,,,,,
5428,GCA_044758445.1,GCA_046269545.1,Sclerophrys asmarae,Sclerophrys maculata,Amphibia,23.12399,,,,,0.0
5437,GCF_017654675.1,GCA_038501925.1,Xenopus laevis,Xenopus petersii,Amphibia,11.051935,0.001449987,0.000684769,0.00061662,0.001451391,115319.747076039
5447,GCA_021534815.1,GCA_045838425.1,Acrocephalus arundinaceus,Acrocephalus schoenobaenus,Aves,10.61,,,,,6464372.20638474
5449,GCA_021534815.1,GCA_045788515.1,Acrocephalus arundinaceus,Acrocephalus dumetorum,Aves,10.462465,,,,,2858876.61198207
5451,GCA_045838425.1,GCA_045783595.1,Acrocephalus schoenobaenus,Acrocephalus melanopogon,Aves,5.10811,,,,,950966.868463287
5452,GCA_045838425.1,GCA_045788515.1,Acrocephalus schoenobaenus,Acrocephalus dumetorum,Aves,10.462465,,,,,3940715.59444989
5453,GCA_045838425.1,GCA_045787745.1,Acrocephalus schoenobaenus,Acrocephalus paludicola,Aves,5.10811,,,,,182491.836962702
5454,GCA_045783595.1,GCA_045788515.1,Acrocephalus melanopogon,Acrocephalus dumetorum,Aves,10.462465,,,,,0.0
5456,GCA_045788515.1,GCA_045787745.1,Acrocephalus dumetorum,Acrocephalus paludicola,Aves,10.462465,,,,,3510.38911883919
5459,GCA_002631895.1,GCA_035041115.1,Agapornis roseicollis,Agapornis nigrigenis,Aves,7.56999,,,,,0.0
5460,GCA_002631895.1,GCA_035222285.1,Agapornis roseicollis,Agapornis lilianae,Aves,7.56999,,,,,0.0
5461,GCA_002631895.1,GCA_034783915.1,Agapornis roseicollis,Agapornis pullarius,Aves,13.435895,,,,,0.0
5462,GCA_002631895.1,GCA_034783155.1,Agapornis roseicollis,Agapornis personatus,Aves,7.56999,,,,,0.0
5463,GCA_002631895.1,GCA_036873685.1,Agapornis roseicollis,Agapornis canus,Aves,13.435895,,,,,0.0
5464,GCA_002631895.1,GCA_034782895.1,Agapornis roseicollis,Agapornis fischeri,Aves,7.56999,,,,,0.0
5465,GCA_002631895.1,GCA_034783435.1,Agapornis roseicollis,Agapornis swindernianus,Aves,10.12429,,,,,0.0
5466,GCA_002631895.1,GCA_034783195.1,Agapornis roseicollis,Agapornis taranta,Aves,13.435895,,,,,0.0
5468,GCA_035041115.1,GCA_034783915.1,Agapornis nigrigenis,Agapornis pullarius,Aves,13.435895,,,,,0.0
5469,GCA_035041115.1,GCA_034783155.1,Agapornis nigrigenis,Agapornis personatus,Aves,0.67534,,,,,0.0
5474,GCA_035222285.1,GCA_034783915.1,Agapornis lilianae,Agapornis pullarius,Aves,13.435895,,,,,0.0
5475,GCA_035222285.1,GCA_034783155.1,Agapornis lilianae,Agapornis personatus,Aves,0.67534,,,,,1185.15171114329
5478,GCA_035222285.1,GCA_034783435.1,Agapornis lilianae,Agapornis swindernianus,Aves,10.12429,8.41e-05,5.58e-05,5.32e-05,8.42e-05,0.0
5479,GCA_035222285.1,GCA_034783195.1,Agapornis lilianae,Agapornis taranta,Aves,13.435895,2.18e-07,1.45e-07,1.39e-07,2.18e-07,0.0
5480,GCA_034783915.1,GCA_034783155.1,Agapornis pullarius,Agapornis personatus,Aves,13.435895,,,,,0.0
5481,GCA_034783915.1,GCA_036873685.1,Agapornis pullarius,Agapornis canus,Aves,10.42706,,,,,0.0
5482,GCA_034783915.1,GCA_034782895.1,Agapornis pullarius,Agapornis fischeri,Aves,13.435895,,,,,15576.9381162512
5483,GCA_034783915.1,GCA_034783435.1,Agapornis pullarius,Agapornis swindernianus,Aves,13.435895,,,,,296993.236699135
5484,GCA_034783915.1,GCA_034783195.1,Agapornis pullarius,Agapornis taranta,Aves,13.90813,,,,,6577.01194914815
5485,GCA_034783155.1,GCA_036873685.1,Agapornis personatus,Agapornis canus,Aves,13.435895,,,,,0.0
5486,GCA_034783155.1,GCA_034782895.1,Agapornis personatus,Agapornis fischeri,Aves,1.0968,,,,,34958.225507374
5487,GCA_034783155.1,GCA_034783435.1,Agapornis personatus,Agapornis swindernianus,Aves,10.12429,,,,,0.0
5488,GCA_034783155.1,GCA_034783195.1,Agapornis personatus,Agapornis taranta,Aves,13.435895,,,,,0.0
5490,GCA_036873685.1,GCA_034783435.1,Agapornis canus,Agapornis swindernianus,Aves,13.435895,7.44e-05,4.87e-05,4.65e-05,7.44e-05,0.0
5491,GCA_036873685.1,GCA_034783195.1,Agapornis canus,Agapornis taranta,Aves,10.42706,6.5e-07,4.05e-07,3.83e-07,6.5e-07,0.0
5492,GCA_034782895.1,GCA_034783435.1,Agapornis fischeri,Agapornis swindernianus,Aves,10.12429,4.03e-05,2.72e-05,2.6e-05,4.03e-05,0.0
5495,GCF_020745825.1,GCF_023055355.1,Agelaius phoeniceus,Agelaius tricolor,Aves,2.77199,,,,,113507.186289397
5503,GCA_039720435.1,GCA_017639355.1,Amazona ochrocephala,Amazona aestiva,Aves,0.733835,,,,,455809.186473489
5504,GCA_039720435.1,GCA_003947215.1,Amazona ochrocephala,Amazona collaria,Aves,7.058935,,,,,0.0
5505,GCA_039720435.1,GCA_000332375.2,Amazona ochrocephala,Amazona vittata,Aves,7.058935,,,,,0.0
5506,GCA_039720435.1,GCA_013399615.1,Amazona ochrocephala,Amazona guildingii,Aves,5.96881,,,,,0.0
5507,GCA_039720435.1,GCA_032357765.1,Amazona ochrocephala,Amazona auropalliata,Aves,2.51212,,,,,0.0
5508,GCA_039720435.1,GCA_032360045.1,Amazona ochrocephala,Amazona ventralis,Aves,7.058935,,,,,0.0
5509,GCA_039720435.1,GCA_034782355.1,Amazona ochrocephala,Amazona kawalli,Aves,6.08143,,,,,1034424.72728687
5510,GCA_039720435.1,GCA_031763625.1,Amazona ochrocephala,Amazona oratrix,Aves,2.51212,,,,,0.0
5511,GCA_039720435.1,GCA_031763935.1,Amazona ochrocephala,Amazona finschi,Aves,5.96881,,,,,0.0
5512,GCA_039720435.1,GCA_026283615.1,Amazona ochrocephala,Amazona vinacea,Aves,5.96881,,,,,0.0
5513,GCA_039720435.1,GCA_026283665.1,Amazona ochrocephala,Amazona leucocephala,Aves,7.058935,,,,,0.0
5514,GCA_039720435.1,GCA_024331665.1,Amazona ochrocephala,Amazona autumnalis,Aves,5.96881,,,,,211576.85365071
5515,GCA_039720435.1,GCA_031763565.1,Amazona ochrocephala,Amazona festiva,Aves,5.96881,,,,,648023.23169802
5516,GCA_039720435.1,GCA_032353435.1,Amazona ochrocephala,Amazona farinosa,Aves,5.96881,,,,,6051724.95339771
5517,GCA_039720435.1,GCA_031763605.1,Amazona ochrocephala,Amazona rhodocorytha,Aves,5.96881,,,,,0.0
5518,GCA_039720435.1,GCA_034782995.1,Amazona ochrocephala,Amazona versicolor,Aves,2.83937,,,,,0.0
5519,GCA_039720435.1,GCA_032468075.1,Amazona ochrocephala,Amazona amazonica,Aves,5.96881,,,,,4536509.30156821
5520,GCA_017639355.1,GCA_003947215.1,Amazona aestiva,Amazona collaria,Aves,7.058935,,,,,0.0
5521,GCA_017639355.1,GCA_000332375.2,Amazona aestiva,Amazona vittata,Aves,7.058935,,,,,0.0
5522,GCA_017639355.1,GCA_013399615.1,Amazona aestiva,Amazona guildingii,Aves,5.96881,,,,,0.0
5523,GCA_017639355.1,GCA_032357765.1,Amazona aestiva,Amazona auropalliata,Aves,2.51212,,,,,0.0
5524,GCA_017639355.1,GCA_032360045.1,Amazona aestiva,Amazona ventralis,Aves,7.058935,,,,,0.0
5525,GCA_017639355.1,GCA_034782355.1,Amazona aestiva,Amazona kawalli,Aves,6.08143,,,,,19051.7039927105
5526,GCA_017639355.1,GCA_031763625.1,Amazona aestiva,Amazona oratrix,Aves,2.51212,,,,,0.0
5527,GCA_017639355.1,GCA_031763935.1,Amazona aestiva,Amazona finschi,Aves,5.96881,,,,,0.0
5528,GCA_017639355.1,GCA_026283615.1,Amazona aestiva,Amazona vinacea,Aves,5.96881,,,,,96842.9125723572
5529,GCA_017639355.1,GCA_026283665.1,Amazona aestiva,Amazona leucocephala,Aves,7.058935,,,,,0.0
5530,GCA_017639355.1,GCA_024331665.1,Amazona aestiva,Amazona autumnalis,Aves,5.96881,,,,,0.0
5531,GCA_017639355.1,GCA_031763565.1,Amazona aestiva,Amazona festiva,Aves,5.96881,,,,,0.0
5532,GCA_017639355.1,GCA_032353435.1,Amazona aestiva,Amazona farinosa,Aves,5.96881,,,,,944616.503367126
5533,GCA_017639355.1,GCA_031763605.1,Amazona aestiva,Amazona rhodocorytha,Aves,5.96881,,,,,1409.58891350449
5534,GCA_017639355.1,GCA_034782995.1,Amazona aestiva,Amazona versicolor,Aves,2.83937,,,,,0.0
5535,GCA_017639355.1,GCA_032468075.1,Amazona aestiva,Amazona amazonica,Aves,5.96881,,,,,2270234.04742304
5536,GCA_003947215.1,GCA_000332375.2,Amazona collaria,Amazona vittata,Aves,1.328715,,,,,0.0
5537,GCA_003947215.1,GCA_013399615.1,Amazona collaria,Amazona guildingii,Aves,7.058935,,,,,0.0
5538,GCA_003947215.1,GCA_032357765.1,Amazona collaria,Amazona auropalliata,Aves,7.058935,,,,,0.0
5539,GCA_003947215.1,GCA_032360045.1,Amazona collaria,Amazona ventralis,Aves,1.328715,,,,,0.0
5540,GCA_003947215.1,GCA_034782355.1,Amazona collaria,Amazona kawalli,Aves,7.058935,,,,,0.0
5541,GCA_003947215.1,GCA_031763625.1,Amazona collaria,Amazona oratrix,Aves,7.058935,,,,,0.0
5542,GCA_003947215.1,GCA_031763935.1,Amazona collaria,Amazona finschi,Aves,7.058935,,,,,0.0
5543,GCA_003947215.1,GCA_026283615.1,Amazona collaria,Amazona vinacea,Aves,7.058935,,,,,0.0
5544,GCA_003947215.1,GCA_026283665.1,Amazona collaria,Amazona leucocephala,Aves,1.328715,,,,,0.0
5545,GCA_003947215.1,GCA_024331665.1,Amazona collaria,Amazona autumnalis,Aves,7.058935,,,,,0.0
5546,GCA_003947215.1,GCA_031763565.1,Amazona collaria,Amazona festiva,Aves,7.058935,,,,,0.0
5547,GCA_003947215.1,GCA_032353435.1,Amazona collaria,Amazona farinosa,Aves,7.058935,,,,,0.0
5548,GCA_003947215.1,GCA_031763605.1,Amazona collaria,Amazona rhodocorytha,Aves,7.058935,,,,,0.0
5549,GCA_003947215.1,GCA_034782995.1,Amazona collaria,Amazona versicolor,Aves,7.058935,,,,,0.0
5550,GCA_003947215.1,GCA_032468075.1,Amazona collaria,Amazona amazonica,Aves,7.058935,,,,,0.0
5551,GCA_000332375.2,GCA_013399615.1,Amazona vittata,Amazona guildingii,Aves,7.058935,,,,,0.0
5553,GCA_000332375.2,GCA_032360045.1,Amazona vittata,Amazona ventralis,Aves,0.6082,,,,,0.0
5554,GCA_000332375.2,GCA_034782355.1,Amazona vittata,Amazona kawalli,Aves,7.058935,,,,,0.0
5555,GCA_000332375.2,GCA_031763625.1,Amazona vittata,Amazona oratrix,Aves,7.058935,,,,,0.0
5556,GCA_000332375.2,GCA_031763935.1,Amazona vittata,Amazona finschi,Aves,7.058935,,,,,0.0
5558,GCA_000332375.2,GCA_026283665.1,Amazona vittata,Amazona leucocephala,Aves,0.6082,,,,,0.0
5559,GCA_000332375.2,GCA_024331665.1,Amazona vittata,Amazona autumnalis,Aves,7.058935,,,,,0.0
5560,GCA_000332375.2,GCA_031763565.1,Amazona vittata,Amazona festiva,Aves,7.058935,,,,,0.0
5561,GCA_000332375.2,GCA_032353435.1,Amazona vittata,Amazona farinosa,Aves,7.058935,,,,,0.0
5565,GCA_013399615.1,GCA_032357765.1,Amazona guildingii,Amazona auropalliata,Aves,5.96881,,,,,0.0
5566,GCA_013399615.1,GCA_032360045.1,Amazona guildingii,Amazona ventralis,Aves,7.058935,,,,,0.0
5567,GCA_013399615.1,GCA_034782355.1,Amazona guildingii,Amazona kawalli,Aves,5.96881,,,,,0.0
5568,GCA_013399615.1,GCA_031763625.1,Amazona guildingii,Amazona oratrix,Aves,5.96881,,,,,0.0
5569,GCA_013399615.1,GCA_031763935.1,Amazona guildingii,Amazona finschi,Aves,6.1164,,,,,0.0
5570,GCA_013399615.1,GCA_026283615.1,Amazona guildingii,Amazona vinacea,Aves,6.1164,,,,,0.0
5571,GCA_013399615.1,GCA_026283665.1,Amazona guildingii,Amazona leucocephala,Aves,7.058935,,,,,0.0
5572,GCA_013399615.1,GCA_024331665.1,Amazona guildingii,Amazona autumnalis,Aves,6.1164,,,,,0.0
5573,GCA_013399615.1,GCA_031763565.1,Amazona guildingii,Amazona festiva,Aves,6.61131,,,,,0.0
5574,GCA_013399615.1,GCA_032353435.1,Amazona guildingii,Amazona farinosa,Aves,6.1164,,,,,0.0
5575,GCA_013399615.1,GCA_031763605.1,Amazona guildingii,Amazona rhodocorytha,Aves,6.1164,,,,,0.0
5576,GCA_013399615.1,GCA_034782995.1,Amazona guildingii,Amazona versicolor,Aves,5.96881,,,,,0.0
5577,GCA_013399615.1,GCA_032468075.1,Amazona guildingii,Amazona amazonica,Aves,2.52887,,,,,0.0
5578,GCA_032357765.1,GCA_032360045.1,Amazona auropalliata,Amazona ventralis,Aves,7.058935,,,,,0.0
5579,GCA_032357765.1,GCA_034782355.1,Amazona auropalliata,Amazona kawalli,Aves,6.08143,,,,,0.0
5580,GCA_032357765.1,GCA_031763625.1,Amazona auropalliata,Amazona oratrix,Aves,0.76386,,,,,0.0
5581,GCA_032357765.1,GCA_031763935.1,Amazona auropalliata,Amazona finschi,Aves,5.96881,,,,,0.0
5583,GCA_032357765.1,GCA_026283665.1,Amazona auropalliata,Amazona leucocephala,Aves,7.058935,,,,,0.0
5584,GCA_032357765.1,GCA_024331665.1,Amazona auropalliata,Amazona autumnalis,Aves,5.96881,,,,,66849.1522977318
5585,GCA_032357765.1,GCA_031763565.1,Amazona auropalliata,Amazona festiva,Aves,5.96881,,,,,0.0
5586,GCA_032357765.1,GCA_032353435.1,Amazona auropalliata,Amazona farinosa,Aves,5.96881,,,,,0.0
5590,GCA_032360045.1,GCA_034782355.1,Amazona ventralis,Amazona kawalli,Aves,7.058935,,,,,0.0
5591,GCA_032360045.1,GCA_031763625.1,Amazona ventralis,Amazona oratrix,Aves,7.058935,,,,,0.0
5592,GCA_032360045.1,GCA_031763935.1,Amazona ventralis,Amazona finschi,Aves,7.058935,,,,,0.0
5593,GCA_032360045.1,GCA_026283615.1,Amazona ventralis,Amazona vinacea,Aves,7.058935,,,,,0.0
5594,GCA_032360045.1,GCA_026283665.1,Amazona ventralis,Amazona leucocephala,Aves,0.33015,,,,,0.0
5595,GCA_032360045.1,GCA_024331665.1,Amazona ventralis,Amazona autumnalis,Aves,7.058935,,,,,0.0
5596,GCA_032360045.1,GCA_031763565.1,Amazona ventralis,Amazona festiva,Aves,7.058935,,,,,0.0
5597,GCA_032360045.1,GCA_032353435.1,Amazona ventralis,Amazona farinosa,Aves,7.058935,,,,,0.0
5598,GCA_032360045.1,GCA_031763605.1,Amazona ventralis,Amazona rhodocorytha,Aves,7.058935,,,,,0.0
5599,GCA_032360045.1,GCA_034782995.1,Amazona ventralis,Amazona versicolor,Aves,7.058935,,,,,0.0
5600,GCA_032360045.1,GCA_032468075.1,Amazona ventralis,Amazona amazonica,Aves,7.058935,,,,,0.0
5601,GCA_034782355.1,GCA_031763625.1,Amazona kawalli,Amazona oratrix,Aves,6.08143,,,,,0.0
5602,GCA_034782355.1,GCA_031763935.1,Amazona kawalli,Amazona finschi,Aves,5.96881,,,,,0.0
5603,GCA_034782355.1,GCA_026283615.1,Amazona kawalli,Amazona vinacea,Aves,5.96881,,,,,0.0
5604,GCA_034782355.1,GCA_026283665.1,Amazona kawalli,Amazona leucocephala,Aves,7.058935,,,,,0.0
5605,GCA_034782355.1,GCA_024331665.1,Amazona kawalli,Amazona autumnalis,Aves,5.96881,,,,,0.0
5606,GCA_034782355.1,GCA_031763565.1,Amazona kawalli,Amazona festiva,Aves,5.96881,,,,,184691.879856009
5607,GCA_034782355.1,GCA_032353435.1,Amazona kawalli,Amazona farinosa,Aves,5.96881,,,,,1030846.96453434
5608,GCA_034782355.1,GCA_031763605.1,Amazona kawalli,Amazona rhodocorytha,Aves,5.96881,,,,,0.0
5609,GCA_034782355.1,GCA_034782995.1,Amazona kawalli,Amazona versicolor,Aves,6.08143,,,,,0.0
5610,GCA_034782355.1,GCA_032468075.1,Amazona kawalli,Amazona amazonica,Aves,5.96881,,,,,441593.036896558
5611,GCA_031763625.1,GCA_031763935.1,Amazona oratrix,Amazona finschi,Aves,5.96881,,,,,7515.31810413127
5612,GCA_031763625.1,GCA_026283615.1,Amazona oratrix,Amazona vinacea,Aves,5.96881,,,,,0.0
5613,GCA_031763625.1,GCA_026283665.1,Amazona oratrix,Amazona leucocephala,Aves,7.058935,,,,,0.0
5614,GCA_031763625.1,GCA_024331665.1,Amazona oratrix,Amazona autumnalis,Aves,5.96881,,,,,36867.4788703723
5615,GCA_031763625.1,GCA_031763565.1,Amazona oratrix,Amazona festiva,Aves,5.96881,,,,,0.0
5616,GCA_031763625.1,GCA_032353435.1,Amazona oratrix,Amazona farinosa,Aves,5.96881,,,,,0.0
5617,GCA_031763625.1,GCA_031763605.1,Amazona oratrix,Amazona rhodocorytha,Aves,5.96881,,,,,0.0
5618,GCA_031763625.1,GCA_034782995.1,Amazona oratrix,Amazona versicolor,Aves,2.83937,,,,,0.0
5619,GCA_031763625.1,GCA_032468075.1,Amazona oratrix,Amazona amazonica,Aves,5.96881,,,,,0.0
5620,GCA_031763935.1,GCA_026283615.1,Amazona finschi,Amazona vinacea,Aves,4.23213,,,,,0.0
5621,GCA_031763935.1,GCA_026283665.1,Amazona finschi,Amazona leucocephala,Aves,7.058935,,,,,0.0
5622,GCA_031763935.1,GCA_024331665.1,Amazona finschi,Amazona autumnalis,Aves,3.17322,,,,,0.0
5623,GCA_031763935.1,GCA_031763565.1,Amazona finschi,Amazona festiva,Aves,6.61131,,,,,0.0
5624,GCA_031763935.1,GCA_032353435.1,Amazona finschi,Amazona farinosa,Aves,5.62935,,,,,0.0
5625,GCA_031763935.1,GCA_031763605.1,Amazona finschi,Amazona rhodocorytha,Aves,4.68191,,,,,0.0
5626,GCA_031763935.1,GCA_034782995.1,Amazona finschi,Amazona versicolor,Aves,5.96881,,,,,0.0
5627,GCA_031763935.1,GCA_032468075.1,Amazona finschi,Amazona amazonica,Aves,6.1164,,,,,0.0
5628,GCA_026283615.1,GCA_026283665.1,Amazona vinacea,Amazona leucocephala,Aves,7.058935,,,,,0.0
5629,GCA_026283615.1,GCA_024331665.1,Amazona vinacea,Amazona autumnalis,Aves,4.23213,,,,,0.0
5630,GCA_026283615.1,GCA_031763565.1,Amazona vinacea,Amazona festiva,Aves,6.61131,,,,,0.0
5631,GCA_026283615.1,GCA_032353435.1,Amazona vinacea,Amazona farinosa,Aves,5.62935,,,,,28365.3839376677
5635,GCA_026283665.1,GCA_024331665.1,Amazona leucocephala,Amazona autumnalis,Aves,7.058935,,,,,0.0
5636,GCA_026283665.1,GCA_031763565.1,Amazona leucocephala,Amazona festiva,Aves,7.058935,,,,,0.0
5637,GCA_026283665.1,GCA_032353435.1,Amazona leucocephala,Amazona farinosa,Aves,7.058935,,,,,0.0
5638,GCA_026283665.1,GCA_031763605.1,Amazona leucocephala,Amazona rhodocorytha,Aves,7.058935,,,,,0.0
5639,GCA_026283665.1,GCA_034782995.1,Amazona leucocephala,Amazona versicolor,Aves,7.058935,,,,,0.0
5640,GCA_026283665.1,GCA_032468075.1,Amazona leucocephala,Amazona amazonica,Aves,7.058935,,,,,0.0
5641,GCA_024331665.1,GCA_031763565.1,Amazona autumnalis,Amazona festiva,Aves,6.61131,,,,,0.0
5642,GCA_024331665.1,GCA_032353435.1,Amazona autumnalis,Amazona farinosa,Aves,5.62935,,,,,286143.187835858
5643,GCA_024331665.1,GCA_031763605.1,Amazona autumnalis,Amazona rhodocorytha,Aves,4.68191,,,,,0.0
5644,GCA_024331665.1,GCA_034782995.1,Amazona autumnalis,Amazona versicolor,Aves,5.96881,,,,,0.0
5645,GCA_024331665.1,GCA_032468075.1,Amazona autumnalis,Amazona amazonica,Aves,6.1164,,,,,133609.35547572
5646,GCA_031763565.1,GCA_032353435.1,Amazona festiva,Amazona farinosa,Aves,6.61131,,,,,688739.735198766
5647,GCA_031763565.1,GCA_031763605.1,Amazona festiva,Amazona rhodocorytha,Aves,6.61131,,,,,0.0
5648,GCA_031763565.1,GCA_034782995.1,Amazona festiva,Amazona versicolor,Aves,5.96881,,,,,0.0
5649,GCA_031763565.1,GCA_032468075.1,Amazona festiva,Amazona amazonica,Aves,6.61131,,,,,606575.787712106
5650,GCA_032353435.1,GCA_031763605.1,Amazona farinosa,Amazona rhodocorytha,Aves,5.62935,,,,,2432.07930829771
5651,GCA_032353435.1,GCA_034782995.1,Amazona farinosa,Amazona versicolor,Aves,5.96881,,,,,0.0
5652,GCA_032353435.1,GCA_032468075.1,Amazona farinosa,Amazona amazonica,Aves,6.1164,,,,,5042596.84175795
5657,GCF_047663525.1,GCF_963932015.1,Anas platyrhynchos,Anas acuta,Aves,7.37,,,,,21916127.4026597
5658,GCF_047663525.1,GCA_036873605.1,Anas platyrhynchos,Anas crecca,Aves,7.37,,,,,16050048.3968001
5659,GCF_047663525.1,GCA_002224875.1,Anas platyrhynchos,Anas zonorhyncha,Aves,6.858,,,,,3613525.43958295
5660,GCF_047663525.1,GCA_032275265.1,Anas platyrhynchos,Anas georgica,Aves,7.37,,,,,0.0
5661,GCF_047663525.1,GCA_040966495.1,Anas platyrhynchos,Anas poecilorhyncha,Aves,6.858,,,,,214.607383772751
5662,GCF_047663525.1,GCA_032165215.1,Anas platyrhynchos,Anas bernieri,Aves,7.37,,,,,0.0
5663,GCF_047663525.1,GCA_038406055.1,Anas platyrhynchos,Anas flavirostris,Aves,7.37,,,,,0.0
5664,GCF_047663525.1,GCA_032357685.1,Anas platyrhynchos,Anas capensis,Aves,7.37,,,,,0.0
5665,GCF_047663525.1,GCA_038381715.1,Anas platyrhynchos,Anas bahamensis,Aves,7.37,,,,,0.0
5666,GCF_047663525.1,GCA_038406475.1,Anas platyrhynchos,Anas carolinensis,Aves,7.37,,,,,9884239.40203137
5667,GCF_047663525.1,GCA_038406075.1,Anas platyrhynchos,Anas aucklandica,Aves,7.37,,,,,0.0
5668,GCF_963932015.1,GCA_036873605.1,Anas acuta,Anas crecca,Aves,5.13895,,,,,17696745.65557
5669,GCF_963932015.1,GCA_002224875.1,Anas acuta,Anas zonorhyncha,Aves,6.858,,,,,1340207.26865239
5670,GCF_963932015.1,GCA_032275265.1,Anas acuta,Anas georgica,Aves,1.955,,,,,0.0
5671,GCF_963932015.1,GCA_040966495.1,Anas acuta,Anas poecilorhyncha,Aves,6.858,,,,,0.0
5672,GCF_963932015.1,GCA_032165215.1,Anas acuta,Anas bernieri,Aves,5.13895,,,,,0.0
5673,GCF_963932015.1,GCA_038406055.1,Anas acuta,Anas flavirostris,Aves,5.13895,,,,,0.0
5674,GCF_963932015.1,GCA_032357685.1,Anas acuta,Anas capensis,Aves,5.156875,,,,,0.0
5675,GCF_963932015.1,GCA_038381715.1,Anas acuta,Anas bahamensis,Aves,2.7275,,,,,0.0
5676,GCF_963932015.1,GCA_038406475.1,Anas acuta,Anas carolinensis,Aves,5.13895,,,,,8049558.39482967
5677,GCF_963932015.1,GCA_038406075.1,Anas acuta,Anas aucklandica,Aves,5.13895,,,,,0.0
5678,GCA_036873605.1,GCA_002224875.1,Anas crecca,Anas zonorhyncha,Aves,6.858,,,,,1585126.86534478
5679,GCA_036873605.1,GCA_032275265.1,Anas crecca,Anas georgica,Aves,5.13895,,,,,0.0
5680,GCA_036873605.1,GCA_040966495.1,Anas crecca,Anas poecilorhyncha,Aves,6.858,,,,,0.0
5681,GCA_036873605.1,GCA_032165215.1,Anas crecca,Anas bernieri,Aves,5.868165,,,,,0.0
5682,GCA_036873605.1,GCA_038406055.1,Anas crecca,Anas flavirostris,Aves,4.71,,,,,0.0
5683,GCA_036873605.1,GCA_032357685.1,Anas crecca,Anas capensis,Aves,5.13895,,,,,0.0
5684,GCA_036873605.1,GCA_038381715.1,Anas crecca,Anas bahamensis,Aves,5.13895,,,,,0.0
5685,GCA_036873605.1,GCA_038406475.1,Anas crecca,Anas carolinensis,Aves,4.71,,,,,0.0
5686,GCA_036873605.1,GCA_038406075.1,Anas crecca,Anas aucklandica,Aves,5.868165,,,,,0.0
5687,GCA_002224875.1,GCA_032275265.1,Anas zonorhyncha,Anas georgica,Aves,6.858,,,,,0.0
5688,GCA_002224875.1,GCA_040966495.1,Anas zonorhyncha,Anas poecilorhyncha,Aves,0.45,,,,,589189.040891545
5689,GCA_002224875.1,GCA_032165215.1,Anas zonorhyncha,Anas bernieri,Aves,6.858,,,,,0.0
5690,GCA_002224875.1,GCA_038406055.1,Anas zonorhyncha,Anas flavirostris,Aves,6.858,,,,,0.0
5691,GCA_002224875.1,GCA_032357685.1,Anas zonorhyncha,Anas capensis,Aves,6.858,,,,,0.0
5692,GCA_002224875.1,GCA_038381715.1,Anas zonorhyncha,Anas bahamensis,Aves,6.858,,,,,0.0
5693,GCA_002224875.1,GCA_038406475.1,Anas zonorhyncha,Anas carolinensis,Aves,6.858,,,,,0.0
5694,GCA_002224875.1,GCA_038406075.1,Anas zonorhyncha,Anas aucklandica,Aves,6.858,,,,,0.0
5695,GCA_032275265.1,GCA_040966495.1,Anas georgica,Anas poecilorhyncha,Aves,6.858,,,,,0.0
5696,GCA_032275265.1,GCA_032165215.1,Anas georgica,Anas bernieri,Aves,5.13895,,,,,0.0
5697,GCA_032275265.1,GCA_038406055.1,Anas georgica,Anas flavirostris,Aves,5.13895,,,,,3660223.13701881
5698,GCA_032275265.1,GCA_032357685.1,Anas georgica,Anas capensis,Aves,5.156875,,,,,0.0
5699,GCA_032275265.1,GCA_038381715.1,Anas georgica,Anas bahamensis,Aves,2.7275,,,,,1415954.73841682
5700,GCA_032275265.1,GCA_038406475.1,Anas georgica,Anas carolinensis,Aves,5.13895,,,,,0.0
5701,GCA_032275265.1,GCA_038406075.1,Anas georgica,Anas aucklandica,Aves,5.13895,,,,,0.0
5702,GCA_040966495.1,GCA_032165215.1,Anas poecilorhyncha,Anas bernieri,Aves,6.858,,,,,0.0
5703,GCA_040966495.1,GCA_038406055.1,Anas poecilorhyncha,Anas flavirostris,Aves,6.858,,,,,0.0
5704,GCA_040966495.1,GCA_032357685.1,Anas poecilorhyncha,Anas capensis,Aves,6.858,,,,,0.0
5705,GCA_040966495.1,GCA_038381715.1,Anas poecilorhyncha,Anas bahamensis,Aves,6.858,,,,,0.0
5706,GCA_040966495.1,GCA_038406475.1,Anas poecilorhyncha,Anas carolinensis,Aves,6.858,,,,,0.0
5707,GCA_040966495.1,GCA_038406075.1,Anas poecilorhyncha,Anas aucklandica,Aves,6.858,,,,,0.0
5708,GCA_032165215.1,GCA_038406055.1,Anas bernieri,Anas flavirostris,Aves,5.868165,,,,,0.0
5713,GCA_038406055.1,GCA_032357685.1,Anas flavirostris,Anas capensis,Aves,5.13895,,,,,0.0
5714,GCA_038406055.1,GCA_038381715.1,Anas flavirostris,Anas bahamensis,Aves,5.13895,,,,,1246766.15549114
5715,GCA_038406055.1,GCA_038406475.1,Anas flavirostris,Anas carolinensis,Aves,2.92,,,,,0.0
5716,GCA_038406055.1,GCA_038406075.1,Anas flavirostris,Anas aucklandica,Aves,5.868165,,,,,0.0
5718,GCA_032357685.1,GCA_038406475.1,Anas capensis,Anas carolinensis,Aves,5.13895,,,,,0.0
5720,GCA_038381715.1,GCA_038406475.1,Anas bahamensis,Anas carolinensis,Aves,5.13895,,,,,0.0
5722,GCA_038406475.1,GCA_038406075.1,Anas carolinensis,Anas aucklandica,Aves,5.868165,,,,,0.0
5724,GCF_040182565.1,GCA_964034855.1,Anser cygnoides,Anser brachyrhynchus,Aves,0.68438,,,,,
5726,GCA_965277985.1,GCA_964034855.1,Anser erythropus,Anser brachyrhynchus,Aves,0.68438,,,,,0.0
5727,GCA_965250395.1,GCA_964034855.1,Anser fabalis,Anser brachyrhynchus,Aves,0.68438,,,,,0.0
5741,GCF_036417845.1,GCF_003343035.1,Apteryx mantelli,Apteryx rowi,Aves,3.8,,,,,0.0
5742,GCA_003342985.1,GCA_003342965.1,Apteryx haastii,Apteryx owenii,Aves,4.1,,,,,0.0
5743,GCA_003342985.1,GCF_003343035.1,Apteryx haastii,Apteryx rowi,Aves,13.43223,,,,,0.0
5744,GCA_003342965.1,GCF_003343035.1,Apteryx owenii,Apteryx rowi,Aves,13.43223,,,,,0.0
5750,GCA_028858755.1,GCA_917880015.2,Ara ararauna,Ara rubrogenys,Aves,6.8286,,,,,44.8871981196657
5754,GCA_028858755.1,GCA_024733695.1,Ara ararauna,Ara severus,Aves,6.8286,,,,,4633271.17782171
5756,GCA_026283635.1,GCA_917880015.2,Ara macao,Ara rubrogenys,Aves,7.1524,,,,,601.173646375045
5759,GCA_026283635.1,GCA_026284625.1,Ara macao,Ara ambiguus,Aves,3.61441,4.21e-07,2.53e-07,2.39e-07,4.21e-07,16826.4769293421
5760,GCA_026283635.1,GCA_024733695.1,Ara macao,Ara severus,Aves,7.1524,,,,,4762018.02067591
5761,GCA_013433245.1,GCA_917880015.2,Ara glaucogularis,Ara rubrogenys,Aves,6.8286,,,,,0.0
5765,GCA_013433245.1,GCA_024733695.1,Ara glaucogularis,Ara severus,Aves,6.8286,,,,,30260.1510253051
5766,GCA_917880015.2,GCA_010015965.3,Ara rubrogenys,Ara militaris,Aves,7.1524,,,,,170.716722246653
5767,GCA_917880015.2,GCA_010014725.2,Ara rubrogenys,Ara chloropterus,Aves,7.1524,,,,,0.0
5768,GCA_917880015.2,GCA_026284625.1,Ara rubrogenys,Ara ambiguus,Aves,7.1524,,,,,0.0
5769,GCA_917880015.2,GCA_024733695.1,Ara rubrogenys,Ara severus,Aves,5.63338,,,,,0.0
5772,GCA_010015965.3,GCA_024733695.1,Ara militaris,Ara severus,Aves,7.1524,,,,,153748.474934024
5774,GCA_010014725.2,GCA_024733695.1,Ara chloropterus,Ara severus,Aves,7.1524,,,,,4952315.00490918
5775,GCA_026284625.1,GCA_024733695.1,Ara ambiguus,Ara severus,Aves,7.1524,,,,,57332.1682121031
5778,GCA_902168055.1,GCA_026284485.1,Aratinga solstitialis,Aratinga jandaya,Aves,1.29056,,,,,0.0
5780,GCA_902168055.1,GCA_026284685.1,Aratinga solstitialis,Aratinga auricapillus,Aves,1.29056,,,,,0.0
5782,GCA_026284665.2,GCA_026284485.1,Aratinga nenday,Aratinga jandaya,Aves,3.68591,,,,,0.0
5784,GCA_026284665.2,GCA_026284685.1,Aratinga nenday,Aratinga auricapillus,Aves,3.68591,,,,,0.0
5788,GCA_026284485.1,GCA_009867205.2,Aratinga jandaya,Aratinga weddellii,Aves,8.75087,,,,,0.0
5789,GCA_026284485.1,GCA_026284685.1,Aratinga jandaya,Aratinga auricapillus,Aves,0.87511,,,,,0.0
5790,GCA_009867205.2,GCA_026284685.1,Aratinga weddellii,Aratinga auricapillus,Aves,8.75087,,,,,0.0
5794,GCA_029042245.1,GCA_049176275.1,Aythya marila,Aythya americana,Aves,3.18423,,,,,558846.591923093
5822,GCA_964188355.1,GCA_027564535.1,Buteo buteo,Buteo regalis,Aves,1.639375,,,,,0.0
5824,GCA_964188355.1,GCA_026930665.1,Buteo buteo,Buteo albigula,Aves,3.1,,,,,0.0
5827,GCA_964188355.1,GCA_025310135.1,Buteo buteo,Buteo platypterus,Aves,4.55,,,,,0.0
5830,GCA_027564535.1,GCA_045784765.1,Buteo regalis,Buteo rufinus,Aves,1.639375,,,,,0.0
5831,GCA_027564535.1,GCA_026930665.1,Buteo regalis,Buteo albigula,Aves,3.1,,,,,0.0
5832,GCA_027564535.1,GCA_025727815.1,Buteo regalis,Buteo lagopus,Aves,0.93,,,,,0.0
5833,GCA_027564535.1,GCA_025435075.1,Buteo regalis,Buteo lineatus,Aves,4.88,,,,,0.0
5834,GCA_027564535.1,GCA_025310135.1,Buteo regalis,Buteo platypterus,Aves,4.55,,,,,195149.082309686
5835,GCA_027564535.1,GCA_034782635.1,Buteo regalis,Buteo brachyurus,Aves,3.1,,,,,0.0
5836,GCA_027564535.1,GCA_027564555.1,Buteo regalis,Buteo swainsoni,Aves,3.1,,,,,2538779.89438717
5837,GCA_045784765.1,GCA_026930665.1,Buteo rufinus,Buteo albigula,Aves,3.1,,,,,0.0
5840,GCA_045784765.1,GCA_025310135.1,Buteo rufinus,Buteo platypterus,Aves,4.55,,,,,0.0
5843,GCA_026930665.1,GCA_025727815.1,Buteo albigula,Buteo lagopus,Aves,3.1,,,,,0.0
5844,GCA_026930665.1,GCA_025310515.1,Buteo albigula,Buteo albonotatus,Aves,3.1,,,,,40731.0307008153
5845,GCA_026930665.1,GCA_025435075.1,Buteo albigula,Buteo lineatus,Aves,4.88,,,,,0.0
5846,GCA_026930665.1,GCA_025310135.1,Buteo albigula,Buteo platypterus,Aves,4.55,,,,,0.0
5848,GCA_026930665.1,GCA_034782635.1,Buteo albigula,Buteo brachyurus,Aves,1.27,,,,,266884.413895809
5849,GCA_026930665.1,GCA_027564555.1,Buteo albigula,Buteo swainsoni,Aves,1.27,,,,,0.0
5851,GCA_025727815.1,GCA_025310135.1,Buteo lagopus,Buteo platypterus,Aves,4.55,,,,,0.0
5855,GCA_025310515.1,GCA_025310135.1,Buteo albonotatus,Buteo platypterus,Aves,4.55,,,,,0.0
5858,GCA_025435075.1,GCA_025310135.1,Buteo lineatus,Buteo platypterus,Aves,4.88,,,,,2951207.05527674
5862,GCA_025310135.1,GCA_026937345.1,Buteo platypterus,Buteo jamaicensis,Aves,4.55,,,,,4852613.70366531
5863,GCA_025310135.1,GCA_034782635.1,Buteo platypterus,Buteo brachyurus,Aves,4.55,,,,,5545.69664095626
5864,GCA_025310135.1,GCA_027564555.1,Buteo platypterus,Buteo swainsoni,Aves,4.55,,,,,433745.267595603
5869,GCA_025448035.1,GCA_031762475.1,Cacatua moluccensis,Cacatua sulphurea,Aves,9.37409,,,,,
5870,GCA_025448035.1,GCA_035583095.1,Cacatua moluccensis,Cacatua galerita,Aves,9.37409,,,,,0.0
5871,GCA_025448035.1,GCA_024361745.1,Cacatua moluccensis,Cacatua alba,Aves,9.37409,,,,,0.0
5872,GCA_025448035.1,GCA_025448155.1,Cacatua moluccensis,Cacatua ducorpsii,Aves,9.77461,,,,,0.0
5873,GCA_025448035.1,GCA_030265285.1,Cacatua moluccensis,Cacatua sanguinea,Aves,9.77461,,,,,0.0
5874,GCA_025448035.1,GCA_046039615.1,Cacatua moluccensis,Cacatua haematuropygia,Aves,9.77461,,,,,0.0
5875,GCA_025448035.1,GCA_032274605.1,Cacatua moluccensis,Cacatua ophthalmica,Aves,9.77461,,,,,0.0
5876,GCA_031762475.1,GCA_035583095.1,Cacatua sulphurea,Cacatua galerita,Aves,2.150115,,,,,
5877,GCA_031762475.1,GCA_024361745.1,Cacatua sulphurea,Cacatua alba,Aves,5.15556,,,,,
5879,GCA_031762475.1,GCA_030265285.1,Cacatua sulphurea,Cacatua sanguinea,Aves,9.37409,,,,,
5880,GCA_031762475.1,GCA_046039615.1,Cacatua sulphurea,Cacatua haematuropygia,Aves,9.37409,,,,,
5881,GCA_031762475.1,GCA_032274605.1,Cacatua sulphurea,Cacatua ophthalmica,Aves,9.37409,,,,,
5882,GCA_035583095.1,GCA_024361745.1,Cacatua galerita,Cacatua alba,Aves,5.15556,,,,,0.0
5883,GCA_035583095.1,GCA_025448155.1,Cacatua galerita,Cacatua ducorpsii,Aves,9.37409,,,,,0.0
5884,GCA_035583095.1,GCA_030265285.1,Cacatua galerita,Cacatua sanguinea,Aves,9.37409,,,,,2767277.13236416
5885,GCA_035583095.1,GCA_046039615.1,Cacatua galerita,Cacatua haematuropygia,Aves,9.37409,,,,,0.0
5886,GCA_035583095.1,GCA_032274605.1,Cacatua galerita,Cacatua ophthalmica,Aves,9.37409,,,,,34483.2958997469
5887,GCA_024361745.1,GCA_025448155.1,Cacatua alba,Cacatua ducorpsii,Aves,9.37409,,,,,0.0
5888,GCA_024361745.1,GCA_030265285.1,Cacatua alba,Cacatua sanguinea,Aves,9.37409,,,,,0.0
5889,GCA_024361745.1,GCA_046039615.1,Cacatua alba,Cacatua haematuropygia,Aves,9.37409,,,,,0.0
5890,GCA_024361745.1,GCA_032274605.1,Cacatua alba,Cacatua ophthalmica,Aves,9.37409,,,,,0.0
5891,GCA_025448155.1,GCA_030265285.1,Cacatua ducorpsii,Cacatua sanguinea,Aves,2.29894,,,,,0.0
5892,GCA_025448155.1,GCA_046039615.1,Cacatua ducorpsii,Cacatua haematuropygia,Aves,5.51382,,,,,0.0
5893,GCA_025448155.1,GCA_032274605.1,Cacatua ducorpsii,Cacatua ophthalmica,Aves,7.12647,,,,,0.0
5895,GCA_030265285.1,GCA_032274605.1,Cacatua sanguinea,Cacatua ophthalmica,Aves,7.12647,,,,,0.0
5896,GCA_046039615.1,GCA_032274605.1,Cacatua haematuropygia,Cacatua ophthalmica,Aves,7.12647,,,,,0.0
5973,GCA_026937365.1,GCA_045784585.1,Circus cinereus,Circus aeruginosus,Aves,6.6,,,,,0.0
5974,GCA_026937365.1,GCA_045785005.1,Circus cinereus,Circus cyaneus,Aves,1.3,,,,,0.0
5975,GCA_026937365.1,GCA_045784685.1,Circus cinereus,Circus pygargus,Aves,6.6,,,,,0.0
5976,GCA_026937365.1,GCA_027580095.1,Circus cinereus,Circus hudsonius,Aves,0.9,,,,,0.0
5977,GCA_026937365.1,GCA_026770195.1,Circus cinereus,Circus approximans,Aves,6.6,,,,,0.0
5978,GCA_026937365.1,GCA_025727875.1,Circus cinereus,Circus maillardi,Aves,6.6,,,,,0.0
5979,GCA_026937365.1,GCA_032274325.1,Circus cinereus,Circus macrosceles,Aves,6.6,,,,,0.0
5980,GCA_045784585.1,GCA_045785005.1,Circus aeruginosus,Circus cyaneus,Aves,6.6,,,,,6119093.31806376
5981,GCA_045784585.1,GCA_045784685.1,Circus aeruginosus,Circus pygargus,Aves,4.5,,,,,6017936.99606294
5982,GCA_045784585.1,GCA_045784405.1,Circus aeruginosus,Circus macrourus,Aves,6.6,,,,,6060759.97441478
5983,GCA_045784585.1,GCA_027580095.1,Circus aeruginosus,Circus hudsonius,Aves,6.6,,,,,0.0
5985,GCA_045784585.1,GCA_025727875.1,Circus aeruginosus,Circus maillardi,Aves,1.2,,,,,0.0
5986,GCA_045784585.1,GCA_032274325.1,Circus aeruginosus,Circus macrosceles,Aves,1.2,,,,,0.0
5987,GCA_045785005.1,GCA_045784685.1,Circus cyaneus,Circus pygargus,Aves,6.6,,,,,3146801.48780213
5989,GCA_045785005.1,GCA_026770195.1,Circus cyaneus,Circus approximans,Aves,6.6,,,,,0.0
5990,GCA_045785005.1,GCA_025727875.1,Circus cyaneus,Circus maillardi,Aves,6.6,,,,,0.0
5991,GCA_045785005.1,GCA_032274325.1,Circus cyaneus,Circus macrosceles,Aves,6.6,,,,,0.0
5992,GCA_045784685.1,GCA_045784405.1,Circus pygargus,Circus macrourus,Aves,6.6,,,,,4135031.49592443
5993,GCA_045784685.1,GCA_027580095.1,Circus pygargus,Circus hudsonius,Aves,6.6,,,,,0.0
5994,GCA_045784685.1,GCA_026770195.1,Circus pygargus,Circus approximans,Aves,4.5,,,,,0.0
5995,GCA_045784685.1,GCA_025727875.1,Circus pygargus,Circus maillardi,Aves,4.5,,,,,0.0
5996,GCA_045784685.1,GCA_032274325.1,Circus pygargus,Circus macrosceles,Aves,4.5,,,,,0.0
5997,GCA_045784405.1,GCA_026770195.1,Circus macrourus,Circus approximans,Aves,6.6,,,,,0.0
5998,GCA_045784405.1,GCA_025727875.1,Circus macrourus,Circus maillardi,Aves,6.6,,,,,0.0
5999,GCA_045784405.1,GCA_032274325.1,Circus macrourus,Circus macrosceles,Aves,6.6,,,,,0.0
6000,GCA_027580095.1,GCA_026770195.1,Circus hudsonius,Circus approximans,Aves,6.6,,,,,0.0
6001,GCA_027580095.1,GCA_025727875.1,Circus hudsonius,Circus maillardi,Aves,6.6,,,,,0.0
6003,GCA_026770195.1,GCA_025727875.1,Circus approximans,Circus maillardi,Aves,0.3,,,,,0.0
6004,GCA_025727875.1,GCA_032274325.1,Circus maillardi,Circus macrosceles,Aves,0.3,,,,,0.0
6009,GCF_020740725.1,GCF_009650955.1,Corvus hawaiiensis,Corvus moneduloides,Aves,28.932735,,,,,
6014,GCF_009650955.1,GCF_017639235.1,Corvus moneduloides,Corvus kubaryi,Aves,6.31563,,,,,0.0
6015,GCF_009650955.1,GCA_014363025.1,Corvus moneduloides,Corvus macrorhynchos,Aves,6.31563,,,,,0.0
6016,GCF_009650955.1,GCF_000691975.1,Corvus moneduloides,Corvus brachyrhynchos,Aves,6.32384,,,,,0.0
6017,GCF_009650955.1,GCA_045782155.1,Corvus moneduloides,Corvus corax,Aves,7.51917,,,,,0.0
6028,GCF_001577835.2,GCA_045783665.1,Coturnix japonica,Coturnix coturnix,Aves,3.32354,,,,,172730.348299074
6035,GCF_009769625.2,GCA_965151615.1,Cygnus olor,Cygnus columbianus,Aves,14.72,,,,,0.0
6037,GCA_965151615.1,GCF_013377495.2,Cygnus columbianus,Cygnus atratus,Aves,14.72,,,,,0.0
6044,GCA_024865655.1,GCA_045838465.1,Emberiza elegans,Emberiza hortulana,Aves,22.72043125,,,,,0.0
6045,GCA_013398835.1,GCA_045783115.1,Emberiza fucata,Emberiza calandra,Aves,5.69759,,,,,0.0
6046,GCA_013398835.1,GCA_045838465.1,Emberiza fucata,Emberiza hortulana,Aves,22.72043125,,,,,0.0
6047,GCA_045783115.1,GCA_045838465.1,Emberiza calandra,Emberiza hortulana,Aves,22.72043125,,,,,3753454.65966611
6051,GCA_026284865.1,GCA_046245015.1,Eos histrio,Eos cyanogenia,Aves,1.46102,,,,,0.0
6054,GCA_010085365.1,GCA_010078445.1,Eudyptes filholi,Eudyptes sclateri,Aves,1.8,,,,,
6055,GCA_010085365.1,GCA_010080425.1,Eudyptes filholi,Eudyptes schlegeli,Aves,1.8,,,,,
6056,GCA_010085365.1,GCA_010085315.1,Eudyptes filholi,Eudyptes robustus,Aves,1.8,,,,,
6057,GCA_010085365.1,GCA_010085335.1,Eudyptes filholi,Eudyptes pachyrhynchus,Aves,1.8,,,,,
6058,GCA_010085315.1,GCA_010085335.1,Eudyptes robustus,Eudyptes pachyrhynchus,Aves,1.8,,,,,0.0
6076,GCF_023634155.1,GCA_024432695.1,Falco peregrinus,Falco pelegrinoides,Aves,0.46,,,,,
6079,GCF_023634155.1,GCA_027122295.1,Falco peregrinus,Falco rufigularis,Aves,6.28968,,,,,103823.59945258
6091,GCF_023634155.1,GCA_035590425.1,Falco peregrinus,Falco rupicolus,Aves,6.82,,,,,
6101,GCF_023634085.1,GCA_024432695.1,Falco cherrug,Falco pelegrinoides,Aves,2.1394,,,,,
6104,GCF_023634085.1,GCA_027122295.1,Falco cherrug,Falco rufigularis,Aves,6.28968,,,,,0.0
6116,GCF_023634085.1,GCA_035590425.1,Falco cherrug,Falco rupicolus,Aves,6.82,,,,,
6125,GCF_015220075.1,GCA_024432695.1,Falco rusticolus,Falco pelegrinoides,Aves,2.1394,,,,,
6128,GCF_015220075.1,GCA_027122295.1,Falco rusticolus,Falco rufigularis,Aves,6.28968,,,,,0.0
6140,GCF_015220075.1,GCA_035590425.1,Falco rusticolus,Falco rupicolus,Aves,6.82,,,,,
6148,GCF_023638135.1,GCA_024432695.1,Falco biarmicus,Falco pelegrinoides,Aves,2.1394,,,,,
6151,GCF_023638135.1,GCA_027122295.1,Falco biarmicus,Falco rufigularis,Aves,6.28968,,,,,0.0
6163,GCF_023638135.1,GCA_035590425.1,Falco biarmicus,Falco rupicolus,Aves,6.82,,,,,
6170,GCF_017639655.2,GCA_024432695.1,Falco naumanni,Falco pelegrinoides,Aves,6.82,,,,,
6173,GCF_017639655.2,GCA_027122295.1,Falco naumanni,Falco rufigularis,Aves,6.28968,,,,,0.0
6185,GCF_017639655.2,GCA_035590425.1,Falco naumanni,Falco rupicolus,Aves,4.00152,,,,,
6191,GCA_963210335.1,GCA_024432695.1,Falco punctatus,Falco pelegrinoides,Aves,6.82,,,,,
6194,GCA_963210335.1,GCA_027122295.1,Falco punctatus,Falco rufigularis,Aves,6.28968,,,,,0.0
6206,GCA_963210335.1,GCA_035590425.1,Falco punctatus,Falco rupicolus,Aves,1.915,,,,,
6211,GCA_024430995.1,GCA_024432695.1,Falco tinnunculus,Falco pelegrinoides,Aves,6.82,,,,,
6214,GCA_024430995.1,GCA_027122295.1,Falco tinnunculus,Falco rufigularis,Aves,6.28968,,,,,0.0
6230,GCA_034782035.1,GCA_024432695.1,Falco sparverius,Falco pelegrinoides,Aves,9.72,,,,,
6233,GCA_034782035.1,GCA_027122295.1,Falco sparverius,Falco rufigularis,Aves,6.28968,,,,,7478114.39332195
6245,GCA_034782035.1,GCA_035590425.1,Falco sparverius,Falco rupicolus,Aves,6.82,,,,,
6249,GCA_024432695.1,GCA_034782775.1,Falco pelegrinoides,Falco subbuteo,Aves,6.28968,,,,,
6250,GCA_024432695.1,GCA_027122955.1,Falco pelegrinoides,Falco deiroleucus,Aves,6.28968,,,,,
6251,GCA_024432695.1,GCA_027122295.1,Falco pelegrinoides,Falco rufigularis,Aves,6.28968,,,,,
6252,GCA_024432695.1,GCA_027564205.1,Falco pelegrinoides,Falco columbarius,Aves,4.84916,,,,,
6253,GCA_024432695.1,GCA_027564455.1,Falco pelegrinoides,Falco novaeseelandiae,Aves,5.864645,,,,,
6254,GCA_024432695.1,GCA_025727955.1,Falco pelegrinoides,Falco cenchroides,Aves,6.82,,,,,
6255,GCA_024432695.1,GCA_025630005.1,Falco pelegrinoides,Falco fasciinucha,Aves,0.74,,,,,
6256,GCA_024432695.1,GCA_027122915.1,Falco pelegrinoides,Falco femoralis,Aves,5.864645,,,,,
6257,GCA_024432695.1,GCA_027564435.1,Falco pelegrinoides,Falco berigora,Aves,6.106666667,,,,,
6258,GCA_024432695.1,GCA_035590535.1,Falco pelegrinoides,Falco concolor,Aves,6.28968,,,,,
6259,GCA_024432695.1,GCA_034782095.1,Falco pelegrinoides,Falco jugger,Aves,2.1394,,,,,
6260,GCA_024432695.1,GCA_034782235.1,Falco pelegrinoides,Falco dickinsoni,Aves,4.84916,,,,,
6261,GCA_024432695.1,GCA_034781615.1,Falco pelegrinoides,Falco ardosiaceus,Aves,4.84916,,,,,
6262,GCA_024432695.1,GCA_045787805.1,Falco pelegrinoides,Falco eleonorae,Aves,6.28968,,,,,
6263,GCA_024432695.1,GCA_035590425.1,Falco pelegrinoides,Falco rupicolus,Aves,6.82,,,,,
6264,GCA_024432695.1,GCA_032274425.1,Falco pelegrinoides,Falco moluccensis,Aves,6.82,,,,,
6265,GCA_024432695.1,GCA_034781875.1,Falco pelegrinoides,Falco chicquera,Aves,3.59,,,,,
6266,GCA_024432695.1,GCA_034782155.1,Falco pelegrinoides,Falco zoniventris,Aves,6.82,,,,,
6268,GCA_034782775.1,GCA_027122295.1,Falco subbuteo,Falco rufigularis,Aves,3.31,,,,,0.0
6280,GCA_034782775.1,GCA_035590425.1,Falco subbuteo,Falco rupicolus,Aves,6.28968,,,,,
6284,GCA_027122955.1,GCA_027122295.1,Falco deiroleucus,Falco rufigularis,Aves,1.75,,,,,3080358.54008754
6296,GCA_027122955.1,GCA_035590425.1,Falco deiroleucus,Falco rupicolus,Aves,6.28968,,,,,
6300,GCA_027122295.1,GCA_027564205.1,Falco rufigularis,Falco columbarius,Aves,6.28968,,,,,341.701933693862
6301,GCA_027122295.1,GCA_027564455.1,Falco rufigularis,Falco novaeseelandiae,Aves,6.28968,,,,,0.0
6302,GCA_027122295.1,GCA_025727955.1,Falco rufigularis,Falco cenchroides,Aves,6.28968,,,,,0.0
6303,GCA_027122295.1,GCA_025630005.1,Falco rufigularis,Falco fasciinucha,Aves,6.28968,,,,,0.0
6304,GCA_027122295.1,GCA_027122915.1,Falco rufigularis,Falco femoralis,Aves,6.28968,,,,,7243073.42608675
6305,GCA_027122295.1,GCA_027564435.1,Falco rufigularis,Falco berigora,Aves,6.106666667,,,,,0.0
6306,GCA_027122295.1,GCA_035590535.1,Falco rufigularis,Falco concolor,Aves,3.31,,,,,0.0
6307,GCA_027122295.1,GCA_034782095.1,Falco rufigularis,Falco jugger,Aves,6.28968,,,,,0.0
6308,GCA_027122295.1,GCA_034782235.1,Falco rufigularis,Falco dickinsoni,Aves,6.28968,,,,,0.0
6309,GCA_027122295.1,GCA_034781615.1,Falco rufigularis,Falco ardosiaceus,Aves,6.28968,,,,,0.0
6310,GCA_027122295.1,GCA_045787805.1,Falco rufigularis,Falco eleonorae,Aves,3.31,,,,,0.0
6311,GCA_027122295.1,GCA_035590425.1,Falco rufigularis,Falco rupicolus,Aves,6.28968,,,,,
6312,GCA_027122295.1,GCA_032274425.1,Falco rufigularis,Falco moluccensis,Aves,6.28968,,,,,0.0
6313,GCA_027122295.1,GCA_034781875.1,Falco rufigularis,Falco chicquera,Aves,6.28968,,,,,0.0
6314,GCA_027122295.1,GCA_034782155.1,Falco rufigularis,Falco zoniventris,Aves,6.28968,,,,,0.0
6325,GCA_027564205.1,GCA_035590425.1,Falco columbarius,Falco rupicolus,Aves,6.82,,,,,
6338,GCA_027564455.1,GCA_035590425.1,Falco novaeseelandiae,Falco rupicolus,Aves,6.82,,,,,
6350,GCA_025727955.1,GCA_035590425.1,Falco cenchroides,Falco rupicolus,Aves,1.66,,,,,
6361,GCA_025630005.1,GCA_035590425.1,Falco fasciinucha,Falco rupicolus,Aves,6.82,,,,,
6371,GCA_027122915.1,GCA_035590425.1,Falco femoralis,Falco rupicolus,Aves,6.82,,,,,
6380,GCA_027564435.1,GCA_035590425.1,Falco berigora,Falco rupicolus,Aves,6.106666667,,,,,
6388,GCA_035590535.1,GCA_035590425.1,Falco concolor,Falco rupicolus,Aves,6.28968,,,,,
6395,GCA_034782095.1,GCA_035590425.1,Falco jugger,Falco rupicolus,Aves,6.82,,,,,
6401,GCA_034782235.1,GCA_035590425.1,Falco dickinsoni,Falco rupicolus,Aves,6.82,,,,,
6406,GCA_034781615.1,GCA_035590425.1,Falco ardosiaceus,Falco rupicolus,Aves,6.82,,,,,
6410,GCA_045787805.1,GCA_035590425.1,Falco eleonorae,Falco rupicolus,Aves,6.28968,,,,,
6414,GCA_035590425.1,GCA_032274425.1,Falco rupicolus,Falco moluccensis,Aves,1.66,,,,,
6415,GCA_035590425.1,GCA_034781875.1,Falco rupicolus,Falco chicquera,Aves,6.82,,,,,
6416,GCA_035590425.1,GCA_034782155.1,Falco rupicolus,Falco zoniventris,Aves,5.44,,,,,
6472,GCA_027560215.1,GCA_027560335.1,Halcyon smyrnensis,Halcyon badia,Aves,7.49973,,,,,0.0
6474,GCA_027560215.1,GCA_027560235.1,Halcyon smyrnensis,Halcyon leucocephala,Aves,3.62451,,,,,0.0
6476,GCA_027560335.1,GCA_024499975.1,Halcyon badia,Halcyon malimbica,Aves,6.03468,,,,,2591120.98134373
6477,GCA_027560335.1,GCA_027560235.1,Halcyon badia,Halcyon leucocephala,Aves,7.49973,,,,,2928679.27483711
6478,GCA_027560335.1,GCA_013397595.1,Halcyon badia,Halcyon senegalensis,Aves,6.03468,,,,,3190002.49491988
6479,GCA_024499975.1,GCA_027560235.1,Halcyon malimbica,Halcyon leucocephala,Aves,7.49973,,,,,4508477.64200887
6481,GCA_027560235.1,GCA_013397595.1,Halcyon leucocephala,Halcyon senegalensis,Aves,7.49973,,,,,13343286.7410256
6485,GCF_023343835.1,GCF_019238085.1,Lagopus muta,Lagopus leucura,Aves,6.62685,,,,,718246.207211009
6512,GCA_035046945.1,GCA_034779935.1,Loxia leucoptera,Loxia pytyopsittacus,Aves,1.922505,,,,,1490011.39341101
6515,GCA_034336665.1,GCA_045788495.1,Luscinia megarhynchos,Luscinia svecica,Aves,11.914015,,,,,1740345.47002196
6527,GCA_035583915.1,GCA_034783215.1,Mareca strepera,Mareca sibilatrix,Aves,5.45,,,,,0.0
6529,GCA_035583915.1,GCA_035588595.1,Mareca strepera,Mareca americana,Aves,5.45,,,,,2907698.3033122
6530,GCA_035583915.1,GCA_038382085.1,Mareca strepera,Mareca falcata,Aves,1.92,,,,,3321785.83068863
6532,GCA_034783215.1,GCA_035588595.1,Mareca sibilatrix,Mareca americana,Aves,0.82,,,,,0.0
6533,GCA_034783215.1,GCA_038382085.1,Mareca sibilatrix,Mareca falcata,Aves,5.45,,,,,0.0
6534,GCA_036026335.1,GCA_035588595.1,Mareca penelope,Mareca americana,Aves,2.04,,,,,0.0
6536,GCA_035588595.1,GCA_038382085.1,Mareca americana,Mareca falcata,Aves,5.45,,,,,0.0
6543,GCA_040967475.1,GCA_044474985.1,Megascops asio,Megascops trichopsis,Aves,11.42803,,,,,22650.6683303462
6545,GCA_040967475.1,GCA_041108435.1,Megascops asio,Megascops watsonii,Aves,6.15552,,,,,0.0
6546,GCA_044758255.1,GCA_044758235.1,Megascops albogularis,Megascops ingens,Aves,11.42803,,,,,77475.2922408356
6547,GCA_044758255.1,GCA_040967695.1,Megascops albogularis,Megascops choliba,Aves,8.77612,,,,,33428.2573420668
6548,GCA_044758255.1,GCA_044474985.1,Megascops albogularis,Megascops trichopsis,Aves,9.45853,,,,,0.0
6549,GCA_044758255.1,GCA_043110845.1,Megascops albogularis,Megascops kennicottii,Aves,11.42803,,,,,0.0
6550,GCA_044758255.1,GCA_041108435.1,Megascops albogularis,Megascops watsonii,Aves,11.42803,,,,,17393.2413243976
6552,GCA_044758235.1,GCA_044474985.1,Megascops ingens,Megascops trichopsis,Aves,11.42803,,,,,0.0
6554,GCA_044758235.1,GCA_041108435.1,Megascops ingens,Megascops watsonii,Aves,7.15787,,,,,65620.9865185415
6555,GCA_040967695.1,GCA_044474985.1,Megascops choliba,Megascops trichopsis,Aves,9.45853,,,,,0.0
6558,GCA_044474985.1,GCA_043110845.1,Megascops trichopsis,Megascops kennicottii,Aves,11.42803,,,,,278904.844229677
6559,GCA_044474985.1,GCA_041108435.1,Megascops trichopsis,Megascops watsonii,Aves,11.42803,,,,,0.0
6560,GCA_043110845.1,GCA_041108435.1,Megascops kennicottii,Megascops watsonii,Aves,6.15552,,,,,0.0
6579,GCA_041108295.1,GCA_039877515.1,Morus capensis,Morus serrator,Aves,0.5,,,,,0.0
6616,GCA_048593965.1,GCA_001655115.1,Phylloscopus trochiloides,Phylloscopus plumbeitarsus,Aves,1.2,,,,,44612.2348748248
6617,GCA_048593965.1,GCA_027886175.1,Phylloscopus trochiloides,Phylloscopus collybita,Aves,14.02103,,,,,3141178.70831524
6619,GCA_048593965.1,GCA_017589585.1,Phylloscopus trochiloides,Phylloscopus whistleri,Aves,10.138425,,,,,345494.420070499
6620,GCA_048593965.1,GCA_045788025.1,Phylloscopus trochiloides,Phylloscopus schwarzi,Aves,14.02103,,,,,640546.85725457
6621,GCA_001655115.1,GCA_027886175.1,Phylloscopus plumbeitarsus,Phylloscopus collybita,Aves,14.02103,,,,,0.0
6622,GCA_001655115.1,GCA_045786995.1,Phylloscopus plumbeitarsus,Phylloscopus ibericus,Aves,14.02103,,,,,0.0
6623,GCA_001655115.1,GCA_017589585.1,Phylloscopus plumbeitarsus,Phylloscopus whistleri,Aves,10.138425,,,,,0.0
6624,GCA_001655115.1,GCA_045788025.1,Phylloscopus plumbeitarsus,Phylloscopus schwarzi,Aves,14.02103,,,,,2162028.6560197
6626,GCA_027886175.1,GCA_017589585.1,Phylloscopus collybita,Phylloscopus whistleri,Aves,14.02103,,,,,0.0
6628,GCA_045786995.1,GCA_017589585.1,Phylloscopus ibericus,Phylloscopus whistleri,Aves,14.02103,,,,,0.0
6629,GCA_045786995.1,GCA_045788025.1,Phylloscopus ibericus,Phylloscopus schwarzi,Aves,10.96369,,,,,0.0
6630,GCA_017589585.1,GCA_045788025.1,Phylloscopus whistleri,Phylloscopus schwarzi,Aves,14.02103,,,,,0.0
6651,GCA_045784015.1,GCA_045788365.1,Podiceps auritus,Podiceps grisegena,Aves,3.966505,,,,,10957361.9734526
6674,GCA_036583965.1,GCA_045785095.1,Prunella strophiata,Prunella collaris,Aves,9.39255,,,,,1031610.37099513
6675,GCA_013398875.1,GCA_013400715.1,Prunella himalayana,Prunella fulvescens,Aves,9.39255,,,,,1224445.61056552
6676,GCA_013398875.1,GCA_045785095.1,Prunella himalayana,Prunella collaris,Aves,3.04,,,,,1462143.68008739
6730,GCF_000699105.1,GCA_010078415.1,Pygoscelis adeliae,Pygoscelis antarcticus,Aves,13.1,,,,,6048.6252487784
6734,GCA_010014965.2,GCA_026284525.1,Pyrrhura griseipectus,Pyrrhura melanura,Aves,5.08616,,,,,0.0
6737,GCA_010014965.2,GCA_024496005.1,Pyrrhura griseipectus,Pyrrhura hoffmanni,Aves,5.08616,,,,,0.0
6740,GCA_010014965.2,GCA_015163975.2,Pyrrhura griseipectus,Pyrrhura lepida,Aves,5.08616,,,,,0.0
6742,GCA_010014965.2,GCA_038406155.1,Pyrrhura griseipectus,Pyrrhura leucotis,Aves,0.26932,,,,,0.0
6746,GCA_011763455.2,GCA_026284525.1,Pyrrhura perlata,Pyrrhura melanura,Aves,2.36,,,,,0.0
6750,GCA_011763455.2,GCA_015163975.2,Pyrrhura perlata,Pyrrhura lepida,Aves,1.60305,,,,,97378.3494213033
6754,GCA_011763455.2,GCA_038406155.1,Pyrrhura perlata,Pyrrhura leucotis,Aves,5.08616,,,,,0.0
6758,GCA_026284605.1,GCA_026284525.1,Pyrrhura egregia,Pyrrhura melanura,Aves,2.8466,,,,,0.0
6761,GCA_026284605.1,GCA_024496005.1,Pyrrhura egregia,Pyrrhura hoffmanni,Aves,2.8466,,,,,0.0
6765,GCA_026284605.1,GCA_015163975.2,Pyrrhura egregia,Pyrrhura lepida,Aves,2.8466,,,,,0.0
6769,GCA_026284605.1,GCA_038406155.1,Pyrrhura egregia,Pyrrhura leucotis,Aves,5.08616,,,,,0.0
6773,GCA_010014865.2,GCA_026284525.1,Pyrrhura frontalis,Pyrrhura melanura,Aves,2.36,,,,,0.0
6778,GCA_010014865.2,GCA_015163975.2,Pyrrhura frontalis,Pyrrhura lepida,Aves,2.50421,,,,,0.0
6782,GCA_010014865.2,GCA_038406155.1,Pyrrhura frontalis,Pyrrhura leucotis,Aves,5.08616,,,,,212552.525685339
6785,GCA_026284525.1,GCA_011763355.2,Pyrrhura melanura,Pyrrhura molinae,Aves,2.36,,,,,0.0
6787,GCA_026284525.1,GCA_024496005.1,Pyrrhura melanura,Pyrrhura hoffmanni,Aves,2.36,,,,,0.0
6788,GCA_026284525.1,GCA_026284705.1,Pyrrhura melanura,Pyrrhura amazonum,Aves,5.08616,,,,,0.0
6789,GCA_026284525.1,GCA_026284585.2,Pyrrhura melanura,Pyrrhura albipectus,Aves,0.11098,,,,,1854.87613478193
6790,GCA_026284525.1,GCA_016545565.2,Pyrrhura melanura,Pyrrhura cruentata,Aves,5.08616,,,,,0.0
6791,GCA_026284525.1,GCA_015163975.2,Pyrrhura melanura,Pyrrhura lepida,Aves,2.36,,,,,0.0
6792,GCA_026284525.1,GCA_026284545.1,Pyrrhura melanura,Pyrrhura picta,Aves,5.08616,,,,,207111.399887837
6793,GCA_026284525.1,GCA_024363065.2,Pyrrhura melanura,Pyrrhura roseifrons,Aves,5.08616,,,,,138482.309060411
6794,GCA_026284525.1,GCA_030265185.1,Pyrrhura melanura,Pyrrhura eisenmanni,Aves,5.08616,,,,,0.0
6795,GCA_026284525.1,GCA_038406155.1,Pyrrhura melanura,Pyrrhura leucotis,Aves,5.08616,,,,,0.0
6796,GCA_026284525.1,GCA_030265165.1,Pyrrhura melanura,Pyrrhura pfrimeri,Aves,5.08616,,,,,0.0
6797,GCA_026284525.1,GCA_030322885.1,Pyrrhura melanura,Pyrrhura emma,Aves,5.08616,,,,,0.0
6798,GCA_026284525.1,GCA_032356925.1,Pyrrhura melanura,Pyrrhura rhodocephala,Aves,2.36,,,,,0.0
6805,GCA_011763355.2,GCA_038406155.1,Pyrrhura molinae,Pyrrhura leucotis,Aves,5.08616,,,,,0.0
6814,GCA_026284565.1,GCA_038406155.1,Pyrrhura orcesi,Pyrrhura leucotis,Aves,5.08616,,,,,0.0
6817,GCA_024496005.1,GCA_026284705.1,Pyrrhura hoffmanni,Pyrrhura amazonum,Aves,5.08616,,,,,0.0
6818,GCA_024496005.1,GCA_026284585.2,Pyrrhura hoffmanni,Pyrrhura albipectus,Aves,2.36,,,,,0.0
6819,GCA_024496005.1,GCA_016545565.2,Pyrrhura hoffmanni,Pyrrhura cruentata,Aves,5.08616,,,,,0.0
6820,GCA_024496005.1,GCA_026284545.1,Pyrrhura hoffmanni,Pyrrhura picta,Aves,5.08616,,,,,0.0
6821,GCA_024496005.1,GCA_024363065.2,Pyrrhura hoffmanni,Pyrrhura roseifrons,Aves,5.08616,,,,,0.0
6822,GCA_024496005.1,GCA_030265185.1,Pyrrhura hoffmanni,Pyrrhura eisenmanni,Aves,5.08616,,,,,0.0
6823,GCA_024496005.1,GCA_038406155.1,Pyrrhura hoffmanni,Pyrrhura leucotis,Aves,5.08616,,,,,0.0
6824,GCA_024496005.1,GCA_030265165.1,Pyrrhura hoffmanni,Pyrrhura pfrimeri,Aves,5.08616,,,,,0.0
6825,GCA_024496005.1,GCA_030322885.1,Pyrrhura hoffmanni,Pyrrhura emma,Aves,5.08616,,,,,0.0
6827,GCA_026284705.1,GCA_015163975.2,Pyrrhura amazonum,Pyrrhura lepida,Aves,5.08616,,,,,352520.652270444
6829,GCA_026284705.1,GCA_038406155.1,Pyrrhura amazonum,Pyrrhura leucotis,Aves,0.92338,,,,,0.0
6832,GCA_026284585.2,GCA_015163975.2,Pyrrhura albipectus,Pyrrhura lepida,Aves,2.36,,,,,0.0
6836,GCA_026284585.2,GCA_038406155.1,Pyrrhura albipectus,Pyrrhura leucotis,Aves,5.08616,,,,,0.0
6840,GCA_016545565.2,GCA_015163975.2,Pyrrhura cruentata,Pyrrhura lepida,Aves,5.08616,,,,,0.0
6842,GCA_015163975.2,GCA_026284545.1,Pyrrhura lepida,Pyrrhura picta,Aves,5.08616,,,,,0.0
6843,GCA_015163975.2,GCA_024363065.2,Pyrrhura lepida,Pyrrhura roseifrons,Aves,5.08616,,,,,0.0
6844,GCA_015163975.2,GCA_030265185.1,Pyrrhura lepida,Pyrrhura eisenmanni,Aves,5.08616,,,,,0.0
6845,GCA_015163975.2,GCA_038406155.1,Pyrrhura lepida,Pyrrhura leucotis,Aves,5.08616,,,,,0.0
6846,GCA_015163975.2,GCA_030265165.1,Pyrrhura lepida,Pyrrhura pfrimeri,Aves,5.08616,,,,,0.0
6847,GCA_015163975.2,GCA_030322885.1,Pyrrhura lepida,Pyrrhura emma,Aves,5.08616,,,,,0.0
6851,GCA_024363065.2,GCA_038406155.1,Pyrrhura roseifrons,Pyrrhura leucotis,Aves,1.59,,,,,0.0
6856,GCA_038406155.1,GCA_032356925.1,Pyrrhura leucotis,Pyrrhura rhodocephala,Aves,5.08616,,,,,0.0
6863,GCA_013399055.1,GCA_040967055.1,Ramphastos sulfuratus,Ramphastos swainsonii,Aves,3.7125,,,,,
6864,GCA_013399055.1,GCA_040496115.1,Ramphastos sulfuratus,Ramphastos ariel,Aves,3.37,,,,,0.0
6865,GCA_013399055.1,GCA_040966935.1,Ramphastos sulfuratus,Ramphastos cuvieri,Aves,3.7125,,,,,0.0
6866,GCA_013399055.1,GCA_040967015.1,Ramphastos sulfuratus,Ramphastos brevis,Aves,3.37,,,,,5509.48618166455
6867,GCA_013399055.1,GCA_040967075.1,Ramphastos sulfuratus,Ramphastos toco,Aves,4.791,,,,,0.0
6869,GCA_013399055.1,GCA_040967795.1,Ramphastos sulfuratus,Ramphastos vitellinus,Aves,3.37,,,,,0.0
6870,GCA_013399055.1,GCA_040967755.1,Ramphastos sulfuratus,Ramphastos tucanus,Aves,3.7125,,,,,0.0
6871,GCA_013399055.1,GCA_040496095.1,Ramphastos sulfuratus,Ramphastos culminatus,Aves,3.37,,,,,0.0
6872,GCA_013399055.1,GCA_041731455.1,Ramphastos sulfuratus,Ramphastos ambiguus,Aves,3.7125,,,,,197131.939223321
6873,GCA_040967055.1,GCA_040496115.1,Ramphastos swainsonii,Ramphastos ariel,Aves,3.7125,,,,,
6874,GCA_040967055.1,GCA_040966935.1,Ramphastos swainsonii,Ramphastos cuvieri,Aves,2.045,,,,,
6875,GCA_040967055.1,GCA_040967015.1,Ramphastos swainsonii,Ramphastos brevis,Aves,3.7125,,,,,
6876,GCA_040967055.1,GCA_040967075.1,Ramphastos swainsonii,Ramphastos toco,Aves,4.791,,,,,
6877,GCA_040967055.1,GCA_040966975.1,Ramphastos swainsonii,Ramphastos dicolorus,Aves,3.7125,,,,,
6878,GCA_040967055.1,GCA_040967795.1,Ramphastos swainsonii,Ramphastos vitellinus,Aves,3.7125,,,,,
6879,GCA_040967055.1,GCA_040967755.1,Ramphastos swainsonii,Ramphastos tucanus,Aves,2.045,,,,,
6880,GCA_040967055.1,GCA_040496095.1,Ramphastos swainsonii,Ramphastos culminatus,Aves,3.7125,,,,,
6881,GCA_040967055.1,GCA_041731455.1,Ramphastos swainsonii,Ramphastos ambiguus,Aves,0.6,,,,,
6882,GCA_040496115.1,GCA_040966935.1,Ramphastos ariel,Ramphastos cuvieri,Aves,3.7125,,,,,982549.895525048
6883,GCA_040496115.1,GCA_040967015.1,Ramphastos ariel,Ramphastos brevis,Aves,1.39,,,,,0.0
6884,GCA_040496115.1,GCA_040967075.1,Ramphastos ariel,Ramphastos toco,Aves,4.791,,,,,758085.166594847
6885,GCA_040496115.1,GCA_040966975.1,Ramphastos ariel,Ramphastos dicolorus,Aves,2.89,,,,,172220.200789167
6886,GCA_040496115.1,GCA_040967795.1,Ramphastos ariel,Ramphastos vitellinus,Aves,0.4,,,,,0.0317479182958623
6887,GCA_040496115.1,GCA_040967755.1,Ramphastos ariel,Ramphastos tucanus,Aves,3.7125,,,,,785584.057305762
6888,GCA_040496115.1,GCA_040496095.1,Ramphastos ariel,Ramphastos culminatus,Aves,0.23,,,,,1104353.72952803
6889,GCA_040496115.1,GCA_041731455.1,Ramphastos ariel,Ramphastos ambiguus,Aves,3.7125,,,,,0.0
6890,GCA_040966935.1,GCA_040967015.1,Ramphastos cuvieri,Ramphastos brevis,Aves,3.7125,,,,,0.0
6891,GCA_040966935.1,GCA_040967075.1,Ramphastos cuvieri,Ramphastos toco,Aves,4.791,,,,,948271.974643422
6892,GCA_040966935.1,GCA_040966975.1,Ramphastos cuvieri,Ramphastos dicolorus,Aves,3.7125,,,,,0.0
6893,GCA_040966935.1,GCA_040967795.1,Ramphastos cuvieri,Ramphastos vitellinus,Aves,3.7125,,,,,199924.409315414
6895,GCA_040966935.1,GCA_040496095.1,Ramphastos cuvieri,Ramphastos culminatus,Aves,3.7125,,,,,4215484.47412592
6896,GCA_040966935.1,GCA_041731455.1,Ramphastos cuvieri,Ramphastos ambiguus,Aves,2.045,,,,,91273.6688044003
6897,GCA_040967015.1,GCA_040967075.1,Ramphastos brevis,Ramphastos toco,Aves,4.791,,,,,0.0
6898,GCA_040967015.1,GCA_040966975.1,Ramphastos brevis,Ramphastos dicolorus,Aves,2.89,,,,,0.0
6899,GCA_040967015.1,GCA_040967795.1,Ramphastos brevis,Ramphastos vitellinus,Aves,1.39,,,,,0.0
6900,GCA_040967015.1,GCA_040967755.1,Ramphastos brevis,Ramphastos tucanus,Aves,3.7125,,,,,0.0
6901,GCA_040967015.1,GCA_040496095.1,Ramphastos brevis,Ramphastos culminatus,Aves,1.39,,,,,0.0
6902,GCA_040967015.1,GCA_041731455.1,Ramphastos brevis,Ramphastos ambiguus,Aves,3.7125,,,,,104969.057781739
6903,GCA_040967075.1,GCA_040966975.1,Ramphastos toco,Ramphastos dicolorus,Aves,4.791,,,,,1356331.4710583
6904,GCA_040967075.1,GCA_040967795.1,Ramphastos toco,Ramphastos vitellinus,Aves,4.791,,,,,165459.359965296
6905,GCA_040967075.1,GCA_040967755.1,Ramphastos toco,Ramphastos tucanus,Aves,4.791,,,,,320991.840706893
6906,GCA_040967075.1,GCA_040496095.1,Ramphastos toco,Ramphastos culminatus,Aves,4.791,,,,,1430697.26427918
6907,GCA_040967075.1,GCA_041731455.1,Ramphastos toco,Ramphastos ambiguus,Aves,4.791,,,,,0.0
6908,GCA_040966975.1,GCA_040967795.1,Ramphastos dicolorus,Ramphastos vitellinus,Aves,2.89,,,,,0.0
6909,GCA_040966975.1,GCA_040967755.1,Ramphastos dicolorus,Ramphastos tucanus,Aves,3.7125,,,,,0.0
6910,GCA_040966975.1,GCA_040496095.1,Ramphastos dicolorus,Ramphastos culminatus,Aves,2.89,,,,,101441.191803837
6911,GCA_040966975.1,GCA_041731455.1,Ramphastos dicolorus,Ramphastos ambiguus,Aves,3.7125,,,,,0.0
6912,GCA_040967795.1,GCA_040967755.1,Ramphastos vitellinus,Ramphastos tucanus,Aves,3.7125,,,,,1553587.92094311
6913,GCA_040967795.1,GCA_040496095.1,Ramphastos vitellinus,Ramphastos culminatus,Aves,0.4,,,,,527017.266348618
6914,GCA_040967795.1,GCA_041731455.1,Ramphastos vitellinus,Ramphastos ambiguus,Aves,3.7125,,,,,0.0
6915,GCA_040967755.1,GCA_040496095.1,Ramphastos tucanus,Ramphastos culminatus,Aves,3.7125,,,,,541681.502085867
6916,GCA_040967755.1,GCA_041731455.1,Ramphastos tucanus,Ramphastos ambiguus,Aves,2.045,,,,,0.0
6917,GCA_040496095.1,GCA_041731455.1,Ramphastos culminatus,Ramphastos ambiguus,Aves,3.7125,,,,,62420.3287735465
6920,GCF_022539315.1,GCA_032361245.1,Serinus canaria,Serinus canicollis,Aves,6.4,,,,,0.0
6922,GCF_022539315.1,GCA_035047285.1,Serinus canaria,Serinus syriacus,Aves,6.4,,,,,0.0
6923,GCF_022539315.1,GCA_036872935.1,Serinus canaria,Serinus pusillus,Aves,6.4,,,,,0.0
6924,GCA_032361245.1,GCA_045787355.1,Serinus canicollis,Serinus serinus,Aves,6.4,,,,,0.0
6925,GCA_032361245.1,GCA_035047285.1,Serinus canicollis,Serinus syriacus,Aves,4.0,,,,,0.0
6926,GCA_032361245.1,GCA_036872935.1,Serinus canicollis,Serinus pusillus,Aves,4.0,,,,,0.0
6927,GCA_045787355.1,GCA_035047285.1,Serinus serinus,Serinus syriacus,Aves,6.4,,,,,1512.66966489906
6929,GCA_035047285.1,GCA_036872935.1,Serinus syriacus,Serinus pusillus,Aves,1.603985,,,,,0.0
6932,GCA_045784235.1,GCA_025769955.1,Setophaga striata,Setophaga kirtlandii,Aves,3.48611,,,,,0.0
6935,GCA_038406095.1,GCA_032165275.1,Spatula clypeata,Spatula discors,Aves,1.789165,,,,,5790396.8290549
6939,GCA_038406095.1,GCA_032191525.1,Spatula clypeata,Spatula querquedula,Aves,3.95,,,,,14560245.3286454
6940,GCA_032165275.1,GCA_038382005.1,Spatula discors,Spatula versicolor,Aves,5.967145,,,,,0.0
6941,GCA_032165275.1,GCA_035221675.1,Spatula discors,Spatula smithii,Aves,1.789165,,,,,0.0
6942,GCA_032165275.1,GCA_034783165.1,Spatula discors,Spatula rhynchotis,Aves,1.789165,,,,,0.0
6943,GCA_032165275.1,GCA_032191525.1,Spatula discors,Spatula querquedula,Aves,3.95,,,,,0.0
6948,GCA_035221675.1,GCA_032191525.1,Spatula smithii,Spatula querquedula,Aves,3.95,,,,,0.0
6949,GCA_034783165.1,GCA_032191525.1,Spatula rhynchotis,Spatula querquedula,Aves,3.95,,,,,0.0
6952,GCA_027474245.1,GCA_003264655.1,Spheniscus humboldti,Spheniscus mendiculus,Aves,4.0,,,,,0.0
6953,GCA_010077935.1,GCA_010076225.1,Spheniscus demersus,Spheniscus magellanicus,Aves,2.7,,,,,0.0
6954,GCA_010077935.1,GCA_003264655.1,Spheniscus demersus,Spheniscus mendiculus,Aves,6.1,,,,,0.0
6955,GCA_010076225.1,GCA_003264655.1,Spheniscus magellanicus,Spheniscus mendiculus,Aves,6.1,,,,,0.0
6958,GCA_034780795.1,GCA_036026295.1,Spinus spinus,Spinus olivaceus,Aves,5.75,,,,,0.0
6966,GCA_036873585.1,GCA_036026295.1,Spinus psaltria,Spinus olivaceus,Aves,5.75,,,,,784.533918472363
6973,GCA_036026055.1,GCA_036026295.1,Spinus crassirostris,Spinus olivaceus,Aves,2.1,,,,,929.130512501102
6980,GCA_036026295.1,GCA_032361365.1,Spinus olivaceus,Spinus pinus,Aves,5.75,,,,,0.0
6982,GCA_036026295.1,GCA_034780675.1,Spinus olivaceus,Spinus atriceps,Aves,5.75,,,,,0.0
6983,GCA_036026295.1,GCA_034640395.1,Spinus olivaceus,Spinus spinescens,Aves,2.1,,,,,0.0
6984,GCA_036026295.1,GCA_034780875.1,Spinus olivaceus,Spinus lawrencei,Aves,5.75,,,,,0.0
6985,GCA_036026295.1,GCA_034509085.1,Spinus olivaceus,Spinus yarrellii,Aves,2.1,,,,,0.0
7003,GCA_013389905.1,GCA_047404275.1,Sula dactylatra,Sula nebouxii,Aves,2.1,,,,,1595964.17929073
7005,GCA_013389905.1,GCA_041107955.1,Sula dactylatra,Sula sula,Aves,5.9,,,,,103311112.422352
7006,GCA_013389905.1,GCA_038407235.1,Sula dactylatra,Sula variegata,Aves,2.1,,,,,0.0
7010,GCA_045787245.1,GCA_041107955.1,Sula leucogaster,Sula sula,Aves,5.9,0.008859041,0.005691847,0.005407745,0.008911778,23649277.2540621
7023,GCA_035221315.1,GCA_041045085.1,Tauraco hartlaubi,Tauraco leucotis,Aves,9.817275,,,,,0.0
7032,GCA_033439825.1,GCA_025345505.1,Todiramphus cinnamominus,Todiramphus chloris,Aves,0.57,,,,,
7033,GCA_030710405.1,GCA_024582635.1,Todiramphus albicilla,Todiramphus saurophagus,Aves,0.163415,,,,,
7034,GCA_030710405.1,GCA_025345505.1,Todiramphus albicilla,Todiramphus chloris,Aves,0.48,,,,,
7035,GCA_024582635.1,GCA_025345505.1,Todiramphus saurophagus,Todiramphus chloris,Aves,0.48,,,,,91630.1055653469
7040,GCA_025447915.1,GCA_032274705.1,Trichoglossus euteles,Trichoglossus johnstoniae,Aves,1.82097,0.000108888,7.45e-05,7.15e-05,0.000108896,0.0
7056,GCA_046127255.1,GCA_045788595.1,Turdus merula,Turdus torquatus,Aves,7.39557,,,,,1302650.78721948
7057,GCA_013186435.1,GCA_045782875.1,Turdus rufiventris,Turdus viscivorus,Aves,9.22825,,,,,0.0
7058,GCA_013186435.1,GCA_045788595.1,Turdus rufiventris,Turdus torquatus,Aves,7.39557,,,,,0.0
7059,GCA_045782875.1,GCA_045788595.1,Turdus viscivorus,Turdus torquatus,Aves,9.22825,,,,,1119772.65372256
7060,GCA_045033375.1,GCA_045033455.1,Tyrannus niveigularis,Tyrannus couchii,Aves,3.35448,,,,,0.0
7061,GCA_045033375.1,GCA_045033475.1,Tyrannus niveigularis,Tyrannus albogularis,Aves,3.61814,,,,,0.0
7062,GCA_045033375.1,GCA_013399735.1,Tyrannus niveigularis,Tyrannus savana,Aves,3.01349,,,,,0.0
7063,GCA_045033375.1,GCA_032274845.2,Tyrannus niveigularis,Tyrannus crassirostris,Aves,3.35448,,,,,0.0
7064,GCA_045033375.1,GCA_032353205.1,Tyrannus niveigularis,Tyrannus verticalis,Aves,3.14798,,,,,0.0
7065,GCA_045033375.1,GCA_026770345.1,Tyrannus niveigularis,Tyrannus tyrannus,Aves,3.14798,,,,,0.0
7066,GCA_045033375.1,GCA_036851205.1,Tyrannus niveigularis,Tyrannus forficatus,Aves,3.14798,,,,,0.0
7067,GCA_045033375.1,GCA_032274685.1,Tyrannus niveigularis,Tyrannus cubensis,Aves,3.61814,,,,,0.0
7068,GCA_045033375.1,GCA_032353075.1,Tyrannus niveigularis,Tyrannus caudifasciatus,Aves,3.44997,,,,,0.0
7069,GCA_045033375.1,GCA_032353195.1,Tyrannus niveigularis,Tyrannus melancholicus,Aves,3.61814,,,,,87970.5104892918
7070,GCA_045033375.1,GCA_032274585.2,Tyrannus niveigularis,Tyrannus vociferans,Aves,3.14798,,,,,0.0
7071,GCA_045033455.1,GCA_045033475.1,Tyrannus couchii,Tyrannus albogularis,Aves,3.61814,,,,,0.0
7072,GCA_045033455.1,GCA_013399735.1,Tyrannus couchii,Tyrannus savana,Aves,3.01349,,,,,85741.8909468278
7073,GCA_045033455.1,GCA_032274845.2,Tyrannus couchii,Tyrannus crassirostris,Aves,2.26953,,,,,0.0
7074,GCA_045033455.1,GCA_032353205.1,Tyrannus couchii,Tyrannus verticalis,Aves,3.35448,,,,,93820.7622690502
7075,GCA_045033455.1,GCA_026770345.1,Tyrannus couchii,Tyrannus tyrannus,Aves,3.35448,,,,,37509.1364977489
7076,GCA_045033455.1,GCA_036851205.1,Tyrannus couchii,Tyrannus forficatus,Aves,3.35448,,,,,149881.483964943
7077,GCA_045033455.1,GCA_032274685.1,Tyrannus couchii,Tyrannus cubensis,Aves,3.61814,,,,,0.0
7078,GCA_045033455.1,GCA_032353075.1,Tyrannus couchii,Tyrannus caudifasciatus,Aves,3.44997,,,,,0.0
7079,GCA_045033455.1,GCA_032353195.1,Tyrannus couchii,Tyrannus melancholicus,Aves,3.61814,,,,,388572.190982609
7080,GCA_045033455.1,GCA_032274585.2,Tyrannus couchii,Tyrannus vociferans,Aves,3.35448,,,,,0.0
7081,GCA_045033475.1,GCA_013399735.1,Tyrannus albogularis,Tyrannus savana,Aves,3.01349,,,,,2558727.96253332
7082,GCA_045033475.1,GCA_032274845.2,Tyrannus albogularis,Tyrannus crassirostris,Aves,3.61814,,,,,0.0
7083,GCA_045033475.1,GCA_032353205.1,Tyrannus albogularis,Tyrannus verticalis,Aves,3.61814,,,,,0.0
7084,GCA_045033475.1,GCA_026770345.1,Tyrannus albogularis,Tyrannus tyrannus,Aves,3.61814,,,,,0.0
7085,GCA_045033475.1,GCA_036851205.1,Tyrannus albogularis,Tyrannus forficatus,Aves,3.61814,,,,,0.0
7086,GCA_045033475.1,GCA_032274685.1,Tyrannus albogularis,Tyrannus cubensis,Aves,2.3372,,,,,0.0
7087,GCA_045033475.1,GCA_032353075.1,Tyrannus albogularis,Tyrannus caudifasciatus,Aves,3.61814,,,,,0.0
7088,GCA_045033475.1,GCA_032353195.1,Tyrannus albogularis,Tyrannus melancholicus,Aves,2.3372,,,,,4231006.10136866
7089,GCA_045033475.1,GCA_032274585.2,Tyrannus albogularis,Tyrannus vociferans,Aves,3.61814,,,,,0.0
7090,GCA_013399735.1,GCA_032274845.2,Tyrannus savana,Tyrannus crassirostris,Aves,3.01349,,,,,0.0
7091,GCA_013399735.1,GCA_032353205.1,Tyrannus savana,Tyrannus verticalis,Aves,3.01349,,,,,0.0
7092,GCA_013399735.1,GCA_026770345.1,Tyrannus savana,Tyrannus tyrannus,Aves,3.01349,,,,,0.0
7093,GCA_013399735.1,GCA_036851205.1,Tyrannus savana,Tyrannus forficatus,Aves,3.01349,,,,,0.0
7094,GCA_013399735.1,GCA_032274685.1,Tyrannus savana,Tyrannus cubensis,Aves,3.01349,,,,,0.0
7095,GCA_013399735.1,GCA_032353075.1,Tyrannus savana,Tyrannus caudifasciatus,Aves,3.01349,,,,,0.0
7096,GCA_013399735.1,GCA_032353195.1,Tyrannus savana,Tyrannus melancholicus,Aves,3.01349,,,,,8085961.78845416
7097,GCA_013399735.1,GCA_032274585.2,Tyrannus savana,Tyrannus vociferans,Aves,3.01349,,,,,0.0
7099,GCA_032274845.2,GCA_026770345.1,Tyrannus crassirostris,Tyrannus tyrannus,Aves,3.35448,,,,,0.0
7100,GCA_032274845.2,GCA_036851205.1,Tyrannus crassirostris,Tyrannus forficatus,Aves,3.35448,,,,,0.0
7101,GCA_032274845.2,GCA_032274685.1,Tyrannus crassirostris,Tyrannus cubensis,Aves,3.61814,0.001015523,0.00063354,0.000599913,0.001016211,0.0
7103,GCA_032274845.2,GCA_032353195.1,Tyrannus crassirostris,Tyrannus melancholicus,Aves,3.61814,,,,,397447.595445213
7105,GCA_032353205.1,GCA_026770345.1,Tyrannus verticalis,Tyrannus tyrannus,Aves,1.71373,,,,,2996387.9789011
7106,GCA_032353205.1,GCA_036851205.1,Tyrannus verticalis,Tyrannus forficatus,Aves,1.0762,,,,,819972.478699818
7107,GCA_032353205.1,GCA_032274685.1,Tyrannus verticalis,Tyrannus cubensis,Aves,3.61814,0.000923502,0.000578775,0.00054839,0.000924071,0.0
7109,GCA_032353205.1,GCA_032353195.1,Tyrannus verticalis,Tyrannus melancholicus,Aves,3.61814,,,,,147782.368243065
7111,GCA_026770345.1,GCA_036851205.1,Tyrannus tyrannus,Tyrannus forficatus,Aves,1.71373,,,,,1041276.3145729
7112,GCA_026770345.1,GCA_032274685.1,Tyrannus tyrannus,Tyrannus cubensis,Aves,3.61814,,,,,0.0
7113,GCA_026770345.1,GCA_032353075.1,Tyrannus tyrannus,Tyrannus caudifasciatus,Aves,3.44997,,,,,0.0
7115,GCA_026770345.1,GCA_032274585.2,Tyrannus tyrannus,Tyrannus vociferans,Aves,1.71373,,,,,68957.8189936508
7116,GCA_036851205.1,GCA_032274685.1,Tyrannus forficatus,Tyrannus cubensis,Aves,3.61814,,,,,0.0
7117,GCA_036851205.1,GCA_032353075.1,Tyrannus forficatus,Tyrannus caudifasciatus,Aves,3.44997,,,,,0.0
7118,GCA_036851205.1,GCA_032353195.1,Tyrannus forficatus,Tyrannus melancholicus,Aves,3.61814,,,,,4584.16605937409
7119,GCA_036851205.1,GCA_032274585.2,Tyrannus forficatus,Tyrannus vociferans,Aves,1.25921,,,,,17867.7835197856
7120,GCA_032274685.1,GCA_032353075.1,Tyrannus cubensis,Tyrannus caudifasciatus,Aves,3.61814,0.000119453,7.39e-05,6.99e-05,0.000119462,7096.71237302512
7121,GCA_032274685.1,GCA_032353195.1,Tyrannus cubensis,Tyrannus melancholicus,Aves,1.17565,,,,,0.0
7123,GCA_032353075.1,GCA_032353195.1,Tyrannus caudifasciatus,Tyrannus melancholicus,Aves,3.61814,,,,,0.0
7125,GCA_032353195.1,GCA_032274585.2,Tyrannus melancholicus,Tyrannus vociferans,Aves,3.61814,,,,,297474.596914953
7127,GCF_026979565.1,GCF_024509145.1,Vidua chalybeata,Vidua macroura,Aves,5.465,,,,,5793413.17706097
7128,GCA_013396875.1,GCA_041108375.1,Vireo altiloquus,Vireo hypochryseus,Aves,15.31862,,,,,
7129,GCA_013396875.1,GCA_040967815.1,Vireo altiloquus,Vireo osburni,Aves,13.01433,,,,,11021.7364626737
7130,GCA_013396875.1,GCA_041221845.1,Vireo altiloquus,Vireo gilvus,Aves,9.04781,,,,,0.0
7131,GCA_013396875.1,GCA_043658215.1,Vireo altiloquus,Vireo philadelphicus,Aves,9.04781,,,,,0.0
7132,GCA_013396875.1,GCA_035047045.1,Vireo altiloquus,Vireo griseus,Aves,13.01433,,,,,14757.4401897026
7133,GCA_013396875.1,GCA_043658175.1,Vireo altiloquus,Vireo flavifrons,Aves,13.01433,,,,,879.721430805639
7134,GCA_013396875.1,GCA_043658255.1,Vireo altiloquus,Vireo crassirostris,Aves,13.01433,,,,,13970.1318576729
7135,GCA_013396875.1,GCA_041107575.1,Vireo altiloquus,Vireo carmioli,Aves,13.01433,,,,,0.0
7136,GCA_013396875.1,GCA_041108475.1,Vireo altiloquus,Vireo vicinior,Aves,13.01433,,,,,0.0
7137,GCA_013396875.1,GCA_038406135.1,Vireo altiloquus,Vireo solitarius,Aves,13.01433,,,,,0.0
7138,GCA_013396875.1,GCA_046245095.1,Vireo altiloquus,Vireo modestus,Aves,13.01433,,,,,11021.7364626737
7139,GCA_013396875.1,GCA_046245035.1,Vireo altiloquus,Vireo brevipennis,Aves,13.01433,,,,,0.0
7140,GCA_013396875.1,GCA_041107595.1,Vireo altiloquus,Vireo latimeri,Aves,13.01433,,,,,6995.44844691736
7141,GCA_013396875.1,GCA_041107735.1,Vireo altiloquus,Vireo bellii,Aves,13.01433,,,,,0.0
7142,GCA_013396875.1,GCA_040967895.1,Vireo altiloquus,Vireo huttoni,Aves,13.01433,,,,,0.0
7143,GCA_013396875.1,GCA_046039655.1,Vireo altiloquus,Vireo atricapilla,Aves,13.01433,,,,,0.0
7144,GCA_013396875.1,GCA_041108075.1,Vireo altiloquus,Vireo magister,Aves,4.68881,,,,,0.0
7145,GCA_013396875.1,GCA_042902745.1,Vireo altiloquus,Vireo pallens,Aves,13.01433,,,,,18.1011530216021
7146,GCA_041108375.1,GCA_040967815.1,Vireo hypochryseus,Vireo osburni,Aves,15.31862,,,,,
7147,GCA_041108375.1,GCA_041221845.1,Vireo hypochryseus,Vireo gilvus,Aves,15.31862,,,,,
7148,GCA_041108375.1,GCA_043658215.1,Vireo hypochryseus,Vireo philadelphicus,Aves,15.31862,,,,,
7149,GCA_041108375.1,GCA_035047045.1,Vireo hypochryseus,Vireo griseus,Aves,15.31862,,,,,
7150,GCA_041108375.1,GCA_043658175.1,Vireo hypochryseus,Vireo flavifrons,Aves,15.31862,,,,,
7151,GCA_041108375.1,GCA_043658255.1,Vireo hypochryseus,Vireo crassirostris,Aves,15.31862,,,,,
7152,GCA_041108375.1,GCA_041107575.1,Vireo hypochryseus,Vireo carmioli,Aves,15.31862,,,,,
7153,GCA_041108375.1,GCA_041108475.1,Vireo hypochryseus,Vireo vicinior,Aves,15.31862,,,,,
7154,GCA_041108375.1,GCA_038406135.1,Vireo hypochryseus,Vireo solitarius,Aves,15.31862,,,,,
7155,GCA_041108375.1,GCA_046245095.1,Vireo hypochryseus,Vireo modestus,Aves,15.31862,,,,,
7156,GCA_041108375.1,GCA_046245035.1,Vireo hypochryseus,Vireo brevipennis,Aves,15.31862,,,,,
7157,GCA_041108375.1,GCA_041107595.1,Vireo hypochryseus,Vireo latimeri,Aves,15.31862,,,,,
7158,GCA_041108375.1,GCA_041107735.1,Vireo hypochryseus,Vireo bellii,Aves,15.31862,,,,,
7159,GCA_041108375.1,GCA_040967895.1,Vireo hypochryseus,Vireo huttoni,Aves,15.31862,,,,,
7160,GCA_041108375.1,GCA_046039655.1,Vireo hypochryseus,Vireo atricapilla,Aves,15.31862,,,,,
7161,GCA_041108375.1,GCA_041108075.1,Vireo hypochryseus,Vireo magister,Aves,15.31862,,,,,
7162,GCA_041108375.1,GCA_042902745.1,Vireo hypochryseus,Vireo pallens,Aves,15.31862,,,,,
7163,GCA_040967815.1,GCA_041221845.1,Vireo osburni,Vireo gilvus,Aves,13.01433,,,,,0.0
7164,GCA_040967815.1,GCA_043658215.1,Vireo osburni,Vireo philadelphicus,Aves,13.01433,,,,,0.0
7165,GCA_040967815.1,GCA_035047045.1,Vireo osburni,Vireo griseus,Aves,10.14336,,,,,0.0
7166,GCA_040967815.1,GCA_043658175.1,Vireo osburni,Vireo flavifrons,Aves,11.70116,,,,,0.0
7167,GCA_040967815.1,GCA_043658255.1,Vireo osburni,Vireo crassirostris,Aves,10.14336,,,,,0.0
7168,GCA_040967815.1,GCA_041107575.1,Vireo osburni,Vireo carmioli,Aves,11.70116,,,,,0.0
7169,GCA_040967815.1,GCA_041108475.1,Vireo osburni,Vireo vicinior,Aves,11.70116,,,,,0.0
7170,GCA_040967815.1,GCA_038406135.1,Vireo osburni,Vireo solitarius,Aves,11.70116,,,,,0.0
7171,GCA_040967815.1,GCA_046245095.1,Vireo osburni,Vireo modestus,Aves,10.14336,,,,,11021.7836286524
7172,GCA_040967815.1,GCA_046245035.1,Vireo osburni,Vireo brevipennis,Aves,10.14336,,,,,0.0
7173,GCA_040967815.1,GCA_041107595.1,Vireo osburni,Vireo latimeri,Aves,10.14336,,,,,0.0
7174,GCA_040967815.1,GCA_041107735.1,Vireo osburni,Vireo bellii,Aves,10.14336,,,,,0.0
7175,GCA_040967815.1,GCA_040967895.1,Vireo osburni,Vireo huttoni,Aves,11.70116,,,,,0.0
7176,GCA_040967815.1,GCA_046039655.1,Vireo osburni,Vireo atricapilla,Aves,10.14336,,,,,0.0
7177,GCA_040967815.1,GCA_041108075.1,Vireo osburni,Vireo magister,Aves,13.01433,,,,,0.0
7178,GCA_040967815.1,GCA_042902745.1,Vireo osburni,Vireo pallens,Aves,10.14336,,,,,0.0
7179,GCA_041221845.1,GCA_043658215.1,Vireo gilvus,Vireo philadelphicus,Aves,5.515015,,,,,1734111.71509886
7180,GCA_041221845.1,GCA_035047045.1,Vireo gilvus,Vireo griseus,Aves,13.01433,,,,,1969404.05472087
7181,GCA_041221845.1,GCA_043658175.1,Vireo gilvus,Vireo flavifrons,Aves,13.01433,,,,,2520427.23859356
7182,GCA_041221845.1,GCA_043658255.1,Vireo gilvus,Vireo crassirostris,Aves,13.01433,,,,,0.0
7184,GCA_041221845.1,GCA_041108475.1,Vireo gilvus,Vireo vicinior,Aves,13.01433,,,,,432779.014907216
7185,GCA_041221845.1,GCA_038406135.1,Vireo gilvus,Vireo solitarius,Aves,13.01433,,,,,1696052.16998073
7186,GCA_041221845.1,GCA_046245095.1,Vireo gilvus,Vireo modestus,Aves,13.01433,,,,,0.0
7187,GCA_041221845.1,GCA_046245035.1,Vireo gilvus,Vireo brevipennis,Aves,13.01433,,,,,57952.1475795291
7188,GCA_041221845.1,GCA_041107595.1,Vireo gilvus,Vireo latimeri,Aves,13.01433,,,,,0.0
7189,GCA_041221845.1,GCA_041107735.1,Vireo gilvus,Vireo bellii,Aves,13.01433,,,,,1799916.70273147
7190,GCA_041221845.1,GCA_040967895.1,Vireo gilvus,Vireo huttoni,Aves,13.01433,,,,,587311.991503791
7191,GCA_041221845.1,GCA_046039655.1,Vireo gilvus,Vireo atricapilla,Aves,13.01433,,,,,92733.244265123
7192,GCA_041221845.1,GCA_041108075.1,Vireo gilvus,Vireo magister,Aves,9.04781,,,,,0.0
7193,GCA_041221845.1,GCA_042902745.1,Vireo gilvus,Vireo pallens,Aves,13.01433,,,,,452.801166893626
7194,GCA_043658215.1,GCA_035047045.1,Vireo philadelphicus,Vireo griseus,Aves,13.01433,,,,,0.0
7195,GCA_043658215.1,GCA_043658175.1,Vireo philadelphicus,Vireo flavifrons,Aves,13.01433,0.028221158,0.01727239,0.016238381,0.02876582,177149.37442478
7196,GCA_043658215.1,GCA_043658255.1,Vireo philadelphicus,Vireo crassirostris,Aves,13.01433,,,,,0.0
7197,GCA_043658215.1,GCA_041107575.1,Vireo philadelphicus,Vireo carmioli,Aves,13.01433,,,,,0.0
7199,GCA_043658215.1,GCA_038406135.1,Vireo philadelphicus,Vireo solitarius,Aves,13.01433,,,,,2050416.59442727
7200,GCA_043658215.1,GCA_046245095.1,Vireo philadelphicus,Vireo modestus,Aves,13.01433,,,,,0.0
7201,GCA_043658215.1,GCA_046245035.1,Vireo philadelphicus,Vireo brevipennis,Aves,13.01433,,,,,0.0
7203,GCA_043658215.1,GCA_041107735.1,Vireo philadelphicus,Vireo bellii,Aves,13.01433,,,,,0.0
7205,GCA_043658215.1,GCA_046039655.1,Vireo philadelphicus,Vireo atricapilla,Aves,13.01433,,,,,0.0
7206,GCA_043658215.1,GCA_041108075.1,Vireo philadelphicus,Vireo magister,Aves,9.04781,,,,,0.0
7207,GCA_043658215.1,GCA_042902745.1,Vireo philadelphicus,Vireo pallens,Aves,13.01433,,,,,0.0
7208,GCA_035047045.1,GCA_043658175.1,Vireo griseus,Vireo flavifrons,Aves,11.70116,,,,,2230695.84900893
7209,GCA_035047045.1,GCA_043658255.1,Vireo griseus,Vireo crassirostris,Aves,0.78205,,,,,0.0
7210,GCA_035047045.1,GCA_041107575.1,Vireo griseus,Vireo carmioli,Aves,11.70116,,,,,0.0
7211,GCA_035047045.1,GCA_041108475.1,Vireo griseus,Vireo vicinior,Aves,11.70116,,,,,5219.34185737479
7212,GCA_035047045.1,GCA_038406135.1,Vireo griseus,Vireo solitarius,Aves,11.70116,,,,,224650.463635948
7213,GCA_035047045.1,GCA_046245095.1,Vireo griseus,Vireo modestus,Aves,7.52455,,,,,0.0
7214,GCA_035047045.1,GCA_046245035.1,Vireo griseus,Vireo brevipennis,Aves,8.52297,,,,,0.0
7215,GCA_035047045.1,GCA_041107595.1,Vireo griseus,Vireo latimeri,Aves,8.52297,,,,,0.0
7216,GCA_035047045.1,GCA_041107735.1,Vireo griseus,Vireo bellii,Aves,8.52297,,,,,1093271.22097013
7217,GCA_035047045.1,GCA_040967895.1,Vireo griseus,Vireo huttoni,Aves,11.70116,,,,,21198.2286117377
7218,GCA_035047045.1,GCA_046039655.1,Vireo griseus,Vireo atricapilla,Aves,8.52297,,,,,251404.392832264
7219,GCA_035047045.1,GCA_041108075.1,Vireo griseus,Vireo magister,Aves,13.01433,,,,,0.0
7220,GCA_035047045.1,GCA_042902745.1,Vireo griseus,Vireo pallens,Aves,2.53749,,,,,0.0
7221,GCA_043658175.1,GCA_043658255.1,Vireo flavifrons,Vireo crassirostris,Aves,11.70116,,,,,0.0
7222,GCA_043658175.1,GCA_041107575.1,Vireo flavifrons,Vireo carmioli,Aves,5.451965,,,,,0.0
7223,GCA_043658175.1,GCA_041108475.1,Vireo flavifrons,Vireo vicinior,Aves,8.80779,0.003198042,0.002046382,0.001943169,0.00320488,894.050518737994
7224,GCA_043658175.1,GCA_038406135.1,Vireo flavifrons,Vireo solitarius,Aves,5.451965,,,,,556580.997208853
7225,GCA_043658175.1,GCA_046245095.1,Vireo flavifrons,Vireo modestus,Aves,11.70116,,,,,0.0
7226,GCA_043658175.1,GCA_046245035.1,Vireo flavifrons,Vireo brevipennis,Aves,11.70116,,,,,0.0
7228,GCA_043658175.1,GCA_041107735.1,Vireo flavifrons,Vireo bellii,Aves,11.70116,,,,,751067.735341551
7230,GCA_043658175.1,GCA_046039655.1,Vireo flavifrons,Vireo atricapilla,Aves,11.70116,,,,,78768.8631261715
7231,GCA_043658175.1,GCA_041108075.1,Vireo flavifrons,Vireo magister,Aves,13.01433,,,,,0.0
7232,GCA_043658175.1,GCA_042902745.1,Vireo flavifrons,Vireo pallens,Aves,11.70116,,,,,0.0
7233,GCA_043658255.1,GCA_041107575.1,Vireo crassirostris,Vireo carmioli,Aves,11.70116,,,,,0.0
7234,GCA_043658255.1,GCA_041108475.1,Vireo crassirostris,Vireo vicinior,Aves,11.70116,,,,,0.0
7235,GCA_043658255.1,GCA_038406135.1,Vireo crassirostris,Vireo solitarius,Aves,11.70116,,,,,0.0
7236,GCA_043658255.1,GCA_046245095.1,Vireo crassirostris,Vireo modestus,Aves,7.52455,,,,,0.0
7237,GCA_043658255.1,GCA_046245035.1,Vireo crassirostris,Vireo brevipennis,Aves,8.52297,,,,,0.0
7238,GCA_043658255.1,GCA_041107595.1,Vireo crassirostris,Vireo latimeri,Aves,8.52297,,,,,0.0
7239,GCA_043658255.1,GCA_041107735.1,Vireo crassirostris,Vireo bellii,Aves,8.52297,,,,,0.0
7240,GCA_043658255.1,GCA_040967895.1,Vireo crassirostris,Vireo huttoni,Aves,11.70116,,,,,0.0
7241,GCA_043658255.1,GCA_046039655.1,Vireo crassirostris,Vireo atricapilla,Aves,8.52297,,,,,0.0
7242,GCA_043658255.1,GCA_041108075.1,Vireo crassirostris,Vireo magister,Aves,13.01433,,,,,210.507706025137
7243,GCA_043658255.1,GCA_042902745.1,Vireo crassirostris,Vireo pallens,Aves,2.53749,,,,,0.0
7244,GCA_041107575.1,GCA_041108475.1,Vireo carmioli,Vireo vicinior,Aves,8.80779,,,,,0.0
7245,GCA_041107575.1,GCA_038406135.1,Vireo carmioli,Vireo solitarius,Aves,3.27558,,,,,0.0
7246,GCA_041107575.1,GCA_046245095.1,Vireo carmioli,Vireo modestus,Aves,11.70116,,,,,0.0
7247,GCA_041107575.1,GCA_046245035.1,Vireo carmioli,Vireo brevipennis,Aves,11.70116,,,,,0.0
7248,GCA_041107575.1,GCA_041107595.1,Vireo carmioli,Vireo latimeri,Aves,11.70116,,,,,0.0
7249,GCA_041107575.1,GCA_041107735.1,Vireo carmioli,Vireo bellii,Aves,11.70116,,,,,0.0
7250,GCA_041107575.1,GCA_040967895.1,Vireo carmioli,Vireo huttoni,Aves,8.80779,,,,,0.0
7251,GCA_041107575.1,GCA_046039655.1,Vireo carmioli,Vireo atricapilla,Aves,11.70116,,,,,0.0
7252,GCA_041107575.1,GCA_041108075.1,Vireo carmioli,Vireo magister,Aves,13.01433,,,,,0.0
7253,GCA_041107575.1,GCA_042902745.1,Vireo carmioli,Vireo pallens,Aves,11.70116,,,,,0.0
7254,GCA_041108475.1,GCA_038406135.1,Vireo vicinior,Vireo solitarius,Aves,8.80779,,,,,0.0
7255,GCA_041108475.1,GCA_046245095.1,Vireo vicinior,Vireo modestus,Aves,11.70116,,,,,0.0
7256,GCA_041108475.1,GCA_046245035.1,Vireo vicinior,Vireo brevipennis,Aves,11.70116,,,,,0.0
7258,GCA_041108475.1,GCA_041107735.1,Vireo vicinior,Vireo bellii,Aves,11.70116,,,,,110926.640107662
7260,GCA_041108475.1,GCA_046039655.1,Vireo vicinior,Vireo atricapilla,Aves,11.70116,,,,,8425.18658385991
7261,GCA_041108475.1,GCA_041108075.1,Vireo vicinior,Vireo magister,Aves,13.01433,,,,,0.0
7262,GCA_041108475.1,GCA_042902745.1,Vireo vicinior,Vireo pallens,Aves,11.70116,,,,,0.0
7263,GCA_038406135.1,GCA_046245095.1,Vireo solitarius,Vireo modestus,Aves,11.70116,,,,,0.0
7264,GCA_038406135.1,GCA_046245035.1,Vireo solitarius,Vireo brevipennis,Aves,11.70116,,,,,0.0
7265,GCA_038406135.1,GCA_041107595.1,Vireo solitarius,Vireo latimeri,Aves,11.70116,,,,,0.0
7266,GCA_038406135.1,GCA_041107735.1,Vireo solitarius,Vireo bellii,Aves,11.70116,,,,,0.0
7267,GCA_038406135.1,GCA_040967895.1,Vireo solitarius,Vireo huttoni,Aves,8.80779,,,,,0.0
7268,GCA_038406135.1,GCA_046039655.1,Vireo solitarius,Vireo atricapilla,Aves,11.70116,,,,,0.0
7269,GCA_038406135.1,GCA_041108075.1,Vireo solitarius,Vireo magister,Aves,13.01433,,,,,0.0
7270,GCA_038406135.1,GCA_042902745.1,Vireo solitarius,Vireo pallens,Aves,11.70116,,,,,0.0
7271,GCA_046245095.1,GCA_046245035.1,Vireo modestus,Vireo brevipennis,Aves,8.52297,,,,,0.0
7272,GCA_046245095.1,GCA_041107595.1,Vireo modestus,Vireo latimeri,Aves,8.52297,,,,,0.0
7273,GCA_046245095.1,GCA_041107735.1,Vireo modestus,Vireo bellii,Aves,8.52297,,,,,0.0
7274,GCA_046245095.1,GCA_040967895.1,Vireo modestus,Vireo huttoni,Aves,11.70116,,,,,0.0
7275,GCA_046245095.1,GCA_046039655.1,Vireo modestus,Vireo atricapilla,Aves,8.52297,,,,,0.0
7276,GCA_046245095.1,GCA_041108075.1,Vireo modestus,Vireo magister,Aves,13.01433,,,,,0.0
7277,GCA_046245095.1,GCA_042902745.1,Vireo modestus,Vireo pallens,Aves,7.52455,,,,,0.0
7278,GCA_046245035.1,GCA_041107595.1,Vireo brevipennis,Vireo latimeri,Aves,6.84509,,,,,0.0
7279,GCA_046245035.1,GCA_041107735.1,Vireo brevipennis,Vireo bellii,Aves,5.83403,,,,,0.0
7280,GCA_046245035.1,GCA_040967895.1,Vireo brevipennis,Vireo huttoni,Aves,11.70116,,,,,80528.3394746357
7281,GCA_046245035.1,GCA_046039655.1,Vireo brevipennis,Vireo atricapilla,Aves,3.7846,,,,,0.0
7282,GCA_046245035.1,GCA_041108075.1,Vireo brevipennis,Vireo magister,Aves,13.01433,,,,,0.0
7283,GCA_046245035.1,GCA_042902745.1,Vireo brevipennis,Vireo pallens,Aves,8.52297,,,,,0.0
7284,GCA_041107595.1,GCA_041107735.1,Vireo latimeri,Vireo bellii,Aves,6.84509,,,,,0.0
7286,GCA_041107595.1,GCA_046039655.1,Vireo latimeri,Vireo atricapilla,Aves,6.84509,,,,,0.0
7287,GCA_041107595.1,GCA_041108075.1,Vireo latimeri,Vireo magister,Aves,13.01433,,,,,0.0
7288,GCA_041107595.1,GCA_042902745.1,Vireo latimeri,Vireo pallens,Aves,8.52297,,,,,0.0
7289,GCA_041107735.1,GCA_040967895.1,Vireo bellii,Vireo huttoni,Aves,11.70116,,,,,375728.397239721
7290,GCA_041107735.1,GCA_046039655.1,Vireo bellii,Vireo atricapilla,Aves,5.83403,,,,,227317.674696475
7291,GCA_041107735.1,GCA_041108075.1,Vireo bellii,Vireo magister,Aves,13.01433,,,,,0.0
7292,GCA_041107735.1,GCA_042902745.1,Vireo bellii,Vireo pallens,Aves,8.52297,,,,,0.0
7293,GCA_040967895.1,GCA_046039655.1,Vireo huttoni,Vireo atricapilla,Aves,11.70116,,,,,65503.1788399246
7294,GCA_040967895.1,GCA_041108075.1,Vireo huttoni,Vireo magister,Aves,13.01433,,,,,0.0
7295,GCA_040967895.1,GCA_042902745.1,Vireo huttoni,Vireo pallens,Aves,11.70116,,,,,3440.32680593419
7296,GCA_046039655.1,GCA_041108075.1,Vireo atricapilla,Vireo magister,Aves,13.01433,,,,,0.0
7297,GCA_046039655.1,GCA_042902745.1,Vireo atricapilla,Vireo pallens,Aves,8.52297,,,,,0.0
7298,GCA_041108075.1,GCA_042902745.1,Vireo magister,Vireo pallens,Aves,13.01433,,,,,6892.98077096658
7303,GCA_907164505.1,GCF_903995435.1,Acomys kempi,Acomys russatus,Mammalia,18.1997,,,,,0.0
7306,GCA_907164505.1,GCA_907169655.1,Acomys kempi,Acomys percivali,Mammalia,18.1997,,,,,45679.0181116194
7307,GCA_029890205.1,GCF_903995435.1,Acomys cahirinus,Acomys russatus,Mammalia,4.95539,,,,,98376.2915001629
7310,GCA_029890205.1,GCA_907169655.1,Acomys cahirinus,Acomys percivali,Mammalia,11.74985,,,,,0.0
7312,GCF_903995435.1,GCA_907164435.1,Acomys russatus,Acomys dimidiatus,Mammalia,4.95539,,,,,532952.335272082
7315,GCA_964271855.1,GCA_907169655.1,Acomys minous,Acomys percivali,Mammalia,11.74985,,,,,0.0
7316,GCA_907164435.1,GCA_907169655.1,Acomys dimidiatus,Acomys percivali,Mammalia,11.74985,,,,,0.0
7320,GCA_963574925.1,GCA_963575195.1,Allochrocebus preussi,Allochrocebus solatus,Mammalia,2.641,,,,,0.0
7337,GCF_016432865.1,GCA_904810635.1,Antechinus flavipes,Antechinus godmani,Mammalia,8.5,,,,,3591.95679657911
7338,GCF_016432865.1,GCA_904814085.1,Antechinus flavipes,Antechinus agilis,Mammalia,8.5,,,,,31881.0310407601
7339,GCF_016432865.1,GCA_904813635.1,Antechinus flavipes,Antechinus leo,Mammalia,6.55488,,,,,0.0
7340,GCF_016432865.1,GCA_904814075.1,Antechinus flavipes,Antechinus minimus,Mammalia,9.87,,,,,5545.28331389947
7341,GCF_016432865.1,GCA_904813565.1,Antechinus flavipes,Antechinus bellus,Mammalia,6.55488,,,,,0.0
7342,GCA_016696395.1,GCA_904810635.1,Antechinus stuartii,Antechinus godmani,Mammalia,8.01,,,,,0.0
7343,GCA_016696395.1,GCA_904814085.1,Antechinus stuartii,Antechinus agilis,Mammalia,8.01,,,,,3549.64267701764
7344,GCA_016696395.1,GCA_904813635.1,Antechinus stuartii,Antechinus leo,Mammalia,8.01,,,,,0.0
7345,GCA_016696395.1,GCA_904814075.1,Antechinus stuartii,Antechinus minimus,Mammalia,9.87,,,,,0.0
7346,GCA_016696395.1,GCA_904813565.1,Antechinus stuartii,Antechinus bellus,Mammalia,8.01,,,,,0.0
7347,GCA_904810635.1,GCA_904814085.1,Antechinus godmani,Antechinus agilis,Mammalia,5.54804,,,,,0.0
7348,GCA_904810635.1,GCA_904813635.1,Antechinus godmani,Antechinus leo,Mammalia,8.5,,,,,0.0
7349,GCA_904810635.1,GCA_904814075.1,Antechinus godmani,Antechinus minimus,Mammalia,9.87,,,,,0.0
7350,GCA_904810635.1,GCA_904813565.1,Antechinus godmani,Antechinus bellus,Mammalia,8.5,,,,,0.0
7351,GCA_904814085.1,GCA_904813635.1,Antechinus agilis,Antechinus leo,Mammalia,8.5,,,,,0.0
7352,GCA_904814085.1,GCA_904814075.1,Antechinus agilis,Antechinus minimus,Mammalia,9.87,,,,,7107.54076005703
7353,GCA_904814085.1,GCA_904813565.1,Antechinus agilis,Antechinus bellus,Mammalia,8.5,,,,,0.0
7354,GCA_904813635.1,GCA_904814075.1,Antechinus leo,Antechinus minimus,Mammalia,9.87,,,,,0.0
7355,GCA_904813635.1,GCA_904813565.1,Antechinus leo,Antechinus bellus,Mammalia,5.1,,,,,0.0
7356,GCA_904814075.1,GCA_904813565.1,Antechinus minimus,Antechinus bellus,Mammalia,9.87,,,,,0.0
7369,GCA_964023405.1,GCA_045298715.1,Apodemus agrarius,Apodemus speciosus,Mammalia,5.9,,,,,0.0
7373,GCA_038363225.1,GCF_021234435.1,Artibeus intermedius,Artibeus jamaicensis,Mammalia,2.749655,,,,,
7379,GCA_004024785.1,GCA_963574935.1,Ateles geoffroyi,Ateles chamek,Mammalia,5.07,,,,,0.0
7380,GCA_036589455.2,GCA_963573605.1,Ateles fusciceps,Ateles belzebuth,Mammalia,2.4636,,,,,0.0
7381,GCA_036589455.2,GCA_916098195.1,Ateles fusciceps,Ateles hybridus,Mammalia,2.4636,,,,,125.897727889806
7382,GCA_036589455.2,GCA_963573985.1,Ateles fusciceps,Ateles paniscus,Mammalia,5.07,,,,,0.0
7383,GCA_036589455.2,GCA_963573555.1,Ateles fusciceps,Ateles marginatus,Mammalia,5.07,,,,,0.0
7384,GCA_036589455.2,GCA_963574935.1,Ateles fusciceps,Ateles chamek,Mammalia,5.07,,,,,0.0
7388,GCA_963573605.1,GCA_963574935.1,Ateles belzebuth,Ateles chamek,Mammalia,5.07,,,,,10424.6617482956
7393,GCA_963573985.1,GCA_963574935.1,Ateles paniscus,Ateles chamek,Mammalia,1.43,,,,,872.658966036399
7394,GCA_963573555.1,GCA_963574935.1,Ateles marginatus,Ateles chamek,Mammalia,0.68052,,,,,3111.74553353057
7396,GCF_949987535.1,GCF_009873245.2,Balaenoptera acutorostrata,Balaenoptera musculus,Mammalia,13.745,,,,,143853371.658553
7398,GCF_949987535.1,GCA_965194805.1,Balaenoptera acutorostrata,Balaenoptera borealis,Mammalia,13.745,,,,,170673957.838629
7399,GCF_949987535.1,GCA_000978805.1,Balaenoptera acutorostrata,Balaenoptera bonaerensis,Mammalia,5.35,,,,,169579071.95861
7400,GCF_009873245.2,GCA_965194825.1,Balaenoptera musculus,Balaenoptera physalus,Mammalia,9.85843,,,,,188220417.279845
7401,GCF_009873245.2,GCA_965194805.1,Balaenoptera musculus,Balaenoptera borealis,Mammalia,8.788015,,,,,169999769.949493
7402,GCF_009873245.2,GCA_000978805.1,Balaenoptera musculus,Balaenoptera bonaerensis,Mammalia,13.745,,,,,171305322.97916
7403,GCA_965194825.1,GCA_965194805.1,Balaenoptera physalus,Balaenoptera borealis,Mammalia,9.85843,,,,,175051436.924288
7405,GCA_965194805.1,GCA_000978805.1,Balaenoptera borealis,Balaenoptera bonaerensis,Mammalia,13.745,,,,,158361352.809647
7409,GCF_002263795.3,GCF_029378745.1,Bos taurus,Bos indicus,Mammalia,0.4687,,,,,
7410,GCF_002263795.3,GCA_005887515.3,Bos taurus,Bos grunniens,Mammalia,4.3001,,,,,
7411,GCF_002263795.3,GCA_043643345.1,Bos taurus,Bos frontalis,Mammalia,4.3001,,,,,
7412,GCF_002263795.3,GCF_027580195.1,Bos taurus,Bos mutus,Mammalia,4.3001,,,,,
7413,GCF_002263795.3,GCA_014182915.2,Bos taurus,Bos gaurus,Mammalia,4.3001,,,,,
7414,GCF_029378745.1,GCA_005887515.3,Bos indicus,Bos grunniens,Mammalia,4.3001,,,,,
7415,GCF_029378745.1,GCA_043643345.1,Bos indicus,Bos frontalis,Mammalia,4.3001,,,,,
7416,GCF_029378745.1,GCF_027580195.1,Bos indicus,Bos mutus,Mammalia,4.3001,,,,,
7417,GCF_029378745.1,GCA_014182915.2,Bos indicus,Bos gaurus,Mammalia,4.3001,,,,,
7419,GCA_005887515.3,GCF_027580195.1,Bos grunniens,Bos mutus,Mammalia,0.55,,,,,
7428,GCF_029407905.1,GCA_025584935.1,Bubalus kerabau,Bubalus depressicornis,Mammalia,1.2659,,,,,
7432,GCA_963573795.1,GCA_963573385.1,Cacajao hosomi,Cacajao melanocephalus,Mammalia,1.1078,,,,,251.525411214874
7434,GCA_963573385.1,GCA_963573955.1,Cacajao melanocephalus,Cacajao calvus,Mammalia,3.4072,,,,,588.980592621948
7443,GCF_009834535.1,GCF_000767855.1,Camelus ferus,Camelus bactrianus,Mammalia,0.82006,,,,,
7445,GCF_001704415.2,GCA_000978405.1,Capra hircus,Capra aegagrus,Mammalia,0.924791,,,,,
7447,GCF_001704415.2,GCA_006410555.1,Capra hircus,Capra ibex,Mammalia,1.76776,,,,,
7448,GCF_001704415.2,GCA_038502695.1,Capra hircus,Capra falconeri,Mammalia,1.18695,,,,,
7449,GCA_000978405.1,GCA_003182615.2,Capra aegagrus,Capra sibirica,Mammalia,3.96087,,,,,0.0
7452,GCA_003182615.2,GCA_006410555.1,Capra sibirica,Capra ibex,Mammalia,3.96087,,,,,0.0
7458,GCA_000688575.1,GCA_004027695.1,Cavia aperea,Cavia tschudii,Mammalia,4.333585,,,,,19721.572232944
7463,GCA_904811095.1,GCA_904810685.1,Cercartetus caudatus,Cercartetus lepidus,Mammalia,20.1,,,,,0.0
7465,GCA_904810685.1,GCA_904810795.1,Cercartetus lepidus,Cercartetus concinnus,Mammalia,10.365,,,,,36417.9311129059
7469,GCA_963574685.1,GCA_014849445.1,Cercopithecus neglectus,Cercopithecus mona,Mammalia,5.39665,,,,,28757.0949448355
7470,GCA_963574685.1,GCA_963574815.1,Cercopithecus neglectus,Cercopithecus hamlyni,Mammalia,6.87177,,,,,104684.978624863
7476,GCA_014849445.1,GCA_963574815.1,Cercopithecus mona,Cercopithecus hamlyni,Mammalia,6.87177,,,,,0.0
7477,GCA_014849445.1,GCA_963573595.1,Cercopithecus mona,Cercopithecus roloway,Mammalia,5.86525,,,,,0.0
7479,GCA_014849445.1,GCA_963575065.1,Cercopithecus mona,Cercopithecus petaurista,Mammalia,5.86525,,,,,42864.3990014295
7480,GCA_014849445.1,GCA_963574765.1,Cercopithecus mona,Cercopithecus diana,Mammalia,5.86525,,,,,0.0
7481,GCA_014849445.1,GCA_963574115.1,Cercopithecus mona,Cercopithecus ascanius,Mammalia,5.86525,,,,,0.0
7482,GCA_963574815.1,GCA_963573595.1,Cercopithecus hamlyni,Cercopithecus roloway,Mammalia,6.87177,,,,,0.0
7483,GCA_963574815.1,GCA_963575045.1,Cercopithecus hamlyni,Cercopithecus nictitans,Mammalia,6.87177,,,,,0.0
7484,GCA_963574815.1,GCA_963575065.1,Cercopithecus hamlyni,Cercopithecus petaurista,Mammalia,6.87177,,,,,0.0
7485,GCA_963574815.1,GCA_963574765.1,Cercopithecus hamlyni,Cercopithecus diana,Mammalia,6.87177,,,,,0.0
7486,GCA_963574815.1,GCA_963574115.1,Cercopithecus hamlyni,Cercopithecus ascanius,Mammalia,6.87177,,,,,225790.385436426
7506,GCA_963574535.1,GCA_963573755.1,Cheracebus lugens,Cheracebus lucifer,Mammalia,3.3298,,,,,1175.81449615405
7507,GCA_963574635.1,GCA_963574645.1,Cheracebus regulus,Cheracebus torquatus,Mammalia,0.57999,,,,,232.660592897503
7508,GCA_963574635.1,GCA_963573755.1,Cheracebus regulus,Cheracebus lucifer,Mammalia,1.38183,,,,,160.725230921839
7509,GCA_963574645.1,GCA_963573755.1,Cheracebus torquatus,Cheracebus lucifer,Mammalia,1.38183,,,,,0.0
7512,GCA_030247385.1,GCA_963575115.1,Chlorocebus aethiops,Chlorocebus pygerythrus,Mammalia,1.89179,,,,,4025.06724793497
7519,GCA_904814135.1,GCA_904813795.1,Dasycercus blythi,Dasycercus cristicauda,Mammalia,7.04618,,,,,30024.5567619207
7520,GCA_048593245.1,GCA_020854095.1,Dasyurus maculatus,Dasyurus viverrinus,Mammalia,6.267025,,,,,63522.0701890454
7521,GCA_048593245.1,GCA_904813765.1,Dasyurus maculatus,Dasyurus hallucatus,Mammalia,8.15,,,,,23877.7634988058
7522,GCA_048593245.1,GCA_904813095.1,Dasyurus maculatus,Dasyurus geoffroii,Mammalia,6.267025,,,,,0.0
7523,GCA_048593245.1,GCA_904813945.1,Dasyurus maculatus,Dasyurus albopunctatus,Mammalia,6.267025,,,,,0.0
7524,GCA_020854095.1,GCA_904813765.1,Dasyurus viverrinus,Dasyurus hallucatus,Mammalia,8.15,,,,,0.0
7525,GCA_020854095.1,GCA_904813095.1,Dasyurus viverrinus,Dasyurus geoffroii,Mammalia,4.86,,,,,0.0
7526,GCA_020854095.1,GCA_904813945.1,Dasyurus viverrinus,Dasyurus albopunctatus,Mammalia,4.86,,,,,0.0
7527,GCA_904813765.1,GCA_904813095.1,Dasyurus hallucatus,Dasyurus geoffroii,Mammalia,8.15,,,,,0.0
7528,GCA_904813765.1,GCA_904813945.1,Dasyurus hallucatus,Dasyurus albopunctatus,Mammalia,8.15,,,,,0.0
7529,GCA_904813095.1,GCA_904813945.1,Dasyurus geoffroii,Dasyurus albopunctatus,Mammalia,3.43,,,,,0.0
7541,GCF_041296265.1,GCF_021613505.1,Equus caballus,Equus quagga,Mammalia,11.1,,,,,
7542,GCF_041296235.1,GCF_037783145.1,Equus asinus,Equus przewalskii,Mammalia,11.1,,,,,
7543,GCF_041296235.1,GCF_021613505.1,Equus asinus,Equus quagga,Mammalia,2.78,,,,,
7544,GCF_037783145.1,GCF_021613505.1,Equus przewalskii,Equus quagga,Mammalia,11.1,,,,,
7552,GCA_019924945.1,GCA_032458615.1,Felis chaus,Felis nigripes,Mammalia,4.6,,,,,0.0
7561,GCA_021498465.1,GCF_009828535.3,Hylobates pileatus,Hylobates moloch,Mammalia,4.059,,,,,0.0
7565,GCF_009828535.3,GCA_963574335.1,Hylobates moloch,Hylobates klossii,Mammalia,3.91,,,,,0.0
7566,GCF_009828535.3,GCA_963574095.1,Hylobates moloch,Hylobates agilis,Mammalia,3.1289325,,,,,0.0
7567,GCF_009828535.3,GCA_963573745.1,Hylobates moloch,Hylobates muelleri,Mammalia,3.1289325,,,,,0.0
7573,GCA_028533205.1,GCA_904812945.1,Lagorchestes hirsutus,Lagorchestes conspicillatus,Mammalia,3.39,,,,,0.0
7585,GCA_047496845.1,GCA_042027585.1,Lepus yarkandensis,Lepus capensis,Mammalia,2.933975,,,,,0.0
7586,GCA_047496845.1,GCA_004026855.1,Lepus yarkandensis,Lepus americanus,Mammalia,5.54478,,,,,0.0
7590,GCA_040893245.2,GCA_042027585.1,Lepus timidus,Lepus capensis,Mammalia,0.91692,,,,,0.0
7591,GCA_040893245.2,GCA_004026855.1,Lepus timidus,Lepus americanus,Mammalia,5.54478,,,,,0.0
7594,GCF_033115175.1,GCA_042027585.1,Lepus europaeus,Lepus capensis,Mammalia,3.12,,,,,59594.7339966548
7595,GCF_033115175.1,GCA_004026855.1,Lepus europaeus,Lepus americanus,Mammalia,5.54478,,,,,0.0
7597,GCA_036325905.1,GCA_042027585.1,Lepus oiostolus,Lepus capensis,Mammalia,2.92,,,,,288.490432402222
7598,GCA_036325905.1,GCA_004026855.1,Lepus oiostolus,Lepus americanus,Mammalia,5.54478,,,,,0.0
7600,GCA_042027585.1,GCA_004026855.1,Lepus capensis,Lepus americanus,Mammalia,5.54478,,,,,0.0
7601,GCA_042027585.1,GCA_029532125.1,Lepus capensis,Lepus townsendii,Mammalia,0.79912,,,,,0.0
7602,GCA_004026855.1,GCA_029532125.1,Lepus americanus,Lepus townsendii,Mammalia,5.54478,,,,,1529112.38417256
7605,GCF_022079265.1,GCA_900661375.1,Lynx rufus,Lynx pardinus,Mammalia,6.4543,,,,,0.0
7607,GCF_037993035.1,GCF_043159975.1,Macaca fascicularis,Macaca nemestrina,Mammalia,4.49722,,,,,1331043.20040848
7608,GCF_037993035.1,GCA_026956025.1,Macaca fascicularis,Macaca cyclopis,Mammalia,2.91591,,,,,0.0
7609,GCF_037993035.1,GCA_963573825.1,Macaca fascicularis,Macaca leonina,Mammalia,4.49722,,,,,438701.410239475
7610,GCF_037993035.1,GCA_021188215.1,Macaca fascicularis,Macaca arctoides,Mammalia,4.208425,,,,,192906.837669511
7611,GCF_037993035.1,GCA_963573735.1,Macaca fascicularis,Macaca radiata,Mammalia,4.208425,,,,,0.0
7612,GCF_037993035.1,GCA_963573625.1,Macaca fascicularis,Macaca tonkeana,Mammalia,4.49722,,,,,0.0
7613,GCF_037993035.1,GCA_928851695.1,Macaca fascicularis,Macaca nigra,Mammalia,4.49722,,,,,0.0
7614,GCF_037993035.1,GCA_030247305.1,Macaca fascicularis,Macaca assamensis,Mammalia,4.208425,,,,,46182.946846773
7615,GCF_037993035.1,GCA_030247295.1,Macaca fascicularis,Macaca silenus,Mammalia,4.49722,,,,,0.0
7616,GCF_037993035.1,GCA_963574275.1,Macaca fascicularis,Macaca siberu,Mammalia,4.49722,,,,,0.0
7617,GCF_037993035.1,GCA_963574855.1,Macaca fascicularis,Macaca maura,Mammalia,4.49722,,,,,0.0
7618,GCF_003339765.1,GCF_043159975.1,Macaca mulatta,Macaca nemestrina,Mammalia,4.49722,,,,,0.0
7619,GCF_003339765.1,GCA_026956025.1,Macaca mulatta,Macaca cyclopis,Mammalia,2.33987,,,,,0.0
7620,GCF_003339765.1,GCA_963573825.1,Macaca mulatta,Macaca leonina,Mammalia,4.49722,,,,,1021578.978831
7621,GCF_003339765.1,GCA_021188215.1,Macaca mulatta,Macaca arctoides,Mammalia,4.208425,,,,,1319097.35326438
7622,GCF_003339765.1,GCA_963573735.1,Macaca mulatta,Macaca radiata,Mammalia,4.208425,,,,,1998.32227125314
7623,GCF_003339765.1,GCA_963573625.1,Macaca mulatta,Macaca tonkeana,Mammalia,4.49722,,,,,0.0
7624,GCF_003339765.1,GCA_928851695.1,Macaca mulatta,Macaca nigra,Mammalia,4.49722,,,,,0.0
7625,GCF_003339765.1,GCA_030247305.1,Macaca mulatta,Macaca assamensis,Mammalia,4.208425,,,,,1656369.77245451
7626,GCF_003339765.1,GCA_030247295.1,Macaca mulatta,Macaca silenus,Mammalia,4.49722,,,,,0.0
7627,GCF_003339765.1,GCA_963574275.1,Macaca mulatta,Macaca siberu,Mammalia,4.49722,,,,,0.0
7628,GCF_003339765.1,GCA_963574855.1,Macaca mulatta,Macaca maura,Mammalia,4.49722,,,,,0.0
7629,GCF_043159975.1,GCA_026956025.1,Macaca nemestrina,Macaca cyclopis,Mammalia,4.49722,,,,,0.0
7630,GCF_043159975.1,GCA_963573825.1,Macaca nemestrina,Macaca leonina,Mammalia,2.28415,,,,,13670.8357346864
7631,GCF_043159975.1,GCA_021188215.1,Macaca nemestrina,Macaca arctoides,Mammalia,4.49722,,,,,14587.990712056
7635,GCF_043159975.1,GCA_030247305.1,Macaca nemestrina,Macaca assamensis,Mammalia,4.49722,,,,,0.0
7638,GCF_043159975.1,GCA_963574855.1,Macaca nemestrina,Macaca maura,Mammalia,3.55483,,,,,0.0
7640,GCA_026956025.1,GCA_021188215.1,Macaca cyclopis,Macaca arctoides,Mammalia,4.208425,,,,,0.0
7641,GCA_026956025.1,GCA_963573735.1,Macaca cyclopis,Macaca radiata,Mammalia,4.208425,,,,,0.0
7642,GCA_026956025.1,GCA_963573625.1,Macaca cyclopis,Macaca tonkeana,Mammalia,4.49722,,,,,0.0
7643,GCA_026956025.1,GCA_928851695.1,Macaca cyclopis,Macaca nigra,Mammalia,4.49722,,,,,0.0
7644,GCA_026956025.1,GCA_030247305.1,Macaca cyclopis,Macaca assamensis,Mammalia,4.208425,,,,,0.0
7645,GCA_026956025.1,GCA_030247295.1,Macaca cyclopis,Macaca silenus,Mammalia,4.49722,,,,,0.0
7646,GCA_026956025.1,GCA_963574275.1,Macaca cyclopis,Macaca siberu,Mammalia,4.49722,,,,,0.0
7647,GCA_026956025.1,GCA_963574855.1,Macaca cyclopis,Macaca maura,Mammalia,4.49722,,,,,0.0
7648,GCA_963573825.1,GCA_021188215.1,Macaca leonina,Macaca arctoides,Mammalia,4.49722,,,,,571978.592924745
7649,GCA_963573825.1,GCA_963573735.1,Macaca leonina,Macaca radiata,Mammalia,4.49722,,,,,0.0
7650,GCA_963573825.1,GCA_963573625.1,Macaca leonina,Macaca tonkeana,Mammalia,3.55483,,,,,0.0
7651,GCA_963573825.1,GCA_928851695.1,Macaca leonina,Macaca nigra,Mammalia,3.55483,,,,,0.0
7652,GCA_963573825.1,GCA_030247305.1,Macaca leonina,Macaca assamensis,Mammalia,4.49722,,,,,694507.272085797
7653,GCA_963573825.1,GCA_030247295.1,Macaca leonina,Macaca silenus,Mammalia,2.28415,,,,,0.0
7654,GCA_963573825.1,GCA_963574275.1,Macaca leonina,Macaca siberu,Mammalia,1.39505,,,,,0.0
7655,GCA_963573825.1,GCA_963574855.1,Macaca leonina,Macaca maura,Mammalia,3.55483,,,,,0.0
7656,GCA_021188215.1,GCA_963573735.1,Macaca arctoides,Macaca radiata,Mammalia,3.741435,,,,,0.0
7657,GCA_021188215.1,GCA_963573625.1,Macaca arctoides,Macaca tonkeana,Mammalia,4.49722,,,,,0.0
7658,GCA_021188215.1,GCA_928851695.1,Macaca arctoides,Macaca nigra,Mammalia,4.49722,,,,,0.0
7659,GCA_021188215.1,GCA_030247305.1,Macaca arctoides,Macaca assamensis,Mammalia,3.741435,,,,,885948.409704007
7660,GCA_021188215.1,GCA_030247295.1,Macaca arctoides,Macaca silenus,Mammalia,4.49722,,,,,0.0
7661,GCA_021188215.1,GCA_963574275.1,Macaca arctoides,Macaca siberu,Mammalia,4.49722,,,,,0.0
7662,GCA_021188215.1,GCA_963574855.1,Macaca arctoides,Macaca maura,Mammalia,4.49722,,,,,0.0
7665,GCA_963573735.1,GCA_030247305.1,Macaca radiata,Macaca assamensis,Mammalia,3.05145,,,,,0.0
7668,GCA_963573735.1,GCA_963574855.1,Macaca radiata,Macaca maura,Mammalia,4.49722,,,,,0.0
7670,GCA_963573625.1,GCA_030247305.1,Macaca tonkeana,Macaca assamensis,Mammalia,4.49722,,,,,0.0
7673,GCA_963573625.1,GCA_963574855.1,Macaca tonkeana,Macaca maura,Mammalia,2.169875,,,,,2.59718122665459
7674,GCA_928851695.1,GCA_030247305.1,Macaca nigra,Macaca assamensis,Mammalia,4.49722,,,,,0.0
7677,GCA_928851695.1,GCA_963574855.1,Macaca nigra,Macaca maura,Mammalia,2.169875,,,,,0.0
7678,GCA_030247305.1,GCA_030247295.1,Macaca assamensis,Macaca silenus,Mammalia,4.49722,,,,,0.0
7679,GCA_030247305.1,GCA_963574275.1,Macaca assamensis,Macaca siberu,Mammalia,4.49722,,,,,0.0
7680,GCA_030247305.1,GCA_963574855.1,Macaca assamensis,Macaca maura,Mammalia,4.49722,,,,,0.0
7682,GCA_030247295.1,GCA_963574855.1,Macaca silenus,Macaca maura,Mammalia,3.55483,,,,,0.0
7683,GCA_963574275.1,GCA_963574855.1,Macaca siberu,Macaca maura,Mammalia,3.55483,,,,,0.0
7695,GCA_040938815.1,GCA_964304585.1,Martes zibellina,Martes foina,Mammalia,3.8,,,,,122617.533175974
7696,GCA_029410595.1,GCA_963455335.1,Martes flavigula,Martes martes,Mammalia,6.56,,,,,0.0
7697,GCA_029410595.1,GCA_964304585.1,Martes flavigula,Martes foina,Mammalia,6.56,,,,,826715.954411139
7698,GCA_963455335.1,GCA_964304585.1,Martes martes,Martes foina,Mammalia,3.8,,,,,4546445.70221779
7706,GCF_000165445.2,GCA_008750935.1,Microcebus murinus,Microcebus tavaratra,Mammalia,9.7,,,,,0.0
7710,GCA_008750935.1,GCA_008750975.1,Microcebus tavaratra,Microcebus ravelobensis,Mammalia,7.9,,,,,0.0
7711,GCA_008750935.1,GCA_008750995.1,Microcebus tavaratra,Microcebus griseorufus,Mammalia,9.7,,,,,0.0
7712,GCA_008750935.1,GCA_008750955.1,Microcebus tavaratra,Microcebus mittermeieri,Mammalia,5.3,,,,,
7713,GCA_008750975.1,GCA_008750995.1,Microcebus ravelobensis,Microcebus griseorufus,Mammalia,9.7,,,,,0.0
7716,GCA_904812025.1,GCA_904814235.1,Microperoryctes longicauda,Microperoryctes papuensis,Mammalia,2.4729,,,,,19172.6111754672
7717,GCF_000317375.1,GCA_037038515.1,Microtus ochrogaster,Microtus pennsylvanicus,Mammalia,9.0,,,,,2367793.4099588
7720,GCF_000317375.1,GCF_018167655.1,Microtus ochrogaster,Microtus oregoni,Mammalia,9.0,,,,,0.0
7722,GCF_000317375.1,GCA_019206885.2,Microtus ochrogaster,Microtus richardsoni,Mammalia,9.0,,,,,63060.9290489791
7724,GCF_000317375.1,GCA_963919715.1,Microtus ochrogaster,Microtus obscurus,Mammalia,5.57635,,,,,
7725,GCA_037038515.1,GCA_028537955.1,Microtus pennsylvanicus,Microtus californicus,Mammalia,4.19209,,,,,0.0
7726,GCA_037038515.1,GCA_044665705.1,Microtus pennsylvanicus,Microtus arvalis,Mammalia,5.57635,,,,,0.0
7727,GCA_037038515.1,GCF_018167655.1,Microtus pennsylvanicus,Microtus oregoni,Mammalia,6.94647,,,,,7148.74702211133
7728,GCA_037038515.1,GCA_902806755.1,Microtus pennsylvanicus,Microtus agrestis,Mammalia,8.82092,,,,,0.0
7729,GCA_037038515.1,GCA_019206885.2,Microtus pennsylvanicus,Microtus richardsoni,Mammalia,8.21827,,,,,536975.844965441
7731,GCA_037038515.1,GCA_963919715.1,Microtus pennsylvanicus,Microtus obscurus,Mammalia,5.57635,,,,,
7733,GCA_028537955.1,GCF_018167655.1,Microtus californicus,Microtus oregoni,Mammalia,4.19209,,,,,40464.2574224932
7735,GCA_028537955.1,GCA_019206885.2,Microtus californicus,Microtus richardsoni,Mammalia,4.19209,,,,,30.5002113061256
7737,GCA_028537955.1,GCA_963919715.1,Microtus californicus,Microtus obscurus,Mammalia,5.57635,,,,,
7738,GCA_044665705.1,GCF_018167655.1,Microtus arvalis,Microtus oregoni,Mammalia,5.57635,,,,,0.0
7740,GCA_044665705.1,GCA_019206885.2,Microtus arvalis,Microtus richardsoni,Mammalia,5.57635,,,,,0.0
7742,GCF_018167655.1,GCA_902806755.1,Microtus oregoni,Microtus agrestis,Mammalia,8.82092,,,,,0.0
7744,GCF_018167655.1,GCA_020392405.1,Microtus oregoni,Microtus montanus,Mammalia,6.94647,,,,,44695.0886361555
7745,GCF_018167655.1,GCA_963919715.1,Microtus oregoni,Microtus obscurus,Mammalia,5.57635,,,,,
7746,GCA_902806755.1,GCA_019206885.2,Microtus agrestis,Microtus richardsoni,Mammalia,8.82092,,,,,0.0
7748,GCA_902806755.1,GCA_963919715.1,Microtus agrestis,Microtus obscurus,Mammalia,5.57635,,,,,
7749,GCA_019206885.2,GCA_020392405.1,Microtus richardsoni,Microtus montanus,Mammalia,8.21827,,,,,498256.19870072
7750,GCA_019206885.2,GCA_963919715.1,Microtus richardsoni,Microtus obscurus,Mammalia,5.57635,,,,,
7751,GCA_020392405.1,GCA_963919715.1,Microtus montanus,Microtus obscurus,Mammalia,5.57635,,,,,
7757,GCA_004024705.2,GCA_006461725.1,Moschus moschiferus,Moschus chrysogaster,Mammalia,4.0718,,,,,0.0
7766,GCA_904810575.1,GCA_904810885.1,Murexia naso,Murexia melanurus,Mammalia,9.068105,,,,,173829.451934825
7769,GCA_904811165.1,GCA_904810885.1,Murexia longicaudata,Murexia melanurus,Mammalia,9.068105,,,,,268175.571506737
7771,GCA_904813965.1,GCA_904810885.1,Murexia rothschildi,Murexia melanurus,Mammalia,11.886135,,,,,14840.2182058792
7773,GCA_904810885.1,GCA_904813625.1,Murexia melanurus,Murexia habbema,Mammalia,11.886135,,,,,141390.351215632
7774,GCF_000001635.27,GCA_921997135.2,Mus musculus,Mus spretus,Mammalia,2.664535,,,,,
7775,GCF_000001635.27,GCF_900095145.1,Mus musculus,Mus pahari,Mammalia,6.42339,,,,,
7776,GCF_000001635.27,GCF_900094665.2,Mus musculus,Mus caroli,Mammalia,4.457365,,,,,
7777,GCF_000001635.27,GCA_902729485.2,Mus musculus,Mus minutoides,Mammalia,6.76911,,,,,
7778,GCF_000001635.27,GCA_003336285.2,Mus musculus,Mus spicilegus,Mammalia,1.8,,,,,
7779,GCA_921997135.2,GCF_900095145.1,Mus spretus,Mus pahari,Mammalia,6.42339,,,,,0.0
7780,GCA_921997135.2,GCF_900094665.2,Mus spretus,Mus caroli,Mammalia,4.457365,,,,,0.0
7781,GCA_921997135.2,GCA_902729485.2,Mus spretus,Mus minutoides,Mammalia,6.76911,,,,,0.0
7782,GCA_921997135.2,GCA_003336285.2,Mus spretus,Mus spicilegus,Mammalia,2.664535,,,,,0.0
7784,GCF_900095145.1,GCA_902729485.2,Mus pahari,Mus minutoides,Mammalia,6.76911,,,,,0.0
7786,GCF_900094665.2,GCA_902729485.2,Mus caroli,Mus minutoides,Mammalia,6.76911,,,,,0.0
7787,GCF_900094665.2,GCA_003336285.2,Mus caroli,Mus spicilegus,Mammalia,4.457365,,,,,0.0
7788,GCA_902729485.2,GCA_003336285.2,Mus minutoides,Mus spicilegus,Mammalia,6.76911,,,,,0.0
7790,GCF_030435805.1,GCA_964662115.1,Mustela lutreola,Mustela nivalis,Mammalia,3.8,,,,,72568.6100261879
7791,GCF_030435805.1,GCF_022355385.1,Mustela lutreola,Mustela nigripes,Mammalia,1.1,,,,,0.0
7792,GCF_030435805.1,GCA_048197275.1,Mustela lutreola,Mustela strigidorsa,Mammalia,5.6,,,,,0.0
7793,GCF_030435805.1,GCA_048197585.1,Mustela lutreola,Mustela sibirica,Mammalia,1.7,,,,,0.0
7794,GCF_030435805.1,GCA_963422785.1,Mustela lutreola,Mustela eversmannii,Mammalia,0.5,,,,,
7795,GCF_009829155.1,GCA_964662115.1,Mustela erminea,Mustela nivalis,Mammalia,3.97,,,,,35249518.9020826
7796,GCF_009829155.1,GCF_022355385.1,Mustela erminea,Mustela nigripes,Mammalia,3.97,,,,,731.01935461947
7797,GCF_009829155.1,GCA_048197275.1,Mustela erminea,Mustela strigidorsa,Mammalia,5.6,,,,,0.0
7798,GCF_009829155.1,GCA_048197585.1,Mustela erminea,Mustela sibirica,Mammalia,3.97,,,,,8442897.27426865
7799,GCF_009829155.1,GCA_963422785.1,Mustela erminea,Mustela eversmannii,Mammalia,3.97,,,,,
7800,GCA_964662115.1,GCF_022355385.1,Mustela nivalis,Mustela nigripes,Mammalia,3.8,,,,,863.997452221392
7801,GCA_964662115.1,GCA_048197275.1,Mustela nivalis,Mustela strigidorsa,Mammalia,5.6,,,,,0.0
7802,GCA_964662115.1,GCA_048197585.1,Mustela nivalis,Mustela sibirica,Mammalia,3.8,,,,,8506886.19863746
7803,GCA_964662115.1,GCA_963422785.1,Mustela nivalis,Mustela eversmannii,Mammalia,3.8,,,,,
7804,GCF_022355385.1,GCA_048197275.1,Mustela nigripes,Mustela strigidorsa,Mammalia,5.6,,,,,0.0
7806,GCF_022355385.1,GCA_963422785.1,Mustela nigripes,Mustela eversmannii,Mammalia,1.1,,,,,
7807,GCA_048197275.1,GCA_048197585.1,Mustela strigidorsa,Mustela sibirica,Mammalia,5.6,,,,,302080.044299924
7808,GCA_048197275.1,GCA_963422785.1,Mustela strigidorsa,Mustela eversmannii,Mammalia,5.6,,,,,
7809,GCA_048197585.1,GCA_963422785.1,Mustela sibirica,Mustela eversmannii,Mammalia,1.7,,,,,
7810,GCA_904810995.1,GCA_904813865.1,Myoictis melas,Myoictis leucura,Mammalia,8.09876,,,,,0.0
7811,GCA_904810995.1,GCA_904813975.1,Myoictis melas,Myoictis wavicus,Mammalia,8.09876,,,,,0.0
7812,GCA_904810995.1,GCA_904813925.1,Myoictis melas,Myoictis wallacei,Mammalia,8.09876,,,,,0.0
7826,GCF_963259705.1,GCA_035771395.1,Myotis daubentonii,Myotis vivesi,Mammalia,12.25,,,,,0.0
7827,GCF_963259705.1,GCA_036250175.1,Myotis daubentonii,Myotis planiceps,Mammalia,12.25,,,,,0.0
7836,GCA_965115925.2,GCA_035771395.1,Myotis emarginatus,Myotis vivesi,Mammalia,12.25,,,,,0.0
7837,GCA_965115925.2,GCA_036250175.1,Myotis emarginatus,Myotis planiceps,Mammalia,12.25,,,,,0.0
7845,GCA_964212035.2,GCA_035771395.1,Myotis nattereri,Myotis vivesi,Mammalia,12.25,,,,,0.0
7846,GCA_964212035.2,GCA_036250175.1,Myotis nattereri,Myotis planiceps,Mammalia,12.25,,,,,0.0
7853,GCA_964094495.2,GCA_035771395.1,Myotis mystacinus,Myotis vivesi,Mammalia,12.25,,,,,0.0
7854,GCA_964094495.2,GCA_036250175.1,Myotis mystacinus,Myotis planiceps,Mammalia,12.25,,,,,0.0
7859,GCA_036010255.1,GCA_035771395.1,Myotis pilosus,Myotis vivesi,Mammalia,12.25,,,,,0.0
7860,GCA_036010255.1,GCA_036250175.1,Myotis pilosus,Myotis planiceps,Mammalia,12.25,,,,,0.0
7864,GCF_014108235.1,GCA_035771395.1,Myotis myotis,Myotis vivesi,Mammalia,12.25,,,,,0.0
7865,GCF_014108235.1,GCA_036250175.1,Myotis myotis,Myotis planiceps,Mammalia,12.25,,,,,0.0
7868,GCF_028538775.1,GCA_035771395.1,Myotis yumanensis,Myotis vivesi,Mammalia,7.75,,,,,5937.55532113472
7869,GCF_028538775.1,GCA_036250175.1,Myotis yumanensis,Myotis planiceps,Mammalia,9.084926,,,,,0.0
7872,GCF_000327345.1,GCA_036250175.1,Myotis davidii,Myotis planiceps,Mammalia,12.25,,,,,0.0
7873,GCF_000412655.1,GCA_035771395.1,Myotis brandtii,Myotis vivesi,Mammalia,8.685,,,,,0.0
7874,GCF_000412655.1,GCA_036250175.1,Myotis brandtii,Myotis planiceps,Mammalia,9.084926,,,,,0.0
7875,GCA_035771395.1,GCA_036250175.1,Myotis vivesi,Myotis planiceps,Mammalia,9.084926,,,,,0.0
7880,GCA_904814305.1,GCA_904813685.1,Ningaui ridei,Ningaui yvonnae,Mammalia,8.754135,,,,,
7882,GCA_904813685.1,GCA_904813995.1,Ningaui yvonnae,Ningaui timealeyi,Mammalia,12.269145,,,,,
7885,GCF_006542625.1,GCA_963574845.1,Nomascus leucogenys,Nomascus concolor,Mammalia,1.64955,,,,,0.0
7886,GCA_023783065.1,GCA_963574555.1,Nomascus siki,Nomascus gabriellae,Mammalia,1.3470265,,,,,0.0
7887,GCA_023783065.1,GCA_963574845.1,Nomascus siki,Nomascus concolor,Mammalia,1.64955,,,,,0.0
7888,GCA_963574555.1,GCA_963574845.1,Nomascus gabriellae,Nomascus concolor,Mammalia,1.64955,,,,,0.0
7889,GCF_028372415.1,GCA_904814355.1,Notamacropus eugenii,Notamacropus irma,Mammalia,4.29,,,,,11460.4354548511
7890,GCF_028372415.1,GCA_904814285.1,Notamacropus eugenii,Notamacropus agilis,Mammalia,5.225,,,,,0.0
7891,GCA_904814355.1,GCA_904814285.1,Notamacropus irma,Notamacropus agilis,Mammalia,4.29,,,,,0.0
7899,GCA_949786405.1,GCA_949786385.1,Onychomys arenicola,Onychomys leucogaster,Mammalia,4.27002,,,,,230085.288150132
7902,GCA_904811025.1,GCA_904813695.1,Osphranter rufus,Osphranter robustus,Mammalia,2.5,,,,,4870447.42431424
7903,GCA_904811025.1,GCA_904810945.1,Osphranter rufus,Osphranter antilopinus,Mammalia,2.5,,,,,90071.0456703997
7904,GCA_904813695.1,GCA_904810945.1,Osphranter robustus,Osphranter antilopinus,Mammalia,1.63,,,,,581947.812463305
7908,GCF_028858775.2,GCF_029289425.2,Pan troglodytes,Pan paniscus,Mammalia,2.3981,,,,,3.37457639990708
7919,GCF_008728515.1,GCA_030247225.1,Papio anubis,Papio hamadryas,Mammalia,0.72,,,,,79032.250191364
7920,GCF_008728515.1,GCA_963574715.1,Papio anubis,Papio cynocephalus,Mammalia,1.986615,,,,,89101.1411350647
7921,GCF_008728515.1,GCA_028645565.1,Papio anubis,Papio papio,Mammalia,1.849675,,,,,158528.783278695
7922,GCF_008728515.1,GCA_963574515.1,Papio anubis,Papio ursinus,Mammalia,1.986615,,,,,0.0
7923,GCF_008728515.1,GCA_963573405.1,Papio anubis,Papio kindae,Mammalia,1.849675,,,,,190.629749248512
7937,GCF_004664715.2,GCF_949786415.1,Peromyscus leucopus,Peromyscus eremicus,Mammalia,11.7,,,,,549789.857227436
7939,GCF_004664715.2,GCA_902168425.1,Peromyscus leucopus,Peromyscus attwateri,Mammalia,11.7,,,,,452891.786663891
7940,GCF_004664715.2,GCA_902168405.1,Peromyscus leucopus,Peromyscus aztecus,Mammalia,11.7,,,,,52862.452885456
7941,GCF_949786415.1,GCA_902168415.1,Peromyscus eremicus,Peromyscus melanophrys,Mammalia,11.7,,,,,155472.172163052
7942,GCF_949786415.1,GCA_902168425.1,Peromyscus eremicus,Peromyscus attwateri,Mammalia,11.7,,,,,0.0
7943,GCF_949786415.1,GCA_902168405.1,Peromyscus eremicus,Peromyscus aztecus,Mammalia,11.7,,,,,125.213778384285
7944,GCA_902168415.1,GCA_902168425.1,Peromyscus melanophrys,Peromyscus attwateri,Mammalia,11.7,,,,,0.0
7946,GCA_902168425.1,GCA_902168405.1,Peromyscus attwateri,Peromyscus aztecus,Mammalia,11.7,,,,,0.0
7951,GCA_904812355.1,GCA_904812265.1,Petrogale xanthopus,Petrogale rothschildi,Mammalia,6.31,,,,,0.0
7953,GCA_904812355.1,GCA_904812335.1,Petrogale xanthopus,Petrogale purpureicollis,Mammalia,6.31,,,,,0.0
7956,GCA_904812675.1,GCA_904812265.1,Petrogale godmani,Petrogale rothschildi,Mammalia,6.965,,,,,0.0
7958,GCA_904812675.1,GCA_904812335.1,Petrogale godmani,Petrogale purpureicollis,Mammalia,4.05,,,,,0.0
7961,GCA_904812265.1,GCA_904812525.1,Petrogale rothschildi,Petrogale inornata,Mammalia,6.965,,,,,0.0
7962,GCA_904812265.1,GCA_904812335.1,Petrogale rothschildi,Petrogale purpureicollis,Mammalia,6.965,,,,,0.0
7963,GCA_904812265.1,GCA_904812475.1,Petrogale rothschildi,Petrogale persephone,Mammalia,5.5,,,,,0.0
7964,GCA_904812265.1,GCA_913248055.1,Petrogale rothschildi,Petrogale lateralis,Mammalia,6.965,,,,,951.232538423145
7965,GCA_904812525.1,GCA_904812335.1,Petrogale inornata,Petrogale purpureicollis,Mammalia,4.05,,,,,0.0
7968,GCA_904812335.1,GCA_904812475.1,Petrogale purpureicollis,Petrogale persephone,Mammalia,5.5,,,,,0.0
7969,GCA_904812335.1,GCA_913248055.1,Petrogale purpureicollis,Petrogale lateralis,Mammalia,2.5,,,,,0.0
7971,GCA_028646595.1,GCA_904813505.1,Phalanger gymnotis,Phalanger carmelitae,Mammalia,6.43,,,,,198474.595898771
7972,GCA_028646595.1,GCA_904813025.1,Phalanger gymnotis,Phalanger orientalis,Mammalia,6.43,,,,,315037.567036332
7973,GCA_028646595.1,GCA_904813955.1,Phalanger gymnotis,Phalanger vestitus,Mammalia,6.43,,,,,88965.1274342536
7974,GCA_028646595.1,GCA_904814185.1,Phalanger gymnotis,Phalanger sericeus,Mammalia,6.43,,,,,197225.44693955
7975,GCA_028646595.1,GCA_904814195.1,Phalanger gymnotis,Phalanger lullulae,Mammalia,19.65,,,,,0.0
7979,GCA_904813505.1,GCA_904814195.1,Phalanger carmelitae,Phalanger lullulae,Mammalia,19.65,,,,,0.0
7982,GCA_904813025.1,GCA_904814195.1,Phalanger orientalis,Phalanger lullulae,Mammalia,19.65,,,,,0.0
7984,GCA_904813955.1,GCA_904814195.1,Phalanger vestitus,Phalanger lullulae,Mammalia,19.65,,,,,0.0
7985,GCA_904814185.1,GCA_904814195.1,Phalanger sericeus,Phalanger lullulae,Mammalia,19.65,,,,,0.0
7998,GCA_965203405.2,GCA_949987585.2,Pipistrellus pipistrellus,Pipistrellus pygmaeus,Mammalia,4.26951,,,,,1469701.08015427
8002,GCA_044885105.1,GCA_949987585.2,Pipistrellus abramus,Pipistrellus pygmaeus,Mammalia,11.846505,,,,,0.0
8007,GCA_949987585.2,GCA_963693515.1,Pipistrellus pygmaeus,Pipistrellus nathusii,Mammalia,11.7,,,,,1372081.69727184
8012,GCA_963574975.1,GCA_963574005.1,Pithecia mittermeieri,Pithecia vanzolinii,Mammalia,0.28045,,,,,0.0
8013,GCA_963574975.1,GCA_963573645.1,Pithecia mittermeieri,Pithecia hirsuta,Mammalia,0.28045,,,,,0.0
8014,GCA_963574975.1,GCA_963575305.1,Pithecia mittermeieri,Pithecia pissinatti,Mammalia,0.05274,,,,,
8015,GCA_963574975.1,GCA_963573695.1,Pithecia mittermeieri,Pithecia albicans,Mammalia,0.79721,,,,,0.0
8016,GCA_963574975.1,GCA_963574905.1,Pithecia mittermeieri,Pithecia chrysocephala,Mammalia,1.77479,,,,,35.7627705924318
8017,GCA_963574005.1,GCA_963573645.1,Pithecia vanzolinii,Pithecia hirsuta,Mammalia,0.16032,,,,,0.0
8018,GCA_963574005.1,GCA_963575305.1,Pithecia vanzolinii,Pithecia pissinatti,Mammalia,0.28045,,,,,
8019,GCA_963574005.1,GCA_963573695.1,Pithecia vanzolinii,Pithecia albicans,Mammalia,0.79721,,,,,0.0
8020,GCA_963574005.1,GCA_963574905.1,Pithecia vanzolinii,Pithecia chrysocephala,Mammalia,1.77479,,,,,0.0
8022,GCA_963573645.1,GCA_963573695.1,Pithecia hirsuta,Pithecia albicans,Mammalia,0.79721,,,,,0.0
8024,GCA_963575305.1,GCA_963573695.1,Pithecia pissinatti,Pithecia albicans,Mammalia,0.79721,,,,,
8025,GCA_963575305.1,GCA_963574905.1,Pithecia pissinatti,Pithecia chrysocephala,Mammalia,1.77479,,,,,
8035,GCA_040437455.1,GCA_963574105.1,Plecturocebus cupreus,Plecturocebus moloch,Mammalia,3.371,,,,,0.0
8036,GCA_040437455.1,GCA_963574625.1,Plecturocebus cupreus,Plecturocebus grovesi,Mammalia,3.371,,,,,0.0
8037,GCA_040437455.1,GCA_963575275.1,Plecturocebus cupreus,Plecturocebus miltoni,Mammalia,2.710105,,,,,0.0
8040,GCA_040437455.1,GCA_963575235.1,Plecturocebus cupreus,Plecturocebus dubius,Mammalia,4.12,,,,,832.324359179288
8042,GCA_040437455.1,GCA_963573415.1,Plecturocebus cupreus,Plecturocebus cinerascens,Mammalia,2.710105,,,,,0.0
8043,GCA_040437455.1,GCA_963575245.1,Plecturocebus cupreus,Plecturocebus hoffmannsi,Mammalia,3.371,,,,,0.0
8044,GCA_004027715.1,GCA_963574105.1,Plecturocebus donacophilus,Plecturocebus moloch,Mammalia,4.12,,,,,0.0
8045,GCA_004027715.1,GCA_963574625.1,Plecturocebus donacophilus,Plecturocebus grovesi,Mammalia,4.12,,,,,0.0
8046,GCA_004027715.1,GCA_963575275.1,Plecturocebus donacophilus,Plecturocebus miltoni,Mammalia,2.710105,,,,,0.0
8048,GCA_004027715.1,GCA_963575255.1,Plecturocebus donacophilus,Plecturocebus caligatus,Mammalia,0.9748,,,,,0.0
8049,GCA_004027715.1,GCA_963575235.1,Plecturocebus donacophilus,Plecturocebus dubius,Mammalia,0.9748,,,,,0.0
8051,GCA_004027715.1,GCA_963573415.1,Plecturocebus donacophilus,Plecturocebus cinerascens,Mammalia,2.710105,,,,,0.0
8052,GCA_004027715.1,GCA_963575245.1,Plecturocebus donacophilus,Plecturocebus hoffmannsi,Mammalia,4.12,,,,,0.0
8053,GCA_963574105.1,GCA_963574625.1,Plecturocebus moloch,Plecturocebus grovesi,Mammalia,0.55644,,,,,99963.195974306
8054,GCA_963574105.1,GCA_963575275.1,Plecturocebus moloch,Plecturocebus miltoni,Mammalia,2.710105,,,,,0.0
8055,GCA_963574105.1,GCA_963573885.1,Plecturocebus moloch,Plecturocebus brunneus,Mammalia,2.959,,,,,0.0
8056,GCA_963574105.1,GCA_963575255.1,Plecturocebus moloch,Plecturocebus caligatus,Mammalia,4.12,,,,,0.0
8057,GCA_963574105.1,GCA_963575235.1,Plecturocebus moloch,Plecturocebus dubius,Mammalia,4.12,,,,,0.0
8058,GCA_963574105.1,GCA_963574705.1,Plecturocebus moloch,Plecturocebus bernhardi,Mammalia,1.39885,,,,,0.0
8059,GCA_963574105.1,GCA_963573415.1,Plecturocebus moloch,Plecturocebus cinerascens,Mammalia,2.710105,,,,,282.535600207763
8060,GCA_963574105.1,GCA_963575245.1,Plecturocebus moloch,Plecturocebus hoffmannsi,Mammalia,1.6411,,,,,106.830418046836
8061,GCA_963574625.1,GCA_963575275.1,Plecturocebus grovesi,Plecturocebus miltoni,Mammalia,2.710105,,,,,0.0
8062,GCA_963574625.1,GCA_963573885.1,Plecturocebus grovesi,Plecturocebus brunneus,Mammalia,2.959,,,,,0.0
8063,GCA_963574625.1,GCA_963575255.1,Plecturocebus grovesi,Plecturocebus caligatus,Mammalia,4.12,,,,,0.0
8064,GCA_963574625.1,GCA_963575235.1,Plecturocebus grovesi,Plecturocebus dubius,Mammalia,4.12,,,,,0.0
8066,GCA_963574625.1,GCA_963573415.1,Plecturocebus grovesi,Plecturocebus cinerascens,Mammalia,2.710105,,,,,825.561869074979
8067,GCA_963574625.1,GCA_963575245.1,Plecturocebus grovesi,Plecturocebus hoffmannsi,Mammalia,1.6411,,,,,0.0
8068,GCA_963575275.1,GCA_963573885.1,Plecturocebus miltoni,Plecturocebus brunneus,Mammalia,2.710105,,,,,0.0
8069,GCA_963575275.1,GCA_963575255.1,Plecturocebus miltoni,Plecturocebus caligatus,Mammalia,2.710105,,,,,0.0
8070,GCA_963575275.1,GCA_963575235.1,Plecturocebus miltoni,Plecturocebus dubius,Mammalia,2.710105,,,,,0.0
8071,GCA_963575275.1,GCA_963574705.1,Plecturocebus miltoni,Plecturocebus bernhardi,Mammalia,2.710105,,,,,441.795708928091
8072,GCA_963575275.1,GCA_963573415.1,Plecturocebus miltoni,Plecturocebus cinerascens,Mammalia,0.937345,,,,,61066.2076062619
8073,GCA_963575275.1,GCA_963575245.1,Plecturocebus miltoni,Plecturocebus hoffmannsi,Mammalia,2.710105,,,,,0.0
8074,GCA_963573885.1,GCA_963575255.1,Plecturocebus brunneus,Plecturocebus caligatus,Mammalia,4.12,,,,,0.0
8075,GCA_963573885.1,GCA_963575235.1,Plecturocebus brunneus,Plecturocebus dubius,Mammalia,4.12,,,,,98.6760655614956
8077,GCA_963573885.1,GCA_963573415.1,Plecturocebus brunneus,Plecturocebus cinerascens,Mammalia,2.710105,,,,,0.0
8078,GCA_963573885.1,GCA_963575245.1,Plecturocebus brunneus,Plecturocebus hoffmannsi,Mammalia,2.959,,,,,0.0
8079,GCA_963575255.1,GCA_963575235.1,Plecturocebus caligatus,Plecturocebus dubius,Mammalia,0.09359,,,,,0.0
8080,GCA_963575255.1,GCA_963574705.1,Plecturocebus caligatus,Plecturocebus bernhardi,Mammalia,4.12,,,,,157.252012519896
8081,GCA_963575255.1,GCA_963573415.1,Plecturocebus caligatus,Plecturocebus cinerascens,Mammalia,2.710105,,,,,71.0559519425175
8082,GCA_963575255.1,GCA_963575245.1,Plecturocebus caligatus,Plecturocebus hoffmannsi,Mammalia,4.12,,,,,0.0
8083,GCA_963575235.1,GCA_963574705.1,Plecturocebus dubius,Plecturocebus bernhardi,Mammalia,4.12,,,,,0.0
8084,GCA_963575235.1,GCA_963573415.1,Plecturocebus dubius,Plecturocebus cinerascens,Mammalia,2.710105,,,,,0.0
8085,GCA_963575235.1,GCA_963575245.1,Plecturocebus dubius,Plecturocebus hoffmannsi,Mammalia,4.12,,,,,0.0
8086,GCA_963574705.1,GCA_963573415.1,Plecturocebus bernhardi,Plecturocebus cinerascens,Mammalia,2.710105,,,,,308.604218287179
8087,GCA_963574705.1,GCA_963575245.1,Plecturocebus bernhardi,Plecturocebus hoffmannsi,Mammalia,1.6411,,,,,0.0
8088,GCA_963573415.1,GCA_963575245.1,Plecturocebus cinerascens,Plecturocebus hoffmannsi,Mammalia,2.710105,,,,,381.357512774189
8113,GCA_904812015.1,GCA_904814015.1,Pseudantechinus bilarni,Pseudantechinus roryi,Mammalia,13.13022,,,,,0.0
8114,GCA_904812015.1,GCA_904813655.1,Pseudantechinus bilarni,Pseudantechinus ningbing,Mammalia,13.13022,,,,,11910.2473078715
8115,GCA_904812015.1,GCA_904810565.1,Pseudantechinus bilarni,Pseudantechinus woolleyae,Mammalia,13.13022,,,,,0.0
8116,GCA_904810615.1,GCA_904814015.1,Pseudantechinus macdonnellensis,Pseudantechinus roryi,Mammalia,5.00456,,,,,26907.669814483
8117,GCA_904810615.1,GCA_904813655.1,Pseudantechinus macdonnellensis,Pseudantechinus ningbing,Mammalia,8.72024,,,,,0.0
8118,GCA_904810615.1,GCA_904810565.1,Pseudantechinus macdonnellensis,Pseudantechinus woolleyae,Mammalia,9.83403,,,,,0.0
8119,GCA_904814015.1,GCA_904813655.1,Pseudantechinus roryi,Pseudantechinus ningbing,Mammalia,8.72024,,,,,0.0
8120,GCA_904814015.1,GCA_904810565.1,Pseudantechinus roryi,Pseudantechinus woolleyae,Mammalia,9.83403,,,,,198110.92525667
8121,GCA_904813655.1,GCA_904810565.1,Pseudantechinus ningbing,Pseudantechinus woolleyae,Mammalia,9.83403,,,,,0.0
8137,GCF_000325575.1,GCF_902729225.1,Pteropus alecto,Pteropus vampyrus,Mammalia,7.063275,,,,,11089.1971354421
8142,GCA_004024825.1,GCA_963574085.1,Pygathrix nemaeus,Pygathrix cinerea,Mammalia,0.7,,,,,5478.04989051165
8144,GCF_004115265.2,GCA_043728065.1,Rhinolophus ferrumequinum,Rhinolophus affinis,Mammalia,14.05,,,,,1527210.78723115
8145,GCF_004115265.2,GCF_001888835.1,Rhinolophus ferrumequinum,Rhinolophus sinicus,Mammalia,35.1,,,,,1331808.28850291
8146,GCF_004115265.2,GCA_041825415.1,Rhinolophus ferrumequinum,Rhinolophus rex,Mammalia,35.1,,,,,1034913.24206467
8147,GCF_004115265.2,GCA_043728145.1,Rhinolophus ferrumequinum,Rhinolophus trifoliatus,Mammalia,17.3832,,,,,5029.50446524893
8148,GCF_004115265.2,GCA_964194215.2,Rhinolophus ferrumequinum,Rhinolophus hipposideros,Mammalia,22.29461,,,,,4525328.40224259
8149,GCA_043728065.1,GCF_001888835.1,Rhinolophus affinis,Rhinolophus sinicus,Mammalia,35.1,,,,,1937921.01270133
8150,GCA_043728065.1,GCA_041825415.1,Rhinolophus affinis,Rhinolophus rex,Mammalia,35.1,,,,,1519115.30707285
8151,GCA_043728065.1,GCA_043728145.1,Rhinolophus affinis,Rhinolophus trifoliatus,Mammalia,17.3832,,,,,1102277.95510328
8152,GCA_043728065.1,GCA_964194215.2,Rhinolophus affinis,Rhinolophus hipposideros,Mammalia,14.05,,,,,0.0
8154,GCF_001888835.1,GCA_043728145.1,Rhinolophus sinicus,Rhinolophus trifoliatus,Mammalia,35.1,,,,,3156.61703281143
8156,GCA_041825415.1,GCA_043728145.1,Rhinolophus rex,Rhinolophus trifoliatus,Mammalia,35.1,,,,,2031.06958039339
8157,GCA_041825415.1,GCA_964194215.2,Rhinolophus rex,Rhinolophus hipposideros,Mammalia,35.1,,,,,0.0
8158,GCA_043728145.1,GCA_964194215.2,Rhinolophus trifoliatus,Rhinolophus hipposideros,Mammalia,17.3832,,,,,0.0
8164,GCF_014176215.1,GCA_015472975.1,Rousettus aegyptiacus,Rousettus leschenaultii,Mammalia,5.62677,,,,,0.0
8170,GCA_031835075.1,GCA_963574215.1,Saguinus oedipus,Saguinus geoffroyi,Mammalia,1.04,,,,,
8171,GCA_031835075.1,GCA_963574455.1,Saguinus oedipus,Saguinus bicolor,Mammalia,5.383655,,,,,
8176,GCA_021498475.1,GCA_963574215.1,Saguinus midas,Saguinus geoffroyi,Mammalia,5.383655,,,,,
8177,GCA_021498475.1,GCA_963574455.1,Saguinus midas,Saguinus bicolor,Mammalia,2.82,,,,,1618.56157061969
8181,GCA_004024885.1,GCA_963574215.1,Saguinus imperator,Saguinus geoffroyi,Mammalia,7.00084,,,,,
8182,GCA_004024885.1,GCA_963574455.1,Saguinus imperator,Saguinus bicolor,Mammalia,7.00084,,,,,
8185,GCA_963574735.1,GCA_963574215.1,Saguinus inustus,Saguinus geoffroyi,Mammalia,8.8,,,,,
8186,GCA_963574735.1,GCA_963574455.1,Saguinus inustus,Saguinus bicolor,Mammalia,8.8,,,,,
8188,GCA_963574345.1,GCA_963574215.1,Saguinus mystax,Saguinus geoffroyi,Mammalia,7.00084,,,,,
8189,GCA_963574345.1,GCA_963574455.1,Saguinus mystax,Saguinus bicolor,Mammalia,7.00084,,,,,0.0
8192,GCA_963574215.1,GCA_963575005.1,Saguinus geoffroyi,Saguinus labiatus,Mammalia,7.00084,,,,,
8193,GCA_963574455.1,GCA_963575005.1,Saguinus bicolor,Saguinus labiatus,Mammalia,7.00084,,,,,
8194,GCF_016699345.2,GCA_963573395.1,Saimiri boliviensis,Saimiri cassiquiarensis,Mammalia,2.09,,,,,42033.1706618315
8196,GCF_016699345.2,GCA_963573505.1,Saimiri boliviensis,Saimiri macrodon,Mammalia,2.09,,,,,
8197,GCF_016699345.2,GCA_963574015.1,Saimiri boliviensis,Saimiri ustus,Mammalia,2.09,,,,,21597.6937587437
8198,GCA_963573395.1,GCA_963574195.1,Saimiri cassiquiarensis,Saimiri oerstedii,Mammalia,1.13188,,,,,0.0
8199,GCA_963573395.1,GCA_963573505.1,Saimiri cassiquiarensis,Saimiri macrodon,Mammalia,0.44453,,,,,
8200,GCA_963573395.1,GCA_963574015.1,Saimiri cassiquiarensis,Saimiri ustus,Mammalia,1.13188,,,,,0.0
8201,GCA_963574195.1,GCA_963573505.1,Saimiri oerstedii,Saimiri macrodon,Mammalia,1.13188,,,,,
8203,GCA_963573505.1,GCA_963574015.1,Saimiri macrodon,Saimiri ustus,Mammalia,1.13188,,,,,
8208,GCA_048593235.1,GCA_904813265.1,Sminthopsis crassicaudata,Sminthopsis macroura,Mammalia,13.8602,,,,,2326855.85385932
8209,GCA_048593235.1,GCA_904810755.1,Sminthopsis crassicaudata,Sminthopsis longicaudata,Mammalia,18.86478,,,,,388082.966749739
8210,GCA_048593235.1,GCA_904810705.1,Sminthopsis crassicaudata,Sminthopsis psammophila,Mammalia,18.86478,,,,,7619.61748263877
8211,GCA_048593235.1,GCA_904810625.1,Sminthopsis crassicaudata,Sminthopsis ooldea,Mammalia,18.86478,,,,,763827.273390029
8212,GCA_048593235.1,GCA_904813665.1,Sminthopsis crassicaudata,Sminthopsis leucopus,Mammalia,18.86478,,,,,6437.56847766762
8213,GCA_048593235.1,GCA_904813735.1,Sminthopsis crassicaudata,Sminthopsis bindi,Mammalia,13.8602,,,,,0.0
8214,GCA_048593235.1,GCA_904814065.1,Sminthopsis crassicaudata,Sminthopsis aitkeni,Mammalia,18.86478,,,,,
8215,GCA_048593235.1,GCA_904813815.1,Sminthopsis crassicaudata,Sminthopsis youngsoni,Mammalia,18.86478,,,,,518140.654927335
8216,GCA_048593235.1,GCA_904813715.1,Sminthopsis crassicaudata,Sminthopsis murina,Mammalia,18.86478,,,,,675971.186936093
8217,GCA_048593235.1,GCA_904814105.1,Sminthopsis crassicaudata,Sminthopsis griseoventer,Mammalia,18.86478,,,,,98318.7959053666
8218,GCA_048593235.1,GCA_904813645.1,Sminthopsis crassicaudata,Sminthopsis granulipes,Mammalia,18.86478,,,,,102873.346647846
8219,GCA_048593235.1,GCA_904814115.1,Sminthopsis crassicaudata,Sminthopsis dolichura,Mammalia,18.86478,,,,,551198.174237867
8220,GCA_048593235.1,GCA_904813775.1,Sminthopsis crassicaudata,Sminthopsis virginiae,Mammalia,13.8602,,,,,0.0
8221,GCA_048593235.1,GCA_904814045.1,Sminthopsis crassicaudata,Sminthopsis gilberti,Mammalia,18.86478,,,,,69949.6325607154
8222,GCA_048593235.1,GCA_904810655.1,Sminthopsis crassicaudata,Sminthopsis hirtipes,Mammalia,18.86478,,,,,760915.24467502
8232,GCA_904813265.1,GCA_904813645.1,Sminthopsis macroura,Sminthopsis granulipes,Mammalia,18.86478,,,,,0.0
8233,GCA_904813265.1,GCA_904814115.1,Sminthopsis macroura,Sminthopsis dolichura,Mammalia,18.86478,,,,,78877.438560556
8235,GCA_904813265.1,GCA_904814045.1,Sminthopsis macroura,Sminthopsis gilberti,Mammalia,18.86478,,,,,0.0
8236,GCA_904813265.1,GCA_904810655.1,Sminthopsis macroura,Sminthopsis hirtipes,Mammalia,18.86478,,,,,605521.108436404
8245,GCA_904810755.1,GCA_904813645.1,Sminthopsis longicaudata,Sminthopsis granulipes,Mammalia,14.535975,,,,,0.0
8246,GCA_904810755.1,GCA_904814115.1,Sminthopsis longicaudata,Sminthopsis dolichura,Mammalia,14.535975,,,,,23288.0433014879
8248,GCA_904810755.1,GCA_904814045.1,Sminthopsis longicaudata,Sminthopsis gilberti,Mammalia,14.535975,,,,,0.0
8249,GCA_904810755.1,GCA_904810655.1,Sminthopsis longicaudata,Sminthopsis hirtipes,Mammalia,14.535975,,,,,366225.208583913
8257,GCA_904810705.1,GCA_904813645.1,Sminthopsis psammophila,Sminthopsis granulipes,Mammalia,14.75346,,,,,0.0
8258,GCA_904810705.1,GCA_904814115.1,Sminthopsis psammophila,Sminthopsis dolichura,Mammalia,11.345405,,,,,7619.61748263877
8260,GCA_904810705.1,GCA_904814045.1,Sminthopsis psammophila,Sminthopsis gilberti,Mammalia,11.345405,,,,,0.0
8261,GCA_904810705.1,GCA_904810655.1,Sminthopsis psammophila,Sminthopsis hirtipes,Mammalia,10.33121,,,,,4501.04684801744
8268,GCA_904810625.1,GCA_904813645.1,Sminthopsis ooldea,Sminthopsis granulipes,Mammalia,14.75346,,,,,0.0
8269,GCA_904810625.1,GCA_904814115.1,Sminthopsis ooldea,Sminthopsis dolichura,Mammalia,7.11961,,,,,33806.9000235616
8271,GCA_904810625.1,GCA_904814045.1,Sminthopsis ooldea,Sminthopsis gilberti,Mammalia,9.94506,,,,,0.0
8272,GCA_904810625.1,GCA_904810655.1,Sminthopsis ooldea,Sminthopsis hirtipes,Mammalia,11.345405,,,,,726004.8773827
8278,GCA_904813665.1,GCA_904813645.1,Sminthopsis leucopus,Sminthopsis granulipes,Mammalia,14.75346,,,,,0.0
8279,GCA_904813665.1,GCA_904814115.1,Sminthopsis leucopus,Sminthopsis dolichura,Mammalia,9.94506,,,,,0.0
8281,GCA_904813665.1,GCA_904814045.1,Sminthopsis leucopus,Sminthopsis gilberti,Mammalia,8.55557,,,,,0.0
8282,GCA_904813665.1,GCA_904810655.1,Sminthopsis leucopus,Sminthopsis hirtipes,Mammalia,11.345405,,,,,0.0
8287,GCA_904813735.1,GCA_904813645.1,Sminthopsis bindi,Sminthopsis granulipes,Mammalia,18.86478,,,,,0.0
8288,GCA_904813735.1,GCA_904814115.1,Sminthopsis bindi,Sminthopsis dolichura,Mammalia,18.86478,,,,,0.0
8290,GCA_904813735.1,GCA_904814045.1,Sminthopsis bindi,Sminthopsis gilberti,Mammalia,18.86478,,,,,0.0
8291,GCA_904813735.1,GCA_904810655.1,Sminthopsis bindi,Sminthopsis hirtipes,Mammalia,18.86478,,,,,0.0
8295,GCA_904814065.1,GCA_904813645.1,Sminthopsis aitkeni,Sminthopsis granulipes,Mammalia,13.17083,,,,,
8296,GCA_904814065.1,GCA_904814115.1,Sminthopsis aitkeni,Sminthopsis dolichura,Mammalia,14.75346,,,,,
8298,GCA_904814065.1,GCA_904814045.1,Sminthopsis aitkeni,Sminthopsis gilberti,Mammalia,14.75346,,,,,
8299,GCA_904814065.1,GCA_904810655.1,Sminthopsis aitkeni,Sminthopsis hirtipes,Mammalia,14.75346,,,,,
8302,GCA_904813815.1,GCA_904813645.1,Sminthopsis youngsoni,Sminthopsis granulipes,Mammalia,14.75346,,,,,0.0
8303,GCA_904813815.1,GCA_904814115.1,Sminthopsis youngsoni,Sminthopsis dolichura,Mammalia,11.345405,,,,,0.0
8305,GCA_904813815.1,GCA_904814045.1,Sminthopsis youngsoni,Sminthopsis gilberti,Mammalia,11.345405,,,,,0.0
8306,GCA_904813815.1,GCA_904810655.1,Sminthopsis youngsoni,Sminthopsis hirtipes,Mammalia,10.33121,,,,,354982.999458248
8308,GCA_904813715.1,GCA_904813645.1,Sminthopsis murina,Sminthopsis granulipes,Mammalia,14.75346,,,,,0.0
8309,GCA_904813715.1,GCA_904814115.1,Sminthopsis murina,Sminthopsis dolichura,Mammalia,9.94506,,,,,0.0
8311,GCA_904813715.1,GCA_904814045.1,Sminthopsis murina,Sminthopsis gilberti,Mammalia,5.06286,,,,,0.0
8312,GCA_904813715.1,GCA_904810655.1,Sminthopsis murina,Sminthopsis hirtipes,Mammalia,11.345405,,,,,0.0
8313,GCA_904814105.1,GCA_904813645.1,Sminthopsis griseoventer,Sminthopsis granulipes,Mammalia,13.17083,,,,,39094.4106371949
8314,GCA_904814105.1,GCA_904814115.1,Sminthopsis griseoventer,Sminthopsis dolichura,Mammalia,14.75346,,,,,24380.5514249075
8316,GCA_904814105.1,GCA_904814045.1,Sminthopsis griseoventer,Sminthopsis gilberti,Mammalia,14.75346,,,,,16033.4894669772
8317,GCA_904814105.1,GCA_904810655.1,Sminthopsis griseoventer,Sminthopsis hirtipes,Mammalia,14.75346,,,,,0.0
8318,GCA_904813645.1,GCA_904814115.1,Sminthopsis granulipes,Sminthopsis dolichura,Mammalia,14.75346,,,,,45449.5561985799
8319,GCA_904813645.1,GCA_904813775.1,Sminthopsis granulipes,Sminthopsis virginiae,Mammalia,18.86478,,,,,0.0
8320,GCA_904813645.1,GCA_904814045.1,Sminthopsis granulipes,Sminthopsis gilberti,Mammalia,14.75346,,,,,44880.3398140614
8321,GCA_904813645.1,GCA_904810655.1,Sminthopsis granulipes,Sminthopsis hirtipes,Mammalia,14.75346,,,,,5199.84109430099
8322,GCA_904814115.1,GCA_904813775.1,Sminthopsis dolichura,Sminthopsis virginiae,Mammalia,18.86478,,,,,0.0
8323,GCA_904814115.1,GCA_904814045.1,Sminthopsis dolichura,Sminthopsis gilberti,Mammalia,9.94506,,,,,9655.1580107137
8324,GCA_904814115.1,GCA_904810655.1,Sminthopsis dolichura,Sminthopsis hirtipes,Mammalia,11.345405,,,,,106642.969393609
8325,GCA_904813775.1,GCA_904814045.1,Sminthopsis virginiae,Sminthopsis gilberti,Mammalia,18.86478,,,,,0.0
8326,GCA_904813775.1,GCA_904810655.1,Sminthopsis virginiae,Sminthopsis hirtipes,Mammalia,18.86478,,,,,0.0
8327,GCA_904814045.1,GCA_904810655.1,Sminthopsis gilberti,Sminthopsis hirtipes,Mammalia,11.345405,,,,,0.0
8328,GCF_027595985.1,GCA_041430695.1,Sorex araneus,Sorex ornatus,Mammalia,9.9,,,,,0.0
8330,GCF_027595985.1,GCA_030324115.1,Sorex araneus,Sorex maritimensis,Mammalia,5.5,,,,,0.0
8331,GCF_027595985.1,GCA_028565675.1,Sorex araneus,Sorex palustris,Mammalia,17.8272,,,,,0.0
8332,GCA_041430695.1,GCF_029834395.1,Sorex ornatus,Sorex fumeus,Mammalia,9.39,,,,,0.0
8333,GCA_041430695.1,GCA_030324115.1,Sorex ornatus,Sorex maritimensis,Mammalia,9.9,,,,,0.0
8334,GCA_041430695.1,GCA_028565675.1,Sorex ornatus,Sorex palustris,Mammalia,9.9,,,,,66999.8952548618
8335,GCF_029834395.1,GCA_030324115.1,Sorex fumeus,Sorex maritimensis,Mammalia,9.9,,,,,61267.262795429
8337,GCA_030324115.1,GCA_028565675.1,Sorex maritimensis,Sorex palustris,Mammalia,17.8272,,,,,61267.6547973905
8351,GCF_009764315.1,GCA_963574125.1,Trachypithecus francoisi,Trachypithecus phayrei,Mammalia,2.544215,,,,,0.0
8352,GCF_009764315.1,GCA_963573545.1,Trachypithecus francoisi,Trachypithecus geei,Mammalia,5.9701,,,,,0.0
8353,GCF_009764315.1,GCA_963574185.1,Trachypithecus francoisi,Trachypithecus johnii,Mammalia,10.54606,,,,,
8354,GCF_009764315.1,GCA_963573585.1,Trachypithecus francoisi,Trachypithecus laotum,Mammalia,1.4252,,,,,0.0
8355,GCF_009764315.1,GCA_963574155.1,Trachypithecus francoisi,Trachypithecus auratus,Mammalia,3.3,,,,,0.0
8357,GCF_009764315.1,GCA_963573805.1,Trachypithecus francoisi,Trachypithecus pileatus,Mammalia,5.9701,,,,,0.0
8358,GCF_009764315.1,GCA_963574075.1,Trachypithecus francoisi,Trachypithecus obscurus,Mammalia,3.3,,,,,0.0
8359,GCF_009764315.1,GCA_963573355.1,Trachypithecus francoisi,Trachypithecus hatinhensis,Mammalia,0.85,,,,,0.0
8360,GCA_963573455.1,GCA_963574045.1,Trachypithecus germaini,Trachypithecus cristatus,Mammalia,1.24871,,,,,0.0
8361,GCA_963573455.1,GCA_963573475.1,Trachypithecus germaini,Trachypithecus poliocephalus,Mammalia,3.3,,,,,0.0
8362,GCA_963573455.1,GCA_963574125.1,Trachypithecus germaini,Trachypithecus phayrei,Mammalia,3.3,,,,,0.0
8363,GCA_963573455.1,GCA_963573545.1,Trachypithecus germaini,Trachypithecus geei,Mammalia,5.9701,,,,,0.0
8364,GCA_963573455.1,GCA_963574185.1,Trachypithecus germaini,Trachypithecus johnii,Mammalia,10.54606,,,,,
8365,GCA_963573455.1,GCA_963573585.1,Trachypithecus germaini,Trachypithecus laotum,Mammalia,3.3,,,,,0.0
8366,GCA_963573455.1,GCA_963574155.1,Trachypithecus germaini,Trachypithecus auratus,Mammalia,1.24871,,,,,0.0
8367,GCA_963573455.1,GCA_963574985.1,Trachypithecus germaini,Trachypithecus vetulus,Mammalia,10.54606,,,,,
8368,GCA_963573455.1,GCA_963573805.1,Trachypithecus germaini,Trachypithecus pileatus,Mammalia,5.9701,,,,,0.0
8369,GCA_963573455.1,GCA_963574075.1,Trachypithecus germaini,Trachypithecus obscurus,Mammalia,2.76,,,,,318.343293075831
8370,GCA_963573455.1,GCA_963573355.1,Trachypithecus germaini,Trachypithecus hatinhensis,Mammalia,3.3,,,,,0.0
8372,GCA_963574045.1,GCA_963574125.1,Trachypithecus cristatus,Trachypithecus phayrei,Mammalia,3.3,,,,,0.0
8373,GCA_963574045.1,GCA_963573545.1,Trachypithecus cristatus,Trachypithecus geei,Mammalia,5.9701,,,,,0.0
8374,GCA_963574045.1,GCA_963574185.1,Trachypithecus cristatus,Trachypithecus johnii,Mammalia,10.54606,,,,,
8375,GCA_963574045.1,GCA_963573585.1,Trachypithecus cristatus,Trachypithecus laotum,Mammalia,3.3,,,,,0.0
8376,GCA_963574045.1,GCA_963574155.1,Trachypithecus cristatus,Trachypithecus auratus,Mammalia,0.94816,,,,,0.0
8378,GCA_963574045.1,GCA_963573805.1,Trachypithecus cristatus,Trachypithecus pileatus,Mammalia,5.9701,,,,,0.0
8379,GCA_963574045.1,GCA_963574075.1,Trachypithecus cristatus,Trachypithecus obscurus,Mammalia,2.76,,,,,32603.4271041774
8380,GCA_963574045.1,GCA_963573355.1,Trachypithecus cristatus,Trachypithecus hatinhensis,Mammalia,3.3,,,,,0.0
8382,GCA_963573475.1,GCA_963573545.1,Trachypithecus poliocephalus,Trachypithecus geei,Mammalia,5.9701,,,,,0.0
8383,GCA_963573475.1,GCA_963574185.1,Trachypithecus poliocephalus,Trachypithecus johnii,Mammalia,10.54606,,,,,
8384,GCA_963573475.1,GCA_963573585.1,Trachypithecus poliocephalus,Trachypithecus laotum,Mammalia,1.4252,,,,,0.0
8385,GCA_963573475.1,GCA_963574155.1,Trachypithecus poliocephalus,Trachypithecus auratus,Mammalia,3.3,,,,,0.0
8387,GCA_963573475.1,GCA_963573805.1,Trachypithecus poliocephalus,Trachypithecus pileatus,Mammalia,5.9701,,,,,0.0
8388,GCA_963573475.1,GCA_963574075.1,Trachypithecus poliocephalus,Trachypithecus obscurus,Mammalia,3.3,,,,,0.0
8389,GCA_963573475.1,GCA_963573355.1,Trachypithecus poliocephalus,Trachypithecus hatinhensis,Mammalia,0.85,,,,,0.0
8390,GCA_963574125.1,GCA_963573545.1,Trachypithecus phayrei,Trachypithecus geei,Mammalia,5.9701,,,,,0.0
8391,GCA_963574125.1,GCA_963574185.1,Trachypithecus phayrei,Trachypithecus johnii,Mammalia,10.54606,,,,,
8392,GCA_963574125.1,GCA_963573585.1,Trachypithecus phayrei,Trachypithecus laotum,Mammalia,2.544215,,,,,0.0
8393,GCA_963574125.1,GCA_963574155.1,Trachypithecus phayrei,Trachypithecus auratus,Mammalia,3.3,,,,,0.0
8394,GCA_963574125.1,GCA_963574985.1,Trachypithecus phayrei,Trachypithecus vetulus,Mammalia,10.54606,,,,,
8395,GCA_963574125.1,GCA_963573805.1,Trachypithecus phayrei,Trachypithecus pileatus,Mammalia,5.9701,,,,,89624.3011368827
8396,GCA_963574125.1,GCA_963574075.1,Trachypithecus phayrei,Trachypithecus obscurus,Mammalia,3.3,,,,,0.0
8397,GCA_963574125.1,GCA_963573355.1,Trachypithecus phayrei,Trachypithecus hatinhensis,Mammalia,2.544215,,,,,0.0
8398,GCA_963573545.1,GCA_963574185.1,Trachypithecus geei,Trachypithecus johnii,Mammalia,10.54606,,,,,
8399,GCA_963573545.1,GCA_963573585.1,Trachypithecus geei,Trachypithecus laotum,Mammalia,5.9701,,,,,0.0
8400,GCA_963573545.1,GCA_963574155.1,Trachypithecus geei,Trachypithecus auratus,Mammalia,5.9701,,,,,0.0
8401,GCA_963573545.1,GCA_963574985.1,Trachypithecus geei,Trachypithecus vetulus,Mammalia,10.54606,,,,,
8402,GCA_963573545.1,GCA_963573805.1,Trachypithecus geei,Trachypithecus pileatus,Mammalia,0.474135,,,,,114.359818954645
8403,GCA_963573545.1,GCA_963574075.1,Trachypithecus geei,Trachypithecus obscurus,Mammalia,5.9701,,,,,0.0
8404,GCA_963573545.1,GCA_963573355.1,Trachypithecus geei,Trachypithecus hatinhensis,Mammalia,5.9701,,,,,0.0
8405,GCA_963574185.1,GCA_963573585.1,Trachypithecus johnii,Trachypithecus laotum,Mammalia,10.54606,,,,,
8406,GCA_963574185.1,GCA_963574155.1,Trachypithecus johnii,Trachypithecus auratus,Mammalia,10.54606,,,,,
8407,GCA_963574185.1,GCA_963574985.1,Trachypithecus johnii,Trachypithecus vetulus,Mammalia,2.789775,,,,,
8408,GCA_963574185.1,GCA_963573805.1,Trachypithecus johnii,Trachypithecus pileatus,Mammalia,10.54606,,,,,
8409,GCA_963574185.1,GCA_963574075.1,Trachypithecus johnii,Trachypithecus obscurus,Mammalia,10.54606,,,,,
8410,GCA_963574185.1,GCA_963573355.1,Trachypithecus johnii,Trachypithecus hatinhensis,Mammalia,10.54606,,,,,
8411,GCA_963573585.1,GCA_963574155.1,Trachypithecus laotum,Trachypithecus auratus,Mammalia,3.3,,,,,0.0
8412,GCA_963573585.1,GCA_963574985.1,Trachypithecus laotum,Trachypithecus vetulus,Mammalia,10.54606,,,,,
8413,GCA_963573585.1,GCA_963573805.1,Trachypithecus laotum,Trachypithecus pileatus,Mammalia,5.9701,,,,,0.0
8414,GCA_963573585.1,GCA_963574075.1,Trachypithecus laotum,Trachypithecus obscurus,Mammalia,3.3,,,,,0.0
8415,GCA_963573585.1,GCA_963573355.1,Trachypithecus laotum,Trachypithecus hatinhensis,Mammalia,1.4252,,,,,314.323464750536
8416,GCA_963574155.1,GCA_963574985.1,Trachypithecus auratus,Trachypithecus vetulus,Mammalia,10.54606,,,,,
8417,GCA_963574155.1,GCA_963573805.1,Trachypithecus auratus,Trachypithecus pileatus,Mammalia,5.9701,,,,,0.0
8418,GCA_963574155.1,GCA_963574075.1,Trachypithecus auratus,Trachypithecus obscurus,Mammalia,2.76,,,,,0.0
8419,GCA_963574155.1,GCA_963573355.1,Trachypithecus auratus,Trachypithecus hatinhensis,Mammalia,3.3,,,,,0.0
8420,GCA_963574985.1,GCA_963573805.1,Trachypithecus vetulus,Trachypithecus pileatus,Mammalia,10.54606,,,,,
8421,GCA_963574985.1,GCA_963574075.1,Trachypithecus vetulus,Trachypithecus obscurus,Mammalia,10.54606,,,,,
8422,GCA_963574985.1,GCA_963573355.1,Trachypithecus vetulus,Trachypithecus hatinhensis,Mammalia,10.54606,,,,,
8423,GCA_963573805.1,GCA_963574075.1,Trachypithecus pileatus,Trachypithecus obscurus,Mammalia,5.9701,,,,,0.0
8424,GCA_963573805.1,GCA_963573355.1,Trachypithecus pileatus,Trachypithecus hatinhensis,Mammalia,5.9701,,,,,0.0
8425,GCA_963574075.1,GCA_963573355.1,Trachypithecus obscurus,Trachypithecus hatinhensis,Mammalia,3.3,,,,,0.0
8426,GCA_006410795.1,GCA_006410495.1,Tragelaphus strepsiceros,Tragelaphus scriptus,Mammalia,4.8911,,,,,3996274.28550126
8427,GCA_006410795.1,GCA_006410775.1,Tragelaphus strepsiceros,Tragelaphus imberbis,Mammalia,9.79225,,,,,887270.891493204
8428,GCA_006410795.1,GCA_006411685.1,Tragelaphus strepsiceros,Tragelaphus buxtoni,Mammalia,4.8911,,,,,6875.01291652277
8429,GCA_006410795.1,GCA_006416875.1,Tragelaphus strepsiceros,Tragelaphus oryx,Mammalia,4.37,,,,,4234057.96070581
8430,GCA_006410795.1,GCA_006411015.1,Tragelaphus strepsiceros,Tragelaphus spekii,Mammalia,4.8911,,,,,327967.375830186
8431,GCA_006410495.1,GCA_006410775.1,Tragelaphus scriptus,Tragelaphus imberbis,Mammalia,9.79225,,,,,644316.315204973
8432,GCA_006410495.1,GCA_006411685.1,Tragelaphus scriptus,Tragelaphus buxtoni,Mammalia,5.23118,,,,,6875.01291652277
8433,GCA_006410495.1,GCA_006416875.1,Tragelaphus scriptus,Tragelaphus oryx,Mammalia,4.8911,,,,,5013471.58980448
8434,GCA_006410495.1,GCA_006411015.1,Tragelaphus scriptus,Tragelaphus spekii,Mammalia,4.4598,,,,,2893133.09940032
8436,GCA_006410775.1,GCA_006416875.1,Tragelaphus imberbis,Tragelaphus oryx,Mammalia,9.79225,,,,,427221.503474556
8438,GCA_006411685.1,GCA_006416875.1,Tragelaphus buxtoni,Tragelaphus oryx,Mammalia,4.8911,,,,,0.0
8439,GCA_006411685.1,GCA_006411015.1,Tragelaphus buxtoni,Tragelaphus spekii,Mammalia,5.23118,,,,,0.0
8440,GCA_006416875.1,GCA_006411015.1,Tragelaphus oryx,Tragelaphus spekii,Mammalia,4.8911,,,,,1071663.66894227
8441,GCF_011100635.1,GCA_904811895.1,Trichosurus vulpecula,Trichosurus arnhemensis,Mammalia,7.4,,,,,
8443,GCF_001922835.1,GCA_003227395.1,Tursiops truncatus,Tursiops aduncus,Mammalia,2.247205,,,,,21766967.296258
8446,GCF_023065955.2,GCA_009660055.1,Ursus arctos,Ursus thibetanus,Mammalia,4.8794,,,,,1039730.56622266
8447,GCF_017311325.1,GCF_020975775.1,Ursus maritimus,Ursus americanus,Mammalia,4.8794,,,,,1370106.11689461
8448,GCF_017311325.1,GCA_009660055.1,Ursus maritimus,Ursus thibetanus,Mammalia,4.8794,,,,,0.0
8453,GCF_048418805.1,GCA_030463245.1,Vulpes vulpes,Vulpes corsac,Mammalia,2.43,,,,,8950176.98926674
8460,GCA_965212315.1,GCA_029874635.1,Lampetra planeri,Lampetra auremensis,Petromyzontida,2.97911,,,,,
8464,GCA_046270865.1,GCA_046270945.1,Acanthocercus annectans,Acanthocercus atricollis,Reptilia,27.58396,,,,,23.7588597028631
8471,GCF_035594765.1,GCA_043090665.1,Anolis carolinensis,Anolis tropidonotus,Reptilia,39.19721,,,,,0.0
8475,GCF_035594765.1,GCA_046270625.1,Anolis carolinensis,Anolis sericeus,Reptilia,39.19721,,,,,0.0
8477,GCF_037176765.1,GCA_043090665.1,Anolis sagrei,Anolis tropidonotus,Reptilia,36.32992,,,,,0.0
8481,GCF_037176765.1,GCA_046270625.1,Anolis sagrei,Anolis sericeus,Reptilia,36.32992,,,,,459.705030354227
8482,GCA_030556195.1,GCA_043090665.1,Anolis apletophallus,Anolis tropidonotus,Reptilia,19.7595,,,,,0.0
8486,GCA_030556195.1,GCA_046270625.1,Anolis apletophallus,Anolis sericeus,Reptilia,23.77017,,,,,0.0
8487,GCA_043090665.1,GCA_046269845.1,Anolis tropidonotus,Anolis lemurinus,Reptilia,19.7595,,,,,193663.103877531
8488,GCA_043090665.1,GCA_046270785.1,Anolis tropidonotus,Anolis planiceps,Reptilia,30.72345,,,,,0.0
8489,GCA_043090665.1,GCA_043090225.1,Anolis tropidonotus,Anolis rodriguezii,Reptilia,41.505465,,,,,186890.736989885
8490,GCA_043090665.1,GCA_046270625.1,Anolis tropidonotus,Anolis sericeus,Reptilia,23.77017,,,,,124489.790791259
8493,GCA_046269845.1,GCA_046270625.1,Anolis lemurinus,Anolis sericeus,Reptilia,23.77017,,,,,118322.322857833
8495,GCA_046270785.1,GCA_046270625.1,Anolis planiceps,Anolis sericeus,Reptilia,30.72345,,,,,0.0
8496,GCA_043090225.1,GCA_046270625.1,Anolis rodriguezii,Anolis sericeus,Reptilia,41.505465,,,,,175939.886861702
8507,GCA_018340635.1,GCA_034064705.1,Bothrops jararaca,Bothrops alternatus,Reptilia,12.069571,,,,,1016575.04440122
8511,GCA_046270685.1,GCA_034064705.1,Bothrops atrox,Bothrops alternatus,Reptilia,12.069571,,,,,0.0
8517,GCA_034064705.1,GCA_043380585.1,Bothrops alternatus,Bothrops cotiara,Reptilia,8.694124,,,,,221022.338413597
8518,GCA_034064705.1,GCA_043090695.1,Bothrops alternatus,Bothrops asper,Reptilia,12.069571,,,,,0.0
8531,GCA_039797435.1,GCA_044335425.1,Crotalus adamanteus,Crotalus simus,Reptilia,10.8675925,,,,,0.0
8538,GCA_001625485.2,GCA_044335425.1,Crotalus horridus,Crotalus simus,Reptilia,10.4708405,,,,,0.0
8545,GCA_044335425.1,GCF_016545835.1,Crotalus simus,Crotalus tigris,Reptilia,10.8675925,,,,,0.0
8546,GCA_044335425.1,GCA_041893435.1,Crotalus simus,Crotalus ruber,Reptilia,10.8675925,,,,,0.0
8547,GCA_044335425.1,GCA_047748255.1,Crotalus simus,Crotalus enyo,Reptilia,12.537385,,,,,0.0
8548,GCA_044335425.1,GCA_047292475.1,Crotalus simus,Crotalus mitchellii,Reptilia,10.8675925,,,,,0.0
8549,GCA_044335425.1,GCA_047748115.1,Crotalus simus,Crotalus aquilus,Reptilia,12.537385,,,,,0.0
8550,GCA_044335425.1,GCA_000737285.1,Crotalus simus,Crotalus pyrrhus,Reptilia,10.8675925,,,,,
8570,GCA_032766585.1,GCA_034642065.1,Darevskia unisexualis,Darevskia nairensis,Reptilia,10.0683,,,,,
8573,GCA_024498535.1,GCA_034642065.1,Darevskia valentini,Darevskia nairensis,Reptilia,19.36757,,,,,
8578,GCA_046270985.1,GCA_047404595.1,Dendrelaphis caudolineolatus,Dendrelaphis tristis,Reptilia,15.76503,,,,,1881.92676433257
8579,GCA_046270305.1,GCA_046270525.1,Dendrelaphis schokari,Dendrelaphis bifrenalis,Reptilia,23.86038,,,,,15239.349043953
8580,GCA_046270305.1,GCA_047404595.1,Dendrelaphis schokari,Dendrelaphis tristis,Reptilia,15.76503,,,,,6160.13194326556
8581,GCA_046270525.1,GCA_047404595.1,Dendrelaphis bifrenalis,Dendrelaphis tristis,Reptilia,15.76503,,,,,55054.7624285049
8587,GCA_019473425.1,GCA_033807585.1,Hydrophis cyanocinctus,Hydrophis major,Reptilia,4.1682095,,,,,505022.554174257
8588,GCA_019473425.1,GCA_019472885.1,Hydrophis cyanocinctus,Hydrophis curtus,Reptilia,4.1682095,,,,,5731395.19234723
8589,GCA_019473425.1,GCA_004320005.1,Hydrophis cyanocinctus,Hydrophis melanocephalus,Reptilia,1.2413345,,,,,379144.785260681
8590,GCA_019473425.1,GCA_033807725.1,Hydrophis cyanocinctus,Hydrophis elegans,Reptilia,5.8885915,,,,,1143607.84491124
8591,GCA_019473425.1,GCA_037055225.1,Hydrophis cyanocinctus,Hydrophis ornatus,Reptilia,4.1682095,,,,,5988122.1258994
8592,GCA_019473425.1,GCA_046269805.1,Hydrophis cyanocinctus,Hydrophis schistosus,Reptilia,4.1682095,,,,,4853729.3483927
8593,GCA_019473425.1,GCA_004023765.1,Hydrophis cyanocinctus,Hydrophis hardwickii,Reptilia,9.99877,,,,,
8594,GCA_033807585.1,GCA_019472885.1,Hydrophis major,Hydrophis curtus,Reptilia,5.0046,,,,,731435.539069714
8595,GCA_033807585.1,GCA_004320005.1,Hydrophis major,Hydrophis melanocephalus,Reptilia,4.1682095,,,,,0.0
8597,GCA_033807585.1,GCA_037055225.1,Hydrophis major,Hydrophis ornatus,Reptilia,3.895375,,,,,1086156.3396904
8598,GCA_033807585.1,GCA_046269805.1,Hydrophis major,Hydrophis schistosus,Reptilia,1.838952,,,,,562238.8301084
8599,GCA_033807585.1,GCA_004023765.1,Hydrophis major,Hydrophis hardwickii,Reptilia,9.99877,,,,,
8600,GCA_019472885.1,GCA_004320005.1,Hydrophis curtus,Hydrophis melanocephalus,Reptilia,4.1682095,,,,,190107.720663056
8601,GCA_019472885.1,GCA_033807725.1,Hydrophis curtus,Hydrophis elegans,Reptilia,5.8885915,,,,,1296167.49226888
8602,GCA_019472885.1,GCA_037055225.1,Hydrophis curtus,Hydrophis ornatus,Reptilia,5.0046,,,,,6018571.22435172
8603,GCA_019472885.1,GCA_046269805.1,Hydrophis curtus,Hydrophis schistosus,Reptilia,5.0046,,,,,5021846.16516091
8604,GCA_019472885.1,GCA_004023765.1,Hydrophis curtus,Hydrophis hardwickii,Reptilia,9.99877,,,,,
8605,GCA_004320005.1,GCA_033807725.1,Hydrophis melanocephalus,Hydrophis elegans,Reptilia,5.8885915,,,,,0.0
8608,GCA_004320005.1,GCA_004023765.1,Hydrophis melanocephalus,Hydrophis hardwickii,Reptilia,9.99877,,,,,
8609,GCA_033807725.1,GCA_037055225.1,Hydrophis elegans,Hydrophis ornatus,Reptilia,5.8885915,,,,,1592663.26060752
8610,GCA_033807725.1,GCA_046269805.1,Hydrophis elegans,Hydrophis schistosus,Reptilia,5.8885915,,,,,1192703.02479078
8611,GCA_033807725.1,GCA_004023765.1,Hydrophis elegans,Hydrophis hardwickii,Reptilia,9.99877,,,,,
8613,GCA_037055225.1,GCA_004023765.1,Hydrophis ornatus,Hydrophis hardwickii,Reptilia,9.99877,,,,,
8614,GCA_046269805.1,GCA_004023765.1,Hydrophis schistosus,Hydrophis hardwickii,Reptilia,9.99877,,,,,
8625,GCA_009733165.1,GCA_043090505.1,Naja naja,Naja haje,Reptilia,18.91191,,,,,0.0
8630,GCF_029531705.1,GCA_037575465.1,Pantherophis guttatus,Pantherophis spiloides,Reptilia,11.595444,,,,,381501.21957619
8632,GCF_029531705.1,GCA_030052795.1,Pantherophis guttatus,Pantherophis alleghaniensis,Reptilia,11.595444,,,,,466249.511418047
8633,GCF_029531705.1,GCA_012654085.1,Pantherophis guttatus,Pantherophis obsoletus,Reptilia,11.595444,,,,,11149.6060567079
8634,GCA_037575465.1,GCA_037215915.1,Pantherophis spiloides,Pantherophis vulpinus,Reptilia,11.595444,,,,,104060.193632308
8635,GCA_037575465.1,GCA_030052795.1,Pantherophis spiloides,Pantherophis alleghaniensis,Reptilia,1.886718,,,,,0.0001056568992494
8636,GCA_037575465.1,GCA_012654085.1,Pantherophis spiloides,Pantherophis obsoletus,Reptilia,8.18617,,,,,0.0
8637,GCA_037215915.1,GCA_030052795.1,Pantherophis vulpinus,Pantherophis alleghaniensis,Reptilia,11.595444,,,,,0.0
8639,GCA_030052795.1,GCA_012654085.1,Pantherophis alleghaniensis,Pantherophis obsoletus,Reptilia,8.18617,,,,,0.0
8643,GCA_023846285.1,GCA_029282475.1,Phrynocephalus versicolor,Phrynocephalus forsythii,Reptilia,22.507275,,,,,0.0
8645,GCA_029282475.1,GCA_037367255.1,Phrynocephalus forsythii,Phrynocephalus putjatai,Reptilia,11.42668,,,,,0.0
8649,GCA_964188175.1,GCA_951804945.1,Podarcis siculus,Podarcis cretensis,Reptilia,12.2,,,,,0.0
8650,GCA_964188175.1,GCA_964252035.1,Podarcis siculus,Podarcis erhardii,Reptilia,12.2,,,,,0.0
8652,GCA_964188175.1,GCA_964270895.1,Podarcis siculus,Podarcis filfolensis,Reptilia,14.959189,,,,,0.0
8655,GCA_964188175.1,GCA_964106915.2,Podarcis siculus,Podarcis gaigeae,Reptilia,12.2,,,,,0.0
8661,GCF_004329235.1,GCA_951804945.1,Podarcis muralis,Podarcis cretensis,Reptilia,12.2,,,,,0.0
8662,GCF_004329235.1,GCA_964252035.1,Podarcis muralis,Podarcis erhardii,Reptilia,12.2,,,,,145337.929397957
8664,GCF_004329235.1,GCA_964270895.1,Podarcis muralis,Podarcis filfolensis,Reptilia,14.959189,,,,,0.0
8667,GCF_004329235.1,GCA_964106915.2,Podarcis muralis,Podarcis gaigeae,Reptilia,12.2,,,,,0.0
8672,GCF_027172205.1,GCA_951804945.1,Podarcis raffonei,Podarcis cretensis,Reptilia,22.987275,,,,,0.0
8673,GCF_027172205.1,GCA_964252035.1,Podarcis raffonei,Podarcis erhardii,Reptilia,22.987275,,,,,0.0
8675,GCF_027172205.1,GCA_964270895.1,Podarcis raffonei,Podarcis filfolensis,Reptilia,12.2,,,,,0.0
8678,GCF_027172205.1,GCA_964106915.2,Podarcis raffonei,Podarcis gaigeae,Reptilia,22.987275,,,,,0.0
8683,GCA_951804945.1,GCA_964252035.1,Podarcis cretensis,Podarcis erhardii,Reptilia,10.612712,,,,,0.0
8684,GCA_951804945.1,GCA_964234825.1,Podarcis cretensis,Podarcis melisellensis,Reptilia,11.468099,,,,,0.0
8685,GCA_951804945.1,GCA_964270895.1,Podarcis cretensis,Podarcis filfolensis,Reptilia,12.2,,,,,0.0
8686,GCA_951804945.1,GCA_965113305.1,Podarcis cretensis,Podarcis vaucheri,Reptilia,15.946785,,,,,0.0
8688,GCA_951804945.1,GCA_964106915.2,Podarcis cretensis,Podarcis gaigeae,Reptilia,11.468099,,,,,0.0
8689,GCA_951804945.1,GCA_964188305.1,Podarcis cretensis,Podarcis bocagei,Reptilia,15.946785,,,,,0.0
8690,GCA_951804945.1,GCA_965153305.1,Podarcis cretensis,Podarcis tiliguerta,Reptilia,12.2,,,,,0.0
8691,GCA_951804945.1,GCA_964106635.2,Podarcis cretensis,Podarcis pityusensis,Reptilia,15.88003,,,,,0.0
8692,GCA_951804945.1,GCA_947686815.1,Podarcis cretensis,Podarcis lilfordi,Reptilia,15.88003,,,,,0.0
8693,GCA_964252035.1,GCA_964234825.1,Podarcis erhardii,Podarcis melisellensis,Reptilia,11.468099,,,,,0.0
8694,GCA_964252035.1,GCA_964270895.1,Podarcis erhardii,Podarcis filfolensis,Reptilia,12.2,,,,,0.0
8695,GCA_964252035.1,GCA_965113305.1,Podarcis erhardii,Podarcis vaucheri,Reptilia,15.946785,,,,,0.0
8696,GCA_964252035.1,GCA_965112155.1,Podarcis erhardii,Podarcis liolepis,Reptilia,15.946785,,,,,0.0
8697,GCA_964252035.1,GCA_964106915.2,Podarcis erhardii,Podarcis gaigeae,Reptilia,11.468099,,,,,0.0
8698,GCA_964252035.1,GCA_964188305.1,Podarcis erhardii,Podarcis bocagei,Reptilia,15.946785,,,,,0.0
8699,GCA_964252035.1,GCA_965153305.1,Podarcis erhardii,Podarcis tiliguerta,Reptilia,12.2,,,,,0.0
8700,GCA_964252035.1,GCA_964106635.2,Podarcis erhardii,Podarcis pityusensis,Reptilia,15.88003,,,,,0.0
8701,GCA_964252035.1,GCA_947686815.1,Podarcis erhardii,Podarcis lilfordi,Reptilia,15.88003,,,,,0.0
8702,GCA_964234825.1,GCA_964270895.1,Podarcis melisellensis,Podarcis filfolensis,Reptilia,12.2,,,,,0.0
8705,GCA_964234825.1,GCA_964106915.2,Podarcis melisellensis,Podarcis gaigeae,Reptilia,15.816565,,,,,0.0
8710,GCA_964270895.1,GCA_965113305.1,Podarcis filfolensis,Podarcis vaucheri,Reptilia,12.2,,,,,0.0
8711,GCA_964270895.1,GCA_965112155.1,Podarcis filfolensis,Podarcis liolepis,Reptilia,12.2,,,,,0.0
8712,GCA_964270895.1,GCA_964106915.2,Podarcis filfolensis,Podarcis gaigeae,Reptilia,12.2,,,,,0.0
8713,GCA_964270895.1,GCA_964188305.1,Podarcis filfolensis,Podarcis bocagei,Reptilia,12.2,,,,,0.0
8714,GCA_964270895.1,GCA_965153305.1,Podarcis filfolensis,Podarcis tiliguerta,Reptilia,12.131637,,,,,0.0
8715,GCA_964270895.1,GCA_964106635.2,Podarcis filfolensis,Podarcis pityusensis,Reptilia,12.2,,,,,0.0
8716,GCA_964270895.1,GCA_947686815.1,Podarcis filfolensis,Podarcis lilfordi,Reptilia,12.2,,,,,0.0
8718,GCA_965113305.1,GCA_964106915.2,Podarcis vaucheri,Podarcis gaigeae,Reptilia,15.946785,,,,,0.0
8723,GCA_965112155.1,GCA_964106915.2,Podarcis liolepis,Podarcis gaigeae,Reptilia,15.946785,,,,,0.0
8728,GCA_964106915.2,GCA_964188305.1,Podarcis gaigeae,Podarcis bocagei,Reptilia,15.946785,,,,,0.0
8729,GCA_964106915.2,GCA_965153305.1,Podarcis gaigeae,Podarcis tiliguerta,Reptilia,12.2,,,,,0.0
8730,GCA_964106915.2,GCA_964106635.2,Podarcis gaigeae,Podarcis pityusensis,Reptilia,11.468099,,,,,0.0
8731,GCA_964106915.2,GCA_947686815.1,Podarcis gaigeae,Podarcis lilfordi,Reptilia,11.468099,,,,,0.0
8751,GCF_001077635.1,GCA_046269945.1,Thamnophis sirtalis,Thamnophis saurita,Reptilia,7.567145,,,,,1406444.46347943
8759,GCA_042902895.1,GCA_043111265.1,Trioceros balebicornutus,Trioceros affinis,Reptilia,18.20314,,,,,1153.57783614127
8760,GCA_050042745.1,GCF_004798865.1,Varanus acanthurus,Varanus komodoensis,Reptilia,28.0104,,,,,0.0
8762,GCA_050042745.1,GCA_043656425.1,Varanus acanthurus,Varanus albigularis,Reptilia,39.9497,,,,,0.0
8763,GCA_050042745.1,GCA_047404615.1,Varanus acanthurus,Varanus macraei,Reptilia,29.204675,,,,,0.0
8764,GCF_004798865.1,GCA_044628595.1,Varanus komodoensis,Varanus niloticus,Reptilia,39.9497,,,,,0.0
8765,GCF_004798865.1,GCA_043656425.1,Varanus komodoensis,Varanus albigularis,Reptilia,39.9497,,,,,0.0
8766,GCF_004798865.1,GCA_047404615.1,Varanus komodoensis,Varanus macraei,Reptilia,29.204675,,,,,0.0
8767,GCA_044628595.1,GCA_043656425.1,Varanus niloticus,Varanus albigularis,Reptilia,25.37981,,,,,7943124.86011989
8769,GCA_043656425.1,GCA_047404615.1,Varanus albigularis,Varanus macraei,Reptilia,39.9497,,,,,0.0
8778,GCA_034641395.1,GCA_034642065.1,Darevskia armeniaca,Darevskia nairensis,Reptilia,10.0683,,,,,
8783,GCF_017639745.1,GCA_026261665.1,Melanotaenia boesemani,Melanotaenia duboulayi,Actinopterygii,20.33292,,,,,
8784,GCF_017639745.1,GCA_036025615.1,Melanotaenia boesemani,Melanotaenia fluviatilis,Actinopterygii,20.33292,,,,,
8785,GCF_017639745.1,GCA_037177455.1,Melanotaenia boesemani,Melanotaenia splendida,Actinopterygii,20.33292,,,,,
8786,GCF_017639745.1,GCA_036919975.1,Melanotaenia boesemani,Melanotaenia parkinsoni,Actinopterygii,20.33292,,,,,
8787,GCF_017639745.1,GCA_037177175.1,Melanotaenia boesemani,Melanotaenia australis,Actinopterygii,20.33292,,,,,
8788,GCF_017639745.1,GCA_037177355.1,Melanotaenia boesemani,Melanotaenia trifasciata,Actinopterygii,20.33292,,,,,
8789,GCF_017639745.1,GCA_036919955.1,Melanotaenia boesemani,Melanotaenia pygmaea,Actinopterygii,20.33292,,,,,
8790,GCF_017639745.1,GCA_037177255.1,Melanotaenia boesemani,Melanotaenia maccullochi,Actinopterygii,20.33292,,,,,
8791,GCF_017639745.1,GCA_037177435.1,Melanotaenia boesemani,Melanotaenia nigrans,Actinopterygii,20.33292,,,,,
8792,GCF_017639745.1,GCA_037177155.1,Melanotaenia boesemani,Melanotaenia catherinae,Actinopterygii,12.475875,,,,,
8793,GCF_017639745.1,GCA_036919915.1,Melanotaenia boesemani,Melanotaenia monticola,Actinopterygii,20.33292,,,,,
8794,GCF_017639745.1,GCA_028567035.1,Melanotaenia boesemani,Melanotaenia mubiensis,Actinopterygii,20.33292,,,,,
8795,GCF_017639745.1,GCA_036919935.1,Melanotaenia boesemani,Melanotaenia affinis,Actinopterygii,20.33292,,,,,
8796,GCF_017639745.1,GCA_037177135.1,Melanotaenia boesemani,Melanotaenia caerulea,Actinopterygii,20.33292,,,,,
8797,GCF_017639745.1,GCA_037177195.1,Melanotaenia boesemani,Melanotaenia eachamensis,Actinopterygii,20.33292,,,,,
8798,GCF_017639745.1,GCA_041107655.1,Melanotaenia boesemani,Melanotaenia goldiei,Actinopterygii,20.33292,,,,,
8799,GCF_017639745.1,GCA_037177475.1,Melanotaenia boesemani,Melanotaenia vanheurni,Actinopterygii,20.33292,,,,,
8800,GCF_017639745.1,GCA_037177375.1,Melanotaenia boesemani,Melanotaenia kokasensis,Actinopterygii,24.95534,,,,,
8806,GCF_000147115.1,GCA_035771395.1,Myotis lucifugus,Myotis vivesi,Mammalia,9.084926,,,,,0.0
8807,GCF_000147115.1,GCA_036250175.1,Myotis lucifugus,Myotis planiceps,Mammalia,5.9,,,,,0.0
